Shipment_ID,Origin,Destination,Transport_Mode,Cargo_Type,Weight_KG,Volume_CBM,Distance_KM,Container_Type,Fuel_Price,Season,Carrier,Transit_Days,Actual_Freight_Price_INR
SHP00001,Chennai,Colombo,Air,Furniture,507,2.17,950,AIR_CARGO,93.94,Off_Peak,Carrier_D,3,59141
SHP00002,Pune,Jebel Ali,Road,Chemicals,11430,30.27,11836,20FT,113.67,Peak,Carrier_D,27,329828
SHP00003,Mumbai,Rotterdam,Road,Chemicals,2642,8.62,9778,40FT_HC,113.65,Peak,Carrier_E,23,310058
SHP00004,Kolkata,Antwerp,Road,Solar Panels,4321,18.06,8310,40FT_HC,98.66,Normal,Carrier_E,20,200448
SHP00005,Delhi,Colombo,Sea,General Cargo,4163,17.43,5808,LCL,86.75,Normal,Carrier_E,16,46671
SHP00006,Cochin,Colombo,Sea,Electronics,7050,22.13,12116,LCL,114.56,Normal,Carrier_D,26,122354
SHP00007,Bengaluru,Dubai,Road,General Cargo,5550,15.09,3217,40FT_HC,82.24,Off_Peak,Carrier_C,9,79042
SHP00008,Hyderabad,London,Road,Furniture,9860,28.47,6975,40FT,93.96,Peak,Carrier_E,17,206996
SHP00009,Delhi,Antwerp,Air,Automotive Parts,2470,10.22,10355,AIR_CARGO,107.58,Peak,Carrier_D,11,846750
SHP00010,Visakhapatnam,New York,Air,Textiles,4836,21.84,4227,AIR_CARGO,80.83,Normal,Carrier_E,6,373409
SHP00011,Pune,Jebel Ali,Air,Pharmaceuticals,3953,20.53,7683,AIR_CARGO,95.38,Peak,Carrier_D,9,824976
SHP00012,Ahmedabad,Los Angeles,Sea,General Cargo,11262,27.45,5383,20FT,86.28,Normal,Carrier_B,15,88831
SHP00013,Delhi,Los Angeles,Road,Food Products,7724,23.59,7292,20FT,94.2,Normal,Carrier_A,17,134178
SHP00014,Cochin,London,Air,Solar Panels,4050,19.14,4648,AIR_CARGO,83.21,Normal,Carrier_A,7,442715
SHP00015,Bengaluru,London,Road,Automotive Parts,5008,15.95,10096,LCL,95.87,Normal,Carrier_D,24,118080
SHP00016,Hyderabad,Antwerp,Air,Electronics,3382,13.97,11106,AIR_CARGO,109.24,Normal,Carrier_D,12,845036
SHP00017,Ahmedabad,Dubai,Road,Electronics,7917,20.93,1829,40FT_HC,91.55,Peak,Carrier_B,7,122344
SHP00018,Cochin,Singapore,Sea,Textiles,24794,45.44,4351,40FT_HC,80.37,Peak,Carrier_B,12,231760
SHP00019,Ahmedabad,New York,Sea,Furniture,4409,15.66,4427,LCL,82.32,Peak,Carrier_C,13,47503
SHP00020,Mumbai,Hamburg,Sea,Furniture,5382,14.55,10596,20FT,98.69,Off_Peak,Carrier_D,25,92499
SHP00021,Cochin,Jebel Ali,Air,Solar Panels,4447,22.74,11965,AIR_CARGO,114.63,Normal,Carrier_A,13,991769
SHP00022,Ahmedabad,New York,Road,Chemicals,9067,27.54,5872,20FT,87.83,Off_Peak,Carrier_E,15,115641
SHP00023,Delhi,Singapore,Sea,Food Products,9949,18.4,4054,20FT,84.74,Off_Peak,Carrier_D,12,61675
SHP00024,Visakhapatnam,Los Angeles,Air,Machinery,4540,20.81,11898,AIR_CARGO,112.85,Normal,Carrier_D,13,869309
SHP00025,Cochin,Singapore,Sea,Food Products,25280,46.66,7485,40FT,95.5,Off_Peak,Carrier_B,19,195891
SHP00026,Kolkata,Dubai,Sea,Electronics,6599,13.82,8488,20FT,100.57,Peak,Carrier_B,21,130459
SHP00027,Delhi,Jebel Ali,Sea,Textiles,10973,22.57,10959,20FT,110.04,Normal,Carrier_E,26,136097
SHP00028,Delhi,Rotterdam,Road,Chemicals,7297,20.66,6973,40FT,75.96,Peak,Carrier_E,17,197017
SHP00029,Bengaluru,New York,Sea,Chemicals,12752,31.14,14604,40FT_HC,85.44,Normal,Carrier_A,31,285220
SHP00030,Cochin,Jebel Ali,Air,Pharmaceuticals,4161,21.57,12247,AIR_CARGO,114.57,Off_Peak,Carrier_A,13,1038589
SHP00031,Delhi,Shanghai,Air,Food Products,2264,9.81,4599,AIR_CARGO,81.52,Peak,Carrier_E,7,325986
SHP00032,Hyderabad,Dubai,Sea,Furniture,18495,35.51,2815,40FT,102.85,Off_Peak,Carrier_B,10,122987
SHP00033,Ahmedabad,Singapore,Road,Machinery,8339,21.5,9126,40FT,102.61,Peak,Carrier_B,22,255941
SHP00034,Pune,Antwerp,Sea,Automotive Parts,21177,48.56,8734,40FT_HC,101.74,Peak,Carrier_C,20,317994
SHP00035,Delhi,London,Road,General Cargo,7425,21.92,6800,LCL,81.14,Peak,Carrier_E,17,92417
SHP00036,Chennai,Singapore,Road,Machinery,931,2.44,3215,40FT_HC,104.31,Off_Peak,Carrier_C,10,58773
SHP00037,Hyderabad,New York,Air,General Cargo,3202,14.49,6367,AIR_CARGO,89.27,Peak,Carrier_A,8,536451
SHP00038,Hyderabad,Jebel Ali,Air,Chemicals,3366,17.27,2694,AIR_CARGO,106.72,Peak,Carrier_B,5,446432
SHP00039,Mumbai,Rotterdam,Sea,Machinery,8139,18.18,10217,40FT_HC,90.22,Off_Peak,Carrier_A,24,144432
SHP00040,Bengaluru,Hamburg,Road,Automotive Parts,5676,17.08,11593,20FT,113.01,Off_Peak,Carrier_A,26,191033
SHP00041,Chennai,Antwerp,Air,Food Products,533,2.19,12175,AIR_CARGO,114.76,Peak,Carrier_C,13,812291
SHP00042,Hyderabad,London,Sea,General Cargo,19969,41.39,5384,40FT_HC,84.73,Normal,Carrier_C,15,185456
SHP00043,Mumbai,London,Road,Textiles,3402,12.3,9851,20FT,113.41,Peak,Carrier_E,24,183984
SHP00044,Bengaluru,Shanghai,Road,Chemicals,5644,19.95,5133,LCL,84.1,Normal,Carrier_E,13,76129
SHP00045,Cochin,Jebel Ali,Sea,General Cargo,16651,32.56,7799,20FT,95.34,Normal,Carrier_C,19,129551
SHP00046,Kolkata,New York,Road,Electronics,3761,14.53,14986,40FT_HC,100.66,Off_Peak,Carrier_B,34,309919
SHP00047,Bengaluru,Rotterdam,Sea,Textiles,2936,8.65,10785,LCL,83.72,Peak,Carrier_E,25,73693
SHP00048,Mumbai,Hamburg,Air,Chemicals,939,4.5,10585,AIR_CARGO,90.93,Peak,Carrier_D,12,719572
SHP00049,Mumbai,Singapore,Air,Pharmaceuticals,1039,5.62,4208,AIR_CARGO,99.77,Normal,Carrier_B,6,321528
SHP00050,Mumbai,Los Angeles,Air,Solar Panels,902,4.11,14418,AIR_CARGO,75.68,Normal,Carrier_E,15,610873
SHP00051,Cochin,Busan,Road,Automotive Parts,12784,39.89,3272,LCL,76.23,Off_Peak,Carrier_C,10,70932
SHP00052,Cochin,Dubai,Air,Chemicals,4386,23.25,5586,AIR_CARGO,85.86,Peak,Carrier_A,7,691888
SHP00053,Pune,Rotterdam,Air,Chemicals,3999,19.83,8562,AIR_CARGO,100.36,Normal,Carrier_C,10,726340
SHP00054,Ahmedabad,New York,Sea,Textiles,18125,40.78,5053,40FT_HC,83.26,Off_Peak,Carrier_C,15,150557
SHP00055,Delhi,Singapore,Sea,Machinery,14174,25.82,4169,40FT_HC,97.1,Off_Peak,Carrier_D,13,115365
SHP00056,Bengaluru,Busan,Air,Furniture,1936,7.88,9999,AIR_CARGO,104.84,Peak,Carrier_A,11,729790
SHP00057,Pune,New York,Road,Electronics,11576,33.77,13155,20FT,107.55,Normal,Carrier_D,30,274202
SHP00058,Bengaluru,Jebel Ali,Air,Solar Panels,1857,9.47,10608,AIR_CARGO,108.91,Peak,Carrier_C,12,851709
SHP00059,Pune,Colombo,Sea,Machinery,16370,38.82,7434,20FT,93.99,Peak,Carrier_C,19,155783
SHP00060,Bengaluru,Colombo,Road,Machinery,5843,20.61,8218,40FT_HC,99.24,Peak,Carrier_D,20,231586
SHP00061,Delhi,Busan,Road,Pharmaceuticals,7705,27.26,10702,40FT_HC,110.53,Off_Peak,Carrier_A,24,328144
SHP00062,Ahmedabad,Singapore,Sea,Furniture,16471,30.05,11510,40FT,111.01,Peak,Carrier_E,27,257878
SHP00063,Visakhapatnam,Los Angeles,Sea,Textiles,19477,42,12114,20FT,114.05,Off_Peak,Carrier_C,27,172271
SHP00064,Delhi,New York,Sea,Automotive Parts,3723,14.22,12297,LCL,84.34,Normal,Carrier_B,27,81874
SHP00065,Kolkata,Los Angeles,Road,Furniture,4981,17.07,6409,40FT_HC,90.21,Normal,Carrier_C,17,148136
SHP00066,Bengaluru,Rotterdam,Sea,Food Products,13088,27.6,11304,40FT_HC,89.73,Off_Peak,Carrier_D,26,173469
SHP00067,Hyderabad,Jebel Ali,Sea,Automotive Parts,13178,26.1,2762,20FT,90.29,Peak,Carrier_C,11,99511
SHP00068,Chennai,Los Angeles,Air,Automotive Parts,222,1.02,16502,AIR_CARGO,90.68,Off_Peak,Carrier_B,16,692610
SHP00069,Kolkata,Rotterdam,Sea,Textiles,11048,24.05,11435,40FT_HC,91.5,Off_Peak,Carrier_C,26,164193
SHP00070,Hyderabad,London,Road,General Cargo,10589,30.39,12276,40FT_HC,114.56,Off_Peak,Carrier_A,28,307483
SHP00071,Ahmedabad,London,Road,Electronics,8587,24.89,9240,40FT_HC,103.51,Off_Peak,Carrier_A,22,248869
SHP00072,Chennai,Shanghai,Road,Solar Panels,852,7.9,5422,40FT_HC,78,Off_Peak,Carrier_E,14,83629
SHP00073,Hyderabad,Shanghai,Air,Chemicals,3293,14.47,5359,AIR_CARGO,83.23,Normal,Carrier_A,7,467628
SHP00074,Mumbai,Los Angeles,Road,Machinery,3264,12.73,15066,20FT,99.4,Peak,Carrier_A,34,257472
SHP00075,Kolkata,Los Angeles,Air,Automotive Parts,1278,5.9,10083,AIR_CARGO,107.29,Off_Peak,Carrier_E,11,517279
SHP00076,Bengaluru,Jebel Ali,Air,Automotive Parts,1755,8.95,6226,AIR_CARGO,90.38,Normal,Carrier_E,8,367297
SHP00077,Hyderabad,Antwerp,Air,Pharmaceuticals,3377,13.98,5265,AIR_CARGO,85.63,Off_Peak,Carrier_D,7,417792
SHP00078,Bengaluru,Antwerp,Air,Electronics,1987,8.16,11487,AIR_CARGO,110.59,Peak,Carrier_B,13,945807
SHP00079,Visakhapatnam,Busan,Sea,Furniture,26236,58.83,4653,40FT_HC,81.67,Normal,Carrier_B,13,218279
SHP00080,Cochin,London,Road,Food Products,12459,34.49,11558,40FT_HC,113.4,Normal,Carrier_A,27,348882
SHP00081,Chennai,Singapore,Sea,Machinery,6255,11.81,3339,40FT,75.42,Off_Peak,Carrier_E,11,52192
SHP00082,Delhi,Rotterdam,Air,Textiles,2100,10.47,7439,AIR_CARGO,103.88,Normal,Carrier_B,9,473582
SHP00083,Cochin,Singapore,Sea,Electronics,23407,43.08,6053,40FT_HC,89.53,Off_Peak,Carrier_C,15,209629
SHP00084,Cochin,Colombo,Sea,Textiles,23503,52.06,6208,40FT_HC,88.95,Off_Peak,Carrier_D,15,196709
SHP00085,Mumbai,Hamburg,Sea,Pharmaceuticals,1397,7.42,10273,LCL,77.61,Peak,Carrier_E,23,78591
SHP00086,Hyderabad,Jebel Ali,Sea,Machinery,19370,37.92,2745,40FT,80.85,Peak,Carrier_C,9,167797
SHP00087,Hyderabad,Los Angeles,Air,Solar Panels,3390,15.71,15394,AIR_CARGO,93.82,Peak,Carrier_E,16,1099799
SHP00088,Visakhapatnam,Colombo,Sea,General Cargo,19754,44.92,7299,20FT,94,Off_Peak,Carrier_A,18,135053
SHP00089,Ahmedabad,London,Road,Automotive Parts,8280,24.68,10377,20FT,106.2,Off_Peak,Carrier_A,25,179247
SHP00090,Cochin,New York,Sea,Electronics,16475,37.08,10401,20FT,108.18,Off_Peak,Carrier_B,24,166083
SHP00091,Kolkata,Singapore,Air,Solar Panels,1127,6.07,2633,AIR_CARGO,107.73,Peak,Carrier_C,5,257133
SHP00092,Kolkata,Colombo,Air,Machinery,1416,6.01,2002,AIR_CARGO,114.35,Peak,Carrier_D,4,208717
SHP00093,Pune,Singapore,Sea,Food Products,15484,28.46,4542,20FT,81.31,Off_Peak,Carrier_A,14,87088
SHP00094,Kolkata,Colombo,Road,General Cargo,3761,15.42,1954,20FT,91.49,Normal,Carrier_E,7,44213
SHP00095,Cochin,Rotterdam,Road,General Cargo,13356,36.02,6440,20FT,89.15,Peak,Carrier_B,16,165250
SHP00096,Bengaluru,Dubai,Road,Electronics,5711,15.22,3200,40FT_HC,81.5,Peak,Carrier_A,10,128054
SHP00097,Delhi,Rotterdam,Road,Chemicals,7649,21.28,7190,40FT_HC,85.08,Normal,Carrier_C,18,204896
SHP00098,Hyderabad,Hamburg,Road,Textiles,9398,26.18,2978,40FT,75.39,Off_Peak,Carrier_E,9,88631
SHP00099,Bengaluru,New York,Air,Chemicals,1936,8.61,14139,AIR_CARGO,107.73,Off_Peak,Carrier_E,14,830301
SHP00100,Mumbai,Hamburg,Road,Furniture,3047,10.74,10162,40FT_HC,78.77,Off_Peak,Carrier_B,23,148267
SHP00101,Kolkata,Jebel Ali,Road,General Cargo,4338,12.48,8869,40FT,102.84,Off_Peak,Carrier_C,21,161881
SHP00102,Kolkata,Los Angeles,Air,Furniture,1140,5.21,6192,AIR_CARGO,90.38,Off_Peak,Carrier_C,8,282345
SHP00103,Pune,Busan,Sea,Electronics,22081,52.08,8273,40FT_HC,100.3,Normal,Carrier_D,20,286867
SHP00104,Ahmedabad,Rotterdam,Sea,Machinery,12357,26.43,9183,20FT,87.95,Normal,Carrier_B,22,117096
SHP00105,Cochin,London,Road,Automotive Parts,13267,36.83,11674,LCL,112.18,Normal,Carrier_B,27,188787
SHP00106,Chennai,London,Air,Electronics,325,1.53,11006,AIR_CARGO,114.49,Normal,Carrier_C,12,699893
SHP00107,Pune,Colombo,Sea,Automotive Parts,16066,38.43,3807,20FT,78.35,Normal,Carrier_C,13,109796
SHP00108,Kolkata,Busan,Air,Solar Panels,1147,4.64,4205,AIR_CARGO,80.22,Peak,Carrier_D,6,288278
SHP00109,Ahmedabad,Singapore,Sea,Electronics,4430,8.69,9259,LCL,101.48,Off_Peak,Carrier_E,21,65500
SHP00110,Mumbai,Rotterdam,Road,Solar Panels,2247,8.15,9538,LCL,103.1,Normal,Carrier_B,22,115155
SHP00111,Pune,Rotterdam,Sea,Solar Panels,5959,13.98,4515,LCL,80.87,Peak,Carrier_D,13,55800
SHP00112,Ahmedabad,Dubai,Road,Solar Panels,8383,22.18,1741,40FT_HC,109.2,Off_Peak,Carrier_E,6,90332
SHP00113,Delhi,Colombo,Sea,Textiles,13960,34.41,10558,40FT,110.24,Peak,Carrier_B,24,251366
SHP00114,Pune,Dubai,Air,Chemicals,3767,19.94,2023,AIR_CARGO,84.13,Normal,Carrier_D,4,326374
SHP00115,Chennai,Hamburg,Road,General Cargo,1784,7.16,11750,40FT_HC,88.76,Normal,Carrier_E,27,197502
SHP00116,Bengaluru,Shanghai,Sea,Automotive Parts,11420,29.15,6278,40FT_HC,89.5,Peak,Carrier_D,16,183321
SHP00117,Bengaluru,London,Air,Machinery,2043,9.51,10684,AIR_CARGO,104.93,Off_Peak,Carrier_B,12,547755
SHP00118,Visakhapatnam,Rotterdam,Road,Furniture,14246,38.02,7210,LCL,94.1,Peak,Carrier_D,17,143265
SHP00119,Ahmedabad,Busan,Air,Textiles,2777,11.37,6447,AIR_CARGO,91.37,Peak,Carrier_A,8,504766
SHP00120,Ahmedabad,Colombo,Road,General Cargo,9063,29.25,2000,40FT_HC,96.07,Normal,Carrier_C,8,109291
SHP00121,Ahmedabad,Antwerp,Sea,Automotive Parts,4949,19.73,8286,LCL,97.84,Peak,Carrier_D,21,90134
SHP00122,Delhi,Hamburg,Air,Machinery,2272,10.96,5578,AIR_CARGO,87.65,Peak,Carrier_C,8,405769
SHP00123,Pune,Colombo,Air,General Cargo,3798,16.26,6308,AIR_CARGO,90.94,Peak,Carrier_D,8,532372
SHP00124,Mumbai,Rotterdam,Road,Machinery,3395,10.77,9666,40FT_HC,93.93,Peak,Carrier_B,23,230035
SHP00125,Cochin,Singapore,Road,Automotive Parts,12712,31.86,10180,20FT,108.76,Off_Peak,Carrier_E,23,180093
SHP00126,Ahmedabad,Rotterdam,Road,Solar Panels,9078,25.26,9383,20FT,77.81,Off_Peak,Carrier_D,22,133879
SHP00127,Bengaluru,Rotterdam,Sea,Solar Panels,7463,16.91,11158,20FT,78.62,Peak,Carrier_A,25,144756
SHP00128,Chennai,Rotterdam,Sea,Electronics,5895,14.27,10688,40FT,101.41,Off_Peak,Carrier_C,25,152640
SHP00129,Delhi,Rotterdam,Road,Food Products,7404,20.66,7143,40FT,91.41,Normal,Carrier_D,17,160754
SHP00130,Visakhapatnam,Singapore,Air,Food Products,4651,25.78,5105,AIR_CARGO,84.08,Normal,Carrier_A,7,456601
SHP00131,Chennai,Singapore,Air,Electronics,209,1.16,3434,AIR_CARGO,100.59,Normal,Carrier_E,6,188139
SHP00132,Ahmedabad,Antwerp,Sea,Chemicals,17122,41.41,3597,40FT,78.28,Peak,Carrier_B,11,204903
SHP00133,Kolkata,Los Angeles,Road,Textiles,4207,14.94,3856,40FT_HC,79.04,Peak,Carrier_A,11,112572
SHP00134,Chennai,Los Angeles,Road,General Cargo,932,6.33,15135,40FT_HC,112.41,Peak,Carrier_D,34,387917
SHP00135,Kolkata,Antwerp,Road,Pharmaceuticals,4746,19.12,9316,LCL,105.21,Peak,Carrier_C,22,177395
SHP00136,Bengaluru,London,Air,Solar Panels,2080,9.82,10292,AIR_CARGO,85.14,Peak,Carrier_D,11,701013
SHP00137,Visakhapatnam,Antwerp,Road,General Cargo,14769,44.14,9175,40FT_HC,101.29,Normal,Carrier_E,22,266105
SHP00138,Visakhapatnam,Dubai,Sea,Furniture,7494,15.43,8325,LCL,98.48,Peak,Carrier_D,19,87856
SHP00139,Visakhapatnam,Hamburg,Air,Automotive Parts,4522,21.79,6409,AIR_CARGO,88.97,Normal,Carrier_C,8,539085
SHP00140,Pune,Los Angeles,Sea,Food Products,15824,35.21,11074,20FT,108.88,Off_Peak,Carrier_A,26,153321
SHP00141,Pune,Jebel Ali,Sea,Textiles,22772,44.11,8742,40FT,100.69,Off_Peak,Carrier_C,21,201546
SHP00142,Kolkata,Singapore,Road,Food Products,3940,10.3,2523,40FT_HC,99.36,Peak,Carrier_B,9,88397
SHP00143,Kolkata,New York,Road,Electronics,4158,15.35,15026,20FT,83.32,Normal,Carrier_D,33,206527
SHP00144,Chennai,Singapore,Road,General Cargo,1549,4.51,3319,20FT,95.65,Off_Peak,Carrier_E,10,40768
SHP00145,Kolkata,Shanghai,Sea,Solar Panels,2539,13.43,4803,LCL,91.83,Normal,Carrier_B,13,43359
SHP00146,Chennai,Los Angeles,Road,Solar Panels,934,6.89,16385,20FT,108.33,Peak,Carrier_D,36,310880
SHP00147,Hyderabad,Singapore,Air,Solar Panels,3258,17.73,3966,AIR_CARGO,110.02,Normal,Carrier_E,6,402063
SHP00148,Pune,Antwerp,Road,Automotive Parts,10744,34.14,5564,20FT,86.45,Peak,Carrier_D,15,153364
SHP00149,Hyderabad,Shanghai,Air,Solar Panels,3509,15.27,5181,AIR_CARGO,108.84,Off_Peak,Carrier_C,7,431871
SHP00150,Visakhapatnam,Rotterdam,Road,Automotive Parts,14439,38.43,8297,LCL,98.39,Normal,Carrier_A,20,148189
SHP00151,Ahmedabad,Los Angeles,Sea,Automotive Parts,4258,14.12,8001,LCL,97.16,Off_Peak,Carrier_C,20,58510
SHP00152,Visakhapatnam,Antwerp,Sea,Machinery,26194,57.95,7806,40FT_HC,97.29,Off_Peak,Carrier_A,19,241585
SHP00153,Kolkata,Dubai,Air,Food Products,1342,7.12,7212,AIR_CARGO,92.77,Off_Peak,Carrier_C,8,340358
SHP00154,Mumbai,Hamburg,Road,Electronics,2476,9.51,9852,40FT,101.55,Peak,Carrier_B,23,261624
SHP00155,Bengaluru,Singapore,Sea,Furniture,11602,21.54,3533,40FT_HC,101.28,Peak,Carrier_B,11,138079
SHP00156,Bengaluru,Rotterdam,Road,Automotive Parts,5778,16.95,11178,20FT,107.56,Off_Peak,Carrier_D,26,171415
SHP00157,Cochin,Busan,Road,Automotive Parts,12343,38.25,8107,LCL,97.79,Normal,Carrier_A,20,139312
SHP00158,Delhi,New York,Road,General Cargo,7568,24.21,11859,20FT,110.88,Off_Peak,Carrier_B,27,178312
SHP00159,Chennai,Antwerp,Sea,General Cargo,4600,19.3,9151,40FT_HC,101.8,Normal,Carrier_A,23,148972
SHP00160,Chennai,Busan,Sea,Solar Panels,5681,22.06,4236,40FT,81.03,Off_Peak,Carrier_B,13,79013
SHP00161,Ahmedabad,Antwerp,Sea,Automotive Parts,12025,32.58,4495,20FT,82.1,Peak,Carrier_C,14,115809
SHP00162,Kolkata,London,Sea,Machinery,6323,16.98,11004,20FT,92.36,Normal,Carrier_B,25,108897
SHP00163,Hyderabad,Busan,Air,Electronics,3513,14.25,10676,AIR_CARGO,109.41,Off_Peak,Carrier_E,12,701547
SHP00164,Delhi,Singapore,Road,Automotive Parts,6533,16.94,4215,40FT,93.89,Off_Peak,Carrier_C,12,103086
SHP00165,Kolkata,Antwerp,Sea,Chemicals,9635,27.71,6772,40FT_HC,93.23,Normal,Carrier_D,18,172615
SHP00166,Bengaluru,Shanghai,Sea,Solar Panels,7549,22.41,4535,20FT,81.34,Peak,Carrier_B,13,91372
SHP00167,Chennai,Singapore,Sea,Electronics,5470,10.1,3217,40FT_HC,80.94,Normal,Carrier_D,10,71411
SHP00168,Delhi,Shanghai,Sea,Electronics,4163,16.21,4816,LCL,110.69,Normal,Carrier_D,14,57498
SHP00169,Ahmedabad,Busan,Air,Machinery,2669,10.69,9672,AIR_CARGO,104.5,Peak,Carrier_D,11,721738
SHP00170,Ahmedabad,Antwerp,Road,Solar Panels,8149,27.43,8834,40FT_HC,100.75,Normal,Carrier_A,21,268964
SHP00171,Kolkata,Los Angeles,Road,General Cargo,4071,14.56,7787,20FT,97.45,Normal,Carrier_A,19,122282
SHP00172,Ahmedabad,London,Road,Pharmaceuticals,9129,26.75,10260,40FT_HC,108.95,Peak,Carrier_B,23,417095
SHP00173,Ahmedabad,Busan,Air,Electronics,2984,11.94,11214,AIR_CARGO,113.63,Peak,Carrier_C,12,1019305
SHP00174,Ahmedabad,Singapore,Air,Furniture,2830,15.28,6434,AIR_CARGO,89.99,Peak,Carrier_D,8,501190
SHP00175,Cochin,New York,Sea,Textiles,24242,52.02,4454,40FT_HC,80.89,Peak,Carrier_B,12,240145
SHP00176,Ahmedabad,Hamburg,Road,Textiles,8888,25.34,8036,40FT_HC,97.9,Off_Peak,Carrier_D,19,181607
SHP00177,Bengaluru,London,Air,Food Products,1679,8,10546,AIR_CARGO,97.84,Off_Peak,Carrier_A,12,511653
SHP00178,Ahmedabad,Antwerp,Road,Chemicals,8013,27.11,11160,20FT,112.27,Peak,Carrier_A,26,301037
SHP00179,Delhi,Hamburg,Air,Furniture,2144,10.52,10709,AIR_CARGO,107.24,Off_Peak,Carrier_B,12,571654
SHP00180,Visakhapatnam,Rotterdam,Air,Solar Panels,4738,23.45,3703,AIR_CARGO,78.18,Peak,Carrier_A,5,522556
SHP00181,Pune,Jebel Ali,Road,General Cargo,11070,29.67,7204,40FT_HC,94.51,Off_Peak,Carrier_A,18,187944
SHP00182,Chennai,Colombo,Road,Food Products,1912,11.37,929,LCL,112.28,Peak,Carrier_D,5,24891
SHP00183,Mumbai,Shanghai,Sea,Machinery,7740,22.61,6492,40FT_HC,79.31,Peak,Carrier_E,16,131784
SHP00184,Hyderabad,Colombo,Road,Food Products,10059,31.65,9672,40FT_HC,106.19,Peak,Carrier_C,23,323336
SHP00185,Pune,Jebel Ali,Sea,Chemicals,22336,42.9,6026,40FT_HC,89.35,Peak,Carrier_C,16,302337
SHP00186,Ahmedabad,Dubai,Sea,Solar Panels,18348,35.06,1698,40FT,78.72,Off_Peak,Carrier_B,7,120933
SHP00187,Mumbai,Shanghai,Road,General Cargo,3447,14.24,6470,40FT_HC,103.3,Peak,Carrier_D,16,182610
SHP00188,Ahmedabad,London,Air,Food Products,2763,12.91,12043,AIR_CARGO,112.94,Peak,Carrier_E,13,886556
SHP00189,Bengaluru,London,Sea,Chemicals,13012,28.95,10970,40FT_HC,101.38,Normal,Carrier_D,24,257908
SHP00190,Pune,Rotterdam,Air,Electronics,3956,19.65,6203,AIR_CARGO,87.97,Off_Peak,Carrier_A,8,472608
SHP00191,Ahmedabad,Dubai,Sea,Electronics,17670,33.81,1711,40FT,103.07,Peak,Carrier_B,8,169602
SHP00192,Visakhapatnam,Rotterdam,Road,Furniture,14078,37.53,4016,20FT,79.21,Off_Peak,Carrier_B,12,96883
SHP00193,Delhi,Rotterdam,Air,Food Products,2216,11,6878,AIR_CARGO,81.19,Normal,Carrier_A,9,380701
SHP00194,Kolkata,Singapore,Road,Food Products,4986,12.51,2604,40FT,98.37,Off_Peak,Carrier_D,9,67692
SHP00195,Mumbai,Jebel Ali,Sea,Chemicals,7417,16.13,2006,40FT_HC,77.69,Peak,Carrier_E,8,94884
SHP00196,Visakhapatnam,Rotterdam,Air,General Cargo,4578,23.17,7136,AIR_CARGO,94.49,Off_Peak,Carrier_B,8,473484
SHP00197,Cochin,Los Angeles,Sea,Automotive Parts,24736,51.77,10433,40FT,110.25,Normal,Carrier_D,25,290057
SHP00198,Visakhapatnam,Colombo,Sea,Textiles,7843,23.35,3743,LCL,79.11,Normal,Carrier_C,11,48131
SHP00199,Pune,Colombo,Sea,Textiles,22346,50.56,11503,40FT_HC,111.53,Normal,Carrier_D,27,292808
SHP00200,Delhi,London,Road,Electronics,6908,21.25,6621,40FT_HC,110.87,Peak,Carrier_E,17,251895
SHP00201,Cochin,Colombo,Road,Pharmaceuticals,12058,36.5,9865,20FT,107.53,Off_Peak,Carrier_D,23,224846
SHP00202,Hyderabad,Singapore,Road,Food Products,9999,25.51,3985,40FT,112.67,Normal,Carrier_A,12,148280
SHP00203,Mumbai,Dubai,Sea,Solar Panels,7542,15.32,1899,40FT,81.21,Normal,Carrier_D,9,69184
SHP00204,Cochin,Los Angeles,Air,Solar Panels,4472,20.44,7474,AIR_CARGO,96,Peak,Carrier_E,9,720456
SHP00205,Pune,Hamburg,Air,General Cargo,3902,18.67,10452,AIR_CARGO,86.72,Normal,Carrier_B,11,626355
SHP00206,Bengaluru,Colombo,Road,Furniture,5856,21.15,5611,40FT_HC,86.18,Normal,Carrier_D,15,139212
SHP00207,Chennai,Dubai,Air,Electronics,463,2.49,3582,AIR_CARGO,102.53,Normal,Carrier_A,5,237911
SHP00208,Visakhapatnam,Rotterdam,Air,General Cargo,4569,22.95,3414,AIR_CARGO,76.57,Normal,Carrier_B,6,352755
SHP00209,Pune,New York,Air,Food Products,3925,17.61,12924,AIR_CARGO,81.27,Off_Peak,Carrier_C,14,604868
SHP00210,Mumbai,London,Road,Furniture,3358,12.18,9510,LCL,85.22,Off_Peak,Carrier_A,22,81937
SHP00211,Hyderabad,Colombo,Road,Electronics,10428,32.13,12489,LCL,114.75,Off_Peak,Carrier_E,29,170290
SHP00212,Visakhapatnam,Singapore,Road,Textiles,14204,36.01,4297,40FT,80.84,Peak,Carrier_C,12,187091
SHP00213,Hyderabad,Singapore,Air,Electronics,3160,17.15,3642,AIR_CARGO,104.64,Peak,Carrier_A,6,487641
SHP00214,Ahmedabad,New York,Sea,Chemicals,11408,28.13,10583,20FT,106.56,Peak,Carrier_A,23,216511
SHP00215,Bengaluru,Colombo,Road,Textiles,6287,21.96,7545,40FT_HC,95.06,Peak,Carrier_C,19,216967
SHP00216,Ahmedabad,Antwerp,Road,Chemicals,8952,29.19,3694,40FT_HC,77.7,Peak,Carrier_A,11,190077
SHP00217,Delhi,Antwerp,Sea,Machinery,10363,29.7,4464,20FT,81.04,Normal,Carrier_C,13,80010
SHP00218,Visakhapatnam,Singapore,Air,Furniture,4644,25.16,9932,AIR_CARGO,106.4,Off_Peak,Carrier_C,11,637055
SHP00219,Kolkata,London,Air,Chemicals,1272,6,11949,AIR_CARGO,95.69,Peak,Carrier_B,13,876789
SHP00220,Kolkata,Colombo,Road,Automotive Parts,4094,16.62,2054,40FT_HC,93.12,Off_Peak,Carrier_C,7,68282
SHP00221,Pune,Hamburg,Road,General Cargo,11725,32.61,10019,40FT,94.89,Peak,Carrier_B,23,285828
SHP00222,Bengaluru,Los Angeles,Sea,Automotive Parts,12115,28.26,15791,40FT_HC,85.84,Normal,Carrier_A,33,262408
SHP00223,Ahmedabad,Los Angeles,Sea,Solar Panels,4978,15.44,4103,LCL,79.12,Peak,Carrier_D,12,52268
SHP00224,Ahmedabad,Jebel Ali,Sea,Food Products,4289,10.15,10269,LCL,107.02,Off_Peak,Carrier_E,24,66803
SHP00225,Delhi,New York,Air,Food Products,2529,11.29,12033,AIR_CARGO,92.62,Normal,Carrier_D,13,636270
SHP00226,Chennai,Shanghai,Air,General Cargo,286,1.26,5618,AIR_CARGO,109.22,Peak,Carrier_A,7,376183
SHP00227,Mumbai,Shanghai,Air,Pharmaceuticals,847,3.69,6351,AIR_CARGO,96.17,Off_Peak,Carrier_D,8,376507
SHP00228,Delhi,Shanghai,Air,Food Products,2552,11.05,4828,AIR_CARGO,87.23,Peak,Carrier_B,7,384200
SHP00229,Cochin,Los Angeles,Road,Solar Panels,12357,35.46,8327,20FT,99.2,Off_Peak,Carrier_C,21,167596
SHP00230,Cochin,New York,Road,Pharmaceuticals,12847,37.19,11474,LCL,110.74,Normal,Carrier_C,26,213677
SHP00231,Kolkata,Hamburg,Air,Chemicals,1440,6.98,11861,AIR_CARGO,114.6,Peak,Carrier_D,13,1037893
SHP00232,Chennai,Los Angeles,Sea,Automotive Parts,5290,15.62,15747,40FT,109.47,Peak,Carrier_B,33,275962
SHP00233,Mumbai,Antwerp,Road,General Cargo,2934,14.37,9821,40FT_HC,105.68,Peak,Carrier_B,23,259885
SHP00234,Kolkata,Colombo,Air,Food Products,1269,5.44,2132,AIR_CARGO,83.45,Peak,Carrier_B,4,176171
SHP00235,Cochin,Shanghai,Air,Textiles,4288,18.51,5717,AIR_CARGO,87.27,Peak,Carrier_B,8,528494
SHP00236,Bengaluru,London,Sea,Furniture,12331,28.27,11095,40FT,104.64,Peak,Carrier_C,25,234091
SHP00237,Delhi,Busan,Road,Furniture,7532,26.52,4816,LCL,83.67,Peak,Carrier_D,12,85912
SHP00238,Chennai,Rotterdam,Road,Machinery,860,4.25,11169,20FT,101.23,Normal,Carrier_C,25,144894
SHP00239,Kolkata,Busan,Road,General Cargo,4667,19.53,7431,20FT,95.9,Peak,Carrier_B,18,144194
SHP00240,Chennai,Los Angeles,Road,Textiles,1806,8.62,15947,40FT,89.82,Normal,Carrier_E,36,245788
SHP00241,Ahmedabad,Los Angeles,Sea,Furniture,16549,36.12,11269,40FT,113.99,Peak,Carrier_E,26,271672
SHP00242,Mumbai,Hamburg,Air,Machinery,1073,5.22,10376,AIR_CARGO,80.08,Peak,Carrier_C,12,535576
SHP00243,Hyderabad,Los Angeles,Sea,General Cargo,5189,15.92,16059,LCL,88.83,Off_Peak,Carrier_C,34,88122
SHP00244,Mumbai,Colombo,Sea,Machinery,5596,19.93,1593,20FT,77.75,Normal,Carrier_D,8,41450
SHP00245,Hyderabad,Busan,Air,Pharmaceuticals,3334,13.45,8342,AIR_CARGO,98.27,Off_Peak,Carrier_D,10,621735
SHP00246,Pune,Antwerp,Sea,Electronics,23152,52.97,6264,40FT_HC,89.91,Peak,Carrier_A,16,312010
SHP00247,Pune,Colombo,Road,Textiles,10895,33.89,9766,LCL,106.22,Peak,Carrier_B,23,168874
SHP00248,Cochin,Colombo,Sea,Pharmaceuticals,25537,55.65,11103,40FT_HC,108.75,Peak,Carrier_E,26,441971
SHP00249,Kolkata,Dubai,Air,Solar Panels,1319,7.05,5503,AIR_CARGO,86.26,Peak,Carrier_B,7,390725
SHP00250,Mumbai,Antwerp,Road,Food Products,3531,15.96,11033,40FT_HC,112.2,Off_Peak,Carrier_B,25,227262
SHP00251,Mumbai,Antwerp,Air,Machinery,892,3.68,9575,AIR_CARGO,104.44,Peak,Carrier_D,11,625411
SHP00252,Mumbai,Busan,Air,Electronics,809,3.31,6297,AIR_CARGO,90.03,Normal,Carrier_D,8,348879
SHP00253,Delhi,Rotterdam,Air,Solar Panels,2100,10.59,7409,AIR_CARGO,112.41,Off_Peak,Carrier_D,9,496248
SHP00254,Pune,London,Air,Machinery,4013,18.98,9967,AIR_CARGO,101.87,Normal,Carrier_A,11,691858
SHP00255,Visakhapatnam,Dubai,Sea,Pharmaceuticals,19643,36.78,6199,20FT,90.44,Normal,Carrier_A,17,169078
SHP00256,Chennai,Busan,Road,Chemicals,947,10.26,3768,40FT_HC,77.86,Peak,Carrier_C,11,100153
SHP00257,Pune,Shanghai,Sea,General Cargo,14812,34.95,4456,20FT,81.79,Normal,Carrier_A,13,102233
SHP00258,Bengaluru,Antwerp,Air,Solar Panels,2063,8.56,5568,AIR_CARGO,86.48,Peak,Carrier_E,7,423867
SHP00259,Pune,New York,Sea,Machinery,22175,48.1,13958,40FT_HC,90.28,Off_Peak,Carrier_C,31,254087
SHP00260,Delhi,Jebel Ali,Sea,Pharmaceuticals,13730,27.89,3789,40FT_HC,79.08,Off_Peak,Carrier_D,11,138718
SHP00261,Kolkata,New York,Road,General Cargo,4546,16.27,15559,40FT_HC,91.17,Normal,Carrier_D,34,295532
SHP00262,Hyderabad,Los Angeles,Sea,Food Products,19036,41.08,15030,40FT,80.75,Normal,Carrier_B,32,244624
SHP00263,Visakhapatnam,Jebel Ali,Air,Pharmaceuticals,4767,24.39,5494,AIR_CARGO,86.45,Normal,Carrier_A,7,608977
SHP00264,Pune,Los Angeles,Road,Chemicals,11949,33.94,3410,40FT_HC,76.21,Normal,Carrier_D,10,166647
SHP00265,Bengaluru,Shanghai,Air,Furniture,1943,8.45,7659,AIR_CARGO,95.16,Normal,Carrier_C,9,440817
SHP00266,Mumbai,Colombo,Sea,Chemicals,1456,11.91,1571,LCL,81.67,Peak,Carrier_B,8,26609
SHP00267,Hyderabad,Antwerp,Air,Automotive Parts,3205,13.32,5067,AIR_CARGO,84.41,Normal,Carrier_B,7,383046
SHP00268,Chennai,Dubai,Road,Solar Panels,1053,3.6,3522,LCL,102.89,Off_Peak,Carrier_A,11,39675
SHP00269,Kolkata,Shanghai,Air,Pharmaceuticals,1281,5.52,4752,AIR_CARGO,112.6,Off_Peak,Carrier_D,6,356175
SHP00270,Cochin,Antwerp,Road,Solar Panels,12705,38.84,8505,40FT,98.85,Normal,Carrier_C,20,257018
SHP00271,Bengaluru,Singapore,Sea,Furniture,3245,6.89,3558,LCL,91.41,Peak,Carrier_A,12,36387
SHP00272,Chennai,Antwerp,Sea,Electronics,5566,20.73,8689,40FT_HC,101.74,Normal,Carrier_C,22,167774
SHP00273,Chennai,Shanghai,Sea,Automotive Parts,608,9.68,5330,LCL,95.13,Normal,Carrier_A,15,41159
SHP00274,Delhi,Antwerp,Sea,Pharmaceuticals,9301,27.79,6210,20FT,88.66,Peak,Carrier_C,15,142979
SHP00275,Ahmedabad,Jebel Ali,Sea,Furniture,16822,32.59,7766,40FT_HC,95.17,Off_Peak,Carrier_A,20,172486
SHP00276,Pune,New York,Air,Pharmaceuticals,3822,17.02,13226,AIR_CARGO,96.98,Off_Peak,Carrier_E,14,865682
SHP00277,Pune,Colombo,Road,Electronics,11778,36.09,7801,LCL,94.92,Off_Peak,Carrier_E,19,112199
SHP00278,Ahmedabad,Busan,Sea,Furniture,4932,19.99,9164,LCL,103.42,Off_Peak,Carrier_E,22,64166
SHP00279,Mumbai,London,Sea,Automotive Parts,1989,9.59,9645,LCL,87.86,Normal,Carrier_C,22,62851
SHP00280,Cochin,Shanghai,Road,Machinery,13087,38.06,9517,40FT,102.6,Off_Peak,Carrier_C,22,228695
SHP00281,Visakhapatnam,Los Angeles,Sea,Electronics,7414,19.75,9114,LCL,103.26,Normal,Carrier_D,22,91965
SHP00282,Cochin,Dubai,Air,Electronics,4215,22.22,8928,AIR_CARGO,101.28,Normal,Carrier_C,10,720510
SHP00283,Cochin,Shanghai,Air,Textiles,4194,18.36,4544,AIR_CARGO,82.87,Normal,Carrier_B,6,373353
SHP00284,Pune,Colombo,Road,Textiles,10883,33.36,9773,40FT,104.95,Normal,Carrier_C,22,253284
SHP00285,Ahmedabad,Rotterdam,Air,Food Products,2943,14.71,9538,AIR_CARGO,92.37,Normal,Carrier_B,10,565917
SHP00286,Delhi,Rotterdam,Road,Automotive Parts,6521,18.87,7192,40FT_HC,90.73,Off_Peak,Carrier_D,18,158048
SHP00287,Mumbai,London,Air,Automotive Parts,810,3.82,9363,AIR_CARGO,98.16,Peak,Carrier_A,10,645859
SHP00288,Delhi,Shanghai,Air,Textiles,2515,11.03,4732,AIR_CARGO,109.84,Off_Peak,Carrier_C,7,315127
SHP00289,Chennai,New York,Air,General Cargo,489,2.17,14697,AIR_CARGO,114.8,Peak,Carrier_C,15,980768
SHP00290,Pune,Hamburg,Sea,Food Products,22856,45.7,10390,40FT_HC,82.24,Peak,Carrier_B,24,295099
SHP00291,Bengaluru,Dubai,Road,Textiles,5183,14.02,3158,40FT,75.69,Off_Peak,Carrier_A,9,68891
SHP00292,Visakhapatnam,Rotterdam,Sea,Solar Panels,26546,51.45,7148,40FT_HC,92.83,Normal,Carrier_E,17,261803
SHP00293,Mumbai,London,Air,Food Products,1099,5.11,9641,AIR_CARGO,99.09,Peak,Carrier_E,11,590394
SHP00294,Mumbai,Hamburg,Sea,Automotive Parts,7327,17.35,9682,40FT_HC,112.26,Normal,Carrier_C,24,181750
SHP00295,Cochin,Los Angeles,Sea,Chemicals,24591,51.23,11695,40FT,114.09,Normal,Carrier_A,26,358228
SHP00296,Hyderabad,Antwerp,Sea,Textiles,19866,47.08,5875,40FT_HC,87.1,Peak,Carrier_C,17,234451
SHP00297,Delhi,Hamburg,Sea,Machinery,3593,11.31,3190,LCL,75.36,Normal,Carrier_E,10,27021
SHP00298,Mumbai,Shanghai,Air,Textiles,988,4.28,6260,AIR_CARGO,114.7,Off_Peak,Carrier_A,8,356869
SHP00299,Visakhapatnam,Busan,Road,Solar Panels,13932,42.65,10373,40FT_HC,108.92,Peak,Carrier_A,24,432856
SHP00300,Mumbai,Singapore,Sea,Furniture,1571,3.46,4402,LCL,101.56,Peak,Carrier_C,13,37443
SHP00301,Cochin,Los Angeles,Road,Chemicals,12512,35.84,6659,40FT_HC,90.04,Off_Peak,Carrier_C,17,218284
SHP00302,Cochin,Jebel Ali,Air,General Cargo,4170,21.34,9482,AIR_CARGO,103.4,Peak,Carrier_A,11,825723
SHP00303,Cochin,Colombo,Air,Textiles,4142,17.65,3174,AIR_CARGO,75.93,Off_Peak,Carrier_B,5,270965
SHP00304,Hyderabad,Dubai,Sea,Automotive Parts,14039,26.53,2712,20FT,104.56,Peak,Carrier_E,10,104004
SHP00305,Chennai,Singapore,Air,Automotive Parts,310,1.67,3148,AIR_CARGO,93.93,Normal,Carrier_E,5,163879
SHP00306,Cochin,Hamburg,Air,General Cargo,4479,21.74,3731,AIR_CARGO,78.36,Off_Peak,Carrier_C,6,310747
SHP00307,Kolkata,Singapore,Air,Food Products,1550,8.42,2543,AIR_CARGO,99.44,Off_Peak,Carrier_D,4,172594
SHP00308,Pune,Jebel Ali,Air,Solar Panels,4014,20.35,8916,AIR_CARGO,101.67,Off_Peak,Carrier_A,10,630255
SHP00309,Ahmedabad,Singapore,Air,Textiles,2666,14.57,8235,AIR_CARGO,100.14,Peak,Carrier_E,10,609776
SHP00310,Visakhapatnam,Hamburg,Sea,Furniture,19312,39.95,4091,20FT,79.46,Off_Peak,Carrier_E,13,96385
SHP00311,Cochin,Colombo,Air,Electronics,4119,17.5,7256,AIR_CARGO,95.18,Normal,Carrier_B,9,603025
SHP00312,Hyderabad,Rotterdam,Air,Pharmaceuticals,3083,15.33,10558,AIR_CARGO,110.02,Off_Peak,Carrier_B,12,798695
SHP00313,Kolkata,Antwerp,Sea,Textiles,9945,28.34,3100,40FT_HC,76.08,Off_Peak,Carrier_D,11,89228
SHP00314,Cochin,Los Angeles,Air,Automotive Parts,4209,19.22,6140,AIR_CARGO,89.58,Normal,Carrier_A,8,528208
SHP00315,Ahmedabad,Busan,Road,Textiles,8922,30,4697,40FT,82.05,Peak,Carrier_D,13,160685
SHP00316,Chennai,Dubai,Road,Food Products,1415,4.87,3383,40FT_HC,95.14,Normal,Carrier_D,11,70712
SHP00317,Chennai,Singapore,Road,Pharmaceuticals,1422,3.81,3213,40FT_HC,76.71,Normal,Carrier_C,10,70115
SHP00318,Kolkata,Jebel Ali,Air,Furniture,1380,7.04,11478,AIR_CARGO,114.94,Normal,Carrier_E,12,650823
SHP00319,Hyderabad,Colombo,Sea,Solar Panels,12887,32.51,8001,20FT,98.92,Peak,Carrier_C,20,162901
SHP00320,Kolkata,Rotterdam,Road,Textiles,3764,11.43,11660,40FT,93.13,Peak,Carrier_A,27,259617
SHP00321,Mumbai,Antwerp,Road,General Cargo,3543,15.66,8563,20FT,100.64,Peak,Carrier_D,21,158289
SHP00322,Chennai,Singapore,Air,Furniture,422,2.28,3154,AIR_CARGO,96.33,Off_Peak,Carrier_A,5,148633
SHP00323,Hyderabad,Singapore,Air,Solar Panels,3355,18.13,3818,AIR_CARGO,83.96,Off_Peak,Carrier_B,6,320982
SHP00324,Hyderabad,Singapore,Air,Solar Panels,3444,18.91,3705,AIR_CARGO,89.67,Peak,Carrier_A,5,466706
SHP00325,Mumbai,Dubai,Sea,Electronics,3871,8.75,1981,20FT,111.14,Off_Peak,Carrier_E,9,33811
SHP00326,Delhi,Hamburg,Air,Automotive Parts,2395,11.61,5226,AIR_CARGO,85.33,Normal,Carrier_D,7,349777
SHP00327,Cochin,Los Angeles,Road,Electronics,13286,37.36,6430,40FT_HC,89.89,Peak,Carrier_A,16,294539
SHP00328,Pune,Jebel Ali,Air,Solar Panels,3952,20.2,6782,AIR_CARGO,93.25,Normal,Carrier_C,8,556166
SHP00329,Ahmedabad,Singapore,Sea,Automotive Parts,16398,29.91,7131,40FT,94.9,Off_Peak,Carrier_E,17,149543
SHP00330,Visakhapatnam,Hamburg,Sea,Machinery,26385,52.76,4260,40FT,80.03,Peak,Carrier_A,12,243737
SHP00331,Hyderabad,Rotterdam,Air,Textiles,3235,16.16,11306,AIR_CARGO,96.3,Normal,Carrier_C,12,671233
SHP00332,Visakhapatnam,Singapore,Sea,Furniture,18243,34.14,9533,20FT,104.57,Off_Peak,Carrier_C,23,139278
SHP00333,Mumbai,New York,Road,Food Products,3561,14.08,12467,40FT_HC,89.65,Normal,Carrier_C,29,230902
SHP00334,Ahmedabad,Colombo,Road,Chemicals,8453,27.72,2099,40FT_HC,110.09,Off_Peak,Carrier_D,8,116556
SHP00335,Kolkata,Shanghai,Sea,Machinery,9379,25.44,4551,40FT_HC,77.67,Peak,Carrier_D,13,128414
SHP00336,Bengaluru,Shanghai,Air,Automotive Parts,1791,7.74,10566,AIR_CARGO,109.53,Normal,Carrier_D,11,672406
SHP00337,Visakhapatnam,Antwerp,Road,Machinery,14742,43.82,8556,40FT_HC,100.95,Normal,Carrier_C,20,264595
SHP00338,Chennai,Antwerp,Sea,Chemicals,6007,21.09,11377,40FT_HC,110.55,Peak,Carrier_A,26,288219
SHP00339,Kolkata,London,Air,Furniture,1422,6.62,10907,AIR_CARGO,110.36,Normal,Carrier_B,12,634279
SHP00340,Bengaluru,Colombo,Sea,General Cargo,12349,31.53,5730,40FT,87.57,Peak,Carrier_D,16,158237
SHP00341,Mumbai,London,Road,Machinery,2368,9.42,9798,40FT_HC,113.84,Peak,Carrier_A,23,279033
SHP00342,Ahmedabad,Shanghai,Road,Automotive Parts,8672,27.4,10680,20FT,107.72,Peak,Carrier_C,24,244053
SHP00343,Pune,Dubai,Road,Chemicals,11859,30.87,2019,20FT,111.1,Peak,Carrier_E,8,121926
SHP00344,Kolkata,Singapore,Sea,Textiles,2155,4.14,2478,LCL,77.7,Peak,Carrier_A,10,22969
SHP00345,Mumbai,New York,Road,Furniture,2353,11.11,13565,40FT_HC,87.17,Normal,Carrier_A,31,247810
SHP00346,Delhi,London,Road,Automotive Parts,6697,20.58,6667,40FT_HC,104.22,Normal,Carrier_E,16,183552
SHP00347,Visakhapatnam,New York,Road,Machinery,14117,40.28,5581,LCL,86.2,Peak,Carrier_A,14,127438
SHP00348,Pune,Shanghai,Sea,Machinery,21324,47.56,2962,40FT,75.47,Off_Peak,Carrier_D,10,140373
SHP00349,Bengaluru,Busan,Air,Pharmaceuticals,1713,7,5522,AIR_CARGO,86.79,Normal,Carrier_A,7,412219
SHP00350,Pune,Hamburg,Road,General Cargo,10937,30.26,10443,20FT,96.46,Normal,Carrier_D,25,181096
SHP00351,Bengaluru,New York,Air,Electronics,2007,9.01,14807,AIR_CARGO,88.25,Off_Peak,Carrier_D,15,714626
SHP00352,Visakhapatnam,Busan,Road,Textiles,14000,42.47,6389,40FT,89.91,Off_Peak,Carrier_C,16,172369
SHP00353,Ahmedabad,Busan,Air,Automotive Parts,3052,12.24,6867,AIR_CARGO,91.91,Normal,Carrier_C,8,477200
SHP00354,Visakhapatnam,Colombo,Air,General Cargo,4827,20.63,5651,AIR_CARGO,86,Peak,Carrier_B,7,547518
SHP00355,Mumbai,Dubai,Air,Automotive Parts,991,5.18,1955,AIR_CARGO,83.93,Off_Peak,Carrier_A,4,127040
SHP00356,Bengaluru,Dubai,Sea,Chemicals,13393,26.29,3207,40FT_HC,107.17,Peak,Carrier_B,11,179098
SHP00357,Bengaluru,London,Road,Electronics,6208,19.06,11049,40FT,98.12,Off_Peak,Carrier_A,26,239867
SHP00358,Delhi,London,Air,Solar Panels,2490,11.75,6968,AIR_CARGO,107.29,Normal,Carrier_D,9,540308
SHP00359,Bengaluru,Antwerp,Sea,Food Products,12336,32.61,4399,40FT_HC,80.36,Normal,Carrier_C,14,127006
SHP00360,Delhi,Rotterdam,Air,Machinery,2230,11.26,7398,AIR_CARGO,103.11,Peak,Carrier_D,9,560230
SHP00361,Hyderabad,Singapore,Sea,Automotive Parts,19299,36,3714,40FT_HC,76.56,Peak,Carrier_A,12,204179
SHP00362,Mumbai,Dubai,Road,Pharmaceuticals,2410,6.81,2015,20FT,76.82,Peak,Carrier_D,7,49600
SHP00363,Kolkata,Los Angeles,Road,Textiles,4949,16.63,9734,40FT_HC,104.87,Normal,Carrier_B,23,226543
SHP00364,Pune,New York,Air,Automotive Parts,3932,17.63,13538,AIR_CARGO,108.07,Off_Peak,Carrier_B,14,846589
SHP00365,Pune,Singapore,Road,Pharmaceuticals,11214,28.24,4618,20FT,76.51,Peak,Carrier_D,12,153768
SHP00366,Cochin,Hamburg,Road,Solar Panels,12024,32.74,9988,40FT_HC,106.62,Peak,Carrier_A,23,395162
SHP00367,Ahmedabad,Rotterdam,Sea,Pharmaceuticals,17896,35.79,10015,40FT_HC,100.53,Normal,Carrier_D,24,288161
SHP00368,Cochin,Los Angeles,Road,Automotive Parts,12419,35.71,8486,40FT,101.25,Normal,Carrier_A,21,264088
SHP00369,Delhi,Antwerp,Sea,General Cargo,14360,36.67,6110,40FT,89.1,Normal,Carrier_D,17,154072
SHP00370,Bengaluru,Hamburg,Sea,Textiles,3186,10.26,7284,LCL,92.74,Peak,Carrier_B,18,60967
SHP00371,Hyderabad,Dubai,Road,Electronics,10089,25.97,2711,40FT,94.11,Peak,Carrier_D,8,155816
SHP00372,Delhi,Antwerp,Road,Food Products,6843,24.04,3688,40FT_HC,78.54,Normal,Carrier_A,11,111958
SHP00373,Bengaluru,Antwerp,Sea,Machinery,2935,15.95,7088,LCL,92.56,Normal,Carrier_E,18,51678
SHP00374,Bengaluru,Dubai,Road,Machinery,5424,14.77,3121,40FT,83.33,Normal,Carrier_C,9,81784
SHP00375,Hyderabad,Rotterdam,Sea,Chemicals,18663,36.98,10754,40FT,77.48,Normal,Carrier_D,25,241523
SHP00376,Mumbai,London,Road,Electronics,3000,10.94,9684,40FT_HC,85,Peak,Carrier_B,22,245163
SHP00377,Mumbai,Los Angeles,Air,Food Products,797,3.61,14808,AIR_CARGO,101.03,Peak,Carrier_C,15,874733
SHP00378,Hyderabad,Antwerp,Sea,Chemicals,19461,45.79,6449,40FT,91.8,Off_Peak,Carrier_E,18,193025
SHP00379,Ahmedabad,Los Angeles,Sea,Food Products,16639,37.09,11723,40FT_HC,112.96,Off_Peak,Carrier_C,26,227848
SHP00380,Mumbai,Busan,Air,Automotive Parts,1029,4.13,10204,AIR_CARGO,107.11,Off_Peak,Carrier_C,12,541092
SHP00381,Visakhapatnam,London,Sea,Food Products,27793,56.06,3882,40FT_HC,78.86,Off_Peak,Carrier_D,12,188234
SHP00382,Hyderabad,Rotterdam,Air,Machinery,3167,15.75,10600,AIR_CARGO,77.1,Normal,Carrier_C,12,532870
SHP00383,Kolkata,Dubai,Road,Textiles,4276,11.87,9279,40FT_HC,102.42,Off_Peak,Carrier_D,22,177226
SHP00384,Ahmedabad,Rotterdam,Sea,General Cargo,4610,12.24,10017,LCL,78.21,Normal,Carrier_D,23,62766
SHP00385,Hyderabad,Busan,Road,Textiles,10212,32.92,11756,40FT,112.24,Peak,Carrier_D,26,362520
SHP00386,Pune,London,Sea,Pharmaceuticals,21829,45.43,9963,40FT_HC,88.96,Normal,Carrier_C,24,308861
SHP00387,Chennai,Shanghai,Road,Textiles,1304,9.05,5869,40FT,101.04,Off_Peak,Carrier_E,14,99026
SHP00388,Chennai,Busan,Road,Machinery,1836,12.44,10492,20FT,108.36,Peak,Carrier_C,24,186173
SHP00389,Kolkata,Singapore,Air,Furniture,1123,6.13,2459,AIR_CARGO,82.09,Normal,Carrier_A,4,155490
SHP00390,Chennai,London,Sea,Furniture,2394,10.12,10816,20FT,91.96,Normal,Carrier_B,26,91789
SHP00391,Delhi,Antwerp,Sea,Pharmaceuticals,14025,36.41,6825,40FT_HC,92.3,Off_Peak,Carrier_E,17,186421
SHP00392,Kolkata,Singapore,Sea,Solar Panels,2603,4.8,2661,LCL,99.5,Peak,Carrier_B,10,31338
SHP00393,Ahmedabad,Hamburg,Road,Chemicals,8653,24.33,4658,40FT_HC,82.14,Off_Peak,Carrier_C,13,146554
SHP00394,Ahmedabad,Singapore,Air,General Cargo,2621,14.42,9312,AIR_CARGO,102.26,Peak,Carrier_C,11,705234
SHP00395,Kolkata,Los Angeles,Air,General Cargo,1220,5.55,11799,AIR_CARGO,112.23,Peak,Carrier_A,13,848946
SHP00396,Chennai,Singapore,Road,Electronics,968,3.01,3287,40FT_HC,85.2,Off_Peak,Carrier_E,10,55532
SHP00397,Hyderabad,New York,Air,Textiles,3406,15.08,5301,AIR_CARGO,85.29,Normal,Carrier_B,7,371304
SHP00398,Chennai,Rotterdam,Road,Textiles,1845,6.65,10674,20FT,113.16,Normal,Carrier_E,24,157630
SHP00399,Bengaluru,Shanghai,Road,Solar Panels,5636,19.61,5178,20FT,84.54,Peak,Carrier_A,14,120312
SHP00400,Ahmedabad,Jebel Ali,Sea,Pharmaceuticals,17216,33.69,11031,40FT,110.4,Peak,Carrier_B,26,347237
SHP00401,Pune,London,Sea,Electronics,22209,46.11,9749,40FT_HC,108.48,Peak,Carrier_E,22,351561
SHP00402,Cochin,Colombo,Sea,Machinery,25274,55.8,9604,40FT_HC,103.88,Off_Peak,Carrier_E,23,239598
SHP00403,Hyderabad,New York,Air,Machinery,3521,15.54,11271,AIR_CARGO,112.52,Normal,Carrier_D,12,775262
SHP00404,Hyderabad,Antwerp,Road,Machinery,9297,30.38,3560,LCL,78.25,Peak,Carrier_E,11,74538
SHP00405,Cochin,Los Angeles,Road,Machinery,12924,36.97,11278,40FT,112.4,Off_Peak,Carrier_D,26,263030
SHP00406,Cochin,Colombo,Road,Machinery,12514,37.41,8609,LCL,101.71,Off_Peak,Carrier_D,21,116352
SHP00407,Mumbai,Colombo,Air,Solar Panels,1011,4.33,1595,AIR_CARGO,78.74,Peak,Carrier_B,4,141544
SHP00408,Hyderabad,Shanghai,Road,General Cargo,9289,29.2,5575,40FT_HC,83.01,Peak,Carrier_B,14,189493
SHP00409,Delhi,Antwerp,Road,Chemicals,7190,25,7490,40FT,96.13,Off_Peak,Carrier_B,19,188087
SHP00410,Cochin,London,Sea,Automotive Parts,16637,35.61,6319,20FT,88.6,Peak,Carrier_E,16,150546
SHP00411,Pune,London,Sea,Electronics,6181,17.04,9932,LCL,98.2,Normal,Carrier_D,23,89824
SHP00412,Visakhapatnam,Hamburg,Road,Machinery,14264,38.57,9720,40FT,105.06,Peak,Carrier_C,23,322068
SHP00413,Ahmedabad,New York,Road,Automotive Parts,9064,27.57,8348,20FT,100.36,Normal,Carrier_C,20,164145
SHP00414,Pune,Hamburg,Sea,Machinery,21655,43.74,10704,40FT_HC,75.33,Off_Peak,Carrier_C,25,200541
SHP00415,Cochin,Dubai,Sea,Chemicals,24442,45.55,11860,40FT_HC,114.34,Off_Peak,Carrier_A,26,333094
SHP00416,Mumbai,Rotterdam,Road,Chemicals,3213,10.57,9779,LCL,89.54,Off_Peak,Carrier_D,23,103840
SHP00417,Mumbai,Rotterdam,Sea,Electronics,6549,15.78,10271,40FT,80.59,Normal,Carrier_C,24,149284
SHP00418,Visakhapatnam,Shanghai,Sea,General Cargo,18991,42.97,7603,20FT,95.62,Off_Peak,Carrier_C,18,127600
SHP00419,Chennai,London,Sea,Automotive Parts,2891,10.76,10680,20FT,113.31,Peak,Carrier_C,24,138947
SHP00420,Mumbai,Hamburg,Air,Pharmaceuticals,640,3.1,9787,AIR_CARGO,94.88,Normal,Carrier_E,11,577307
SHP00421,Delhi,Shanghai,Air,General Cargo,2561,11.08,4774,AIR_CARGO,113.45,Off_Peak,Carrier_B,6,327118
SHP00422,Ahmedabad,Singapore,Road,General Cargo,8764,22.27,10484,40FT_HC,106.43,Off_Peak,Carrier_D,24,229958
SHP00423,Hyderabad,Dubai,Sea,General Cargo,19336,36.28,2868,40FT,85.03,Normal,Carrier_D,10,141107
SHP00424,Kolkata,Los Angeles,Road,Food Products,4419,15.45,10642,40FT_HC,107.86,Normal,Carrier_C,25,246346
SHP00425,Bengaluru,Shanghai,Road,Electronics,6252,21.23,4703,20FT,83.41,Off_Peak,Carrier_E,13,83027
SHP00426,Pune,Singapore,Road,Furniture,11902,30.05,4277,40FT_HC,89.24,Normal,Carrier_A,11,160417
SHP00427,Kolkata,New York,Air,General Cargo,1517,6.76,14186,AIR_CARGO,109.74,Peak,Carrier_D,14,966372
SHP00428,Chennai,Antwerp,Air,Food Products,520,2.16,8430,AIR_CARGO,98.34,Normal,Carrier_A,10,435192
SHP00429,Kolkata,London,Sea,Chemicals,2174,9.09,11708,LCL,78.61,Normal,Carrier_A,26,79293
SHP00430,Pune,Jebel Ali,Air,Pharmaceuticals,3873,20.08,9973,AIR_CARGO,107.74,Peak,Carrier_D,11,1057068
SHP00431,Visakhapatnam,Busan,Sea,Furniture,25603,57.73,9921,40FT_HC,107.27,Peak,Carrier_E,24,334979
SHP00432,Mumbai,Singapore,Sea,Pharmaceuticals,5569,11.05,4546,20FT,100.2,Off_Peak,Carrier_C,13,67325
SHP00433,Delhi,Rotterdam,Air,Food Products,2101,10.43,6913,AIR_CARGO,82.04,Peak,Carrier_B,9,452905
SHP00434,Chennai,Hamburg,Road,Chemicals,1812,7.33,11617,20FT,107.32,Normal,Carrier_A,26,213547
SHP00435,Cochin,Busan,Air,Automotive Parts,4168,16.81,11176,AIR_CARGO,113.95,Normal,Carrier_E,12,819584
SHP00436,Visakhapatnam,Singapore,Road,Electronics,13711,34.47,5386,LCL,84.89,Peak,Carrier_E,14,125518
SHP00437,Visakhapatnam,Los Angeles,Road,Machinery,14325,40.08,8701,40FT,102.34,Off_Peak,Carrier_E,20,208752
SHP00438,Kolkata,Dubai,Air,Machinery,1186,6.36,9626,AIR_CARGO,105.22,Off_Peak,Carrier_C,11,476013
SHP00439,Delhi,Los Angeles,Road,General Cargo,6608,20.69,9953,40FT,106.34,Off_Peak,Carrier_D,23,198060
SHP00440,Chennai,Dubai,Road,Electronics,960,3.14,3466,40FT_HC,107.33,Off_Peak,Carrier_C,10,74391
SHP00441,Mumbai,New York,Air,Solar Panels,685,3.04,13177,AIR_CARGO,102.72,Peak,Carrier_A,14,947445
SHP00442,Bengaluru,Colombo,Road,Furniture,5055,19.11,5321,40FT,86.1,Normal,Carrier_E,14,113072
SHP00443,Ahmedabad,New York,Road,Food Products,8951,27.55,10768,40FT_HC,110.18,Off_Peak,Carrier_C,25,251119
SHP00444,Pune,Colombo,Air,Furniture,3597,15.42,3504,AIR_CARGO,78.03,Off_Peak,Carrier_B,5,261708
SHP00445,Cochin,Singapore,Road,Electronics,13216,33.58,10636,40FT_HC,106.88,Off_Peak,Carrier_B,24,309677
SHP00446,Delhi,Busan,Road,Chemicals,6925,24.87,6343,40FT,89.7,Peak,Carrier_E,16,211682
SHP00447,Hyderabad,Colombo,Road,Textiles,9929,31.05,9598,LCL,104.78,Normal,Carrier_A,23,137964
SHP00448,Pune,Jebel Ali,Sea,Food Products,21137,40.62,6768,40FT_HC,92.86,Peak,Carrier_E,18,232083
SHP00449,Mumbai,Rotterdam,Sea,General Cargo,7853,18.04,9354,40FT,92.55,Off_Peak,Carrier_A,21,125066
SHP00450,Visakhapatnam,Colombo,Sea,Food Products,7588,23.11,7565,LCL,95.55,Peak,Carrier_C,18,86915
SHP00451,Cochin,Dubai,Sea,Pharmaceuticals,6538,13.19,4173,LCL,79.87,Normal,Carrier_C,12,52241
SHP00452,Mumbai,Rotterdam,Sea,Pharmaceuticals,7285,16.27,10248,40FT,90.81,Peak,Carrier_C,24,217839
SHP00453,Visakhapatnam,Shanghai,Road,Machinery,13703,39.86,6674,40FT_HC,90.09,Off_Peak,Carrier_B,16,187768
SHP00454,Pune,Singapore,Sea,General Cargo,21244,39.39,4331,40FT,104.81,Normal,Carrier_D,13,169867
SHP00455,Kolkata,Antwerp,Air,Machinery,1127,4.73,7134,AIR_CARGO,93.28,Off_Peak,Carrier_C,8,327698
SHP00456,Chennai,Jebel Ali,Road,Chemicals,1612,5.37,3304,LCL,96.02,Off_Peak,Carrier_D,9,39467
SHP00457,Ahmedabad,Colombo,Air,Food Products,2833,11.95,2169,AIR_CARGO,106.15,Off_Peak,Carrier_D,5,210470
SHP00458,Hyderabad,Antwerp,Air,Electronics,3450,14.27,8337,AIR_CARGO,99.84,Off_Peak,Carrier_A,9,579525
SHP00459,Delhi,Dubai,Sea,General Cargo,3910,8.57,2296,LCL,84.62,Peak,Carrier_B,9,29046
SHP00460,Bengaluru,Antwerp,Sea,Pharmaceuticals,12642,33.4,6711,40FT_HC,91.98,Off_Peak,Carrier_C,18,180318
SHP00461,Cochin,Shanghai,Road,Furniture,12465,36.78,3328,40FT,76.13,Normal,Carrier_E,9,125362
SHP00462,Visakhapatnam,Singapore,Sea,Chemicals,19828,36.24,4810,20FT,84.13,Off_Peak,Carrier_A,14,130738
SHP00463,Pune,Dubai,Sea,Chemicals,22494,42.04,2112,40FT,96.68,Peak,Carrier_A,9,238736
SHP00464,Mumbai,Hamburg,Sea,Pharmaceuticals,6535,16.48,9838,40FT,89.74,Off_Peak,Carrier_D,22,150266
SHP00465,Cochin,Busan,Road,Textiles,13093,40.26,10898,40FT,109.73,Peak,Carrier_E,25,336798
SHP00466,Hyderabad,Antwerp,Sea,Pharmaceuticals,18609,44.76,6627,40FT_HC,90.67,Normal,Carrier_C,17,248695
SHP00467,Delhi,Antwerp,Sea,Chemicals,14994,37.37,9637,40FT_HC,105.56,Normal,Carrier_A,23,277637
SHP00468,Cochin,London,Air,Textiles,4045,19.28,3947,AIR_CARGO,79.2,Peak,Carrier_E,6,401127
SHP00469,Bengaluru,Los Angeles,Sea,Chemicals,13383,30.7,16090,40FT_HC,90.33,Peak,Carrier_A,33,377179
SHP00470,Pune,Shanghai,Air,Automotive Parts,3545,15.61,5526,AIR_CARGO,86.41,Peak,Carrier_B,7,514710
SHP00471,Hyderabad,Antwerp,Sea,General Cargo,14468,36.94,10712,20FT,110.38,Peak,Carrier_D,24,194655
SHP00472,Kolkata,Colombo,Air,Textiles,1182,4.98,1993,AIR_CARGO,77.36,Off_Peak,Carrier_B,4,112539
SHP00473,Bengaluru,Dubai,Sea,Chemicals,7715,15.7,3167,20FT,102.28,Peak,Carrier_C,10,86495
SHP00474,Mumbai,Rotterdam,Sea,Automotive Parts,8191,18.73,10025,40FT_HC,94.76,Normal,Carrier_D,24,171882
SHP00475,Chennai,Singapore,Air,Food Products,448,2.44,3156,AIR_CARGO,92.15,Off_Peak,Carrier_A,5,144724
SHP00476,Bengaluru,Shanghai,Road,Solar Panels,5252,18.62,9391,40FT_HC,104.62,Off_Peak,Carrier_C,22,217332
SHP00477,Chennai,Antwerp,Road,Chemicals,929,9.21,11056,20FT,112.44,Off_Peak,Carrier_E,26,166847
SHP00478,Ahmedabad,Rotterdam,Air,Solar Panels,3022,14.96,9262,AIR_CARGO,114.77,Normal,Carrier_D,10,733734
SHP00479,Hyderabad,New York,Air,General Cargo,3169,14.18,5070,AIR_CARGO,84.83,Off_Peak,Carrier_E,7,303169
SHP00480,Kolkata,Singapore,Road,Automotive Parts,4594,11.99,2634,40FT_HC,98.87,Normal,Carrier_A,9,90545
SHP00481,Chennai,Busan,Road,Automotive Parts,901,10.1,3170,LCL,76.46,Peak,Carrier_C,10,40700
SHP00482,Kolkata,Singapore,Air,General Cargo,1198,6.57,2636,AIR_CARGO,97.47,Normal,Carrier_D,5,183097
SHP00483,Chennai,Busan,Sea,Food Products,4145,19.33,8243,40FT_HC,99.63,Off_Peak,Carrier_D,21,116649
SHP00484,Visakhapatnam,New York,Air,Automotive Parts,4531,20.32,9541,AIR_CARGO,102.86,Off_Peak,Carrier_B,11,647401
SHP00485,Delhi,Dubai,Air,Automotive Parts,2129,11.26,2160,AIR_CARGO,114.31,Peak,Carrier_B,4,291426
SHP00486,Pune,Colombo,Road,Machinery,11694,35.55,4141,40FT_HC,79.72,Peak,Carrier_A,11,191966
SHP00487,Visakhapatnam,Dubai,Air,Pharmaceuticals,4620,24.5,11038,AIR_CARGO,112.33,Normal,Carrier_E,12,1005481
SHP00488,Cochin,Antwerp,Sea,Furniture,23593,53.86,6303,40FT_HC,88.55,Peak,Carrier_C,16,269657
SHP00489,Kolkata,Antwerp,Sea,Electronics,10252,29.61,12172,40FT_HC,114.13,Peak,Carrier_A,28,331331
SHP00490,Ahmedabad,New York,Air,Solar Panels,3025,13.63,3947,AIR_CARGO,80.11,Off_Peak,Carrier_B,6,288769
SHP00491,Bengaluru,New York,Sea,General Cargo,12747,30.98,14529,40FT_HC,113.53,Normal,Carrier_B,31,267624
SHP00492,Visakhapatnam,Busan,Road,Pharmaceuticals,14180,43.31,3670,40FT_HC,78.31,Peak,Carrier_A,10,257237
SHP00493,Hyderabad,Los Angeles,Road,Food Products,10116,29.77,15119,40FT_HC,103.38,Peak,Carrier_B,34,434523
SHP00494,Chennai,Colombo,Air,Textiles,369,1.57,1016,AIR_CARGO,85.98,Normal,Carrier_B,3,58370
SHP00495,Ahmedabad,London,Road,Pharmaceuticals,8320,24.45,9323,LCL,103.04,Peak,Carrier_C,23,190996
SHP00496,Mumbai,Colombo,Sea,Machinery,1964,13.24,1596,LCL,95.01,Off_Peak,Carrier_B,9,18359
SHP00497,Visakhapatnam,Singapore,Road,Electronics,14590,36.75,9297,40FT_HC,104.56,Off_Peak,Carrier_C,22,282991
SHP00498,Visakhapatnam,Los Angeles,Air,Chemicals,4529,20.74,10004,AIR_CARGO,104.37,Peak,Carrier_D,11,1059403
SHP00499,Pune,Rotterdam,Road,Machinery,11114,30.09,7204,LCL,95.12,Off_Peak,Carrier_B,18,91974
SHP00500,Pune,New York,Air,Textiles,3836,17.02,12809,AIR_CARGO,87.83,Normal,Carrier_C,14,725059
SHP00501,Hyderabad,Jebel Ali,Air,Electronics,3197,16.47,2674,AIR_CARGO,113.48,Normal,Carrier_D,5,348882
SHP00502,Hyderabad,Singapore,Road,Machinery,10180,25.76,3767,40FT,94.35,Normal,Carrier_C,11,125570
SHP00503,Chennai,Singapore,Air,Textiles,300,1.65,3164,AIR_CARGO,95.54,Off_Peak,Carrier_A,5,142241
SHP00504,Visakhapatnam,Jebel Ali,Sea,Furniture,27316,52.47,11018,40FT_HC,110.48,Off_Peak,Carrier_D,24,269086
SHP00505,Visakhapatnam,Singapore,Road,Machinery,13885,35.17,7080,20FT,92.89,Peak,Carrier_D,18,179485
SHP00506,Visakhapatnam,Busan,Road,Machinery,13806,42.37,6381,40FT_HC,89.87,Normal,Carrier_C,17,209567
SHP00507,Bengaluru,Shanghai,Road,Machinery,6281,21.38,9846,LCL,107.43,Normal,Carrier_C,22,125060
SHP00508,Ahmedabad,Antwerp,Road,Machinery,8191,27.27,8727,LCL,102.01,Off_Peak,Carrier_A,21,107506
SHP00509,Visakhapatnam,London,Sea,Pharmaceuticals,7762,19.88,11506,LCL,111.38,Normal,Carrier_A,26,136333
SHP00510,Kolkata,Colombo,Road,Food Products,4361,17.31,2090,20FT,112.6,Peak,Carrier_E,7,65166
SHP00511,Mumbai,Colombo,Road,Textiles,2875,13.43,1673,40FT_HC,95.41,Off_Peak,Carrier_D,7,50495
SHP00512,Kolkata,Busan,Air,Food Products,1407,5.65,4353,AIR_CARGO,80.7,Off_Peak,Carrier_D,7,203370
SHP00513,Visakhapatnam,London,Air,Electronics,4539,21.13,6390,AIR_CARGO,88.88,Off_Peak,Carrier_A,8,513706
SHP00514,Bengaluru,Jebel Ali,Road,Automotive Parts,5515,15.33,4875,40FT_HC,82.46,Peak,Carrier_C,13,146810
SHP00515,Pune,Singapore,Road,Food Products,11348,28.82,4260,40FT_HC,106.5,Peak,Carrier_E,12,186732
SHP00516,Visakhapatnam,Los Angeles,Air,Automotive Parts,4738,21.79,5271,AIR_CARGO,84.61,Peak,Carrier_B,7,561270
SHP00517,Cochin,Singapore,Air,Pharmaceuticals,4268,23.48,8527,AIR_CARGO,99.02,Peak,Carrier_D,10,942224
SHP00518,Ahmedabad,Shanghai,Air,Pharmaceuticals,3038,13.25,10660,AIR_CARGO,110.28,Off_Peak,Carrier_B,12,793871
SHP00519,Delhi,Busan,Road,Machinery,7384,26.3,10105,40FT,104.97,Off_Peak,Carrier_E,24,199519
SHP00520,Ahmedabad,Jebel Ali,Road,Pharmaceuticals,8047,21.84,8722,LCL,100.73,Normal,Carrier_B,21,145056
SHP00521,Hyderabad,Jebel Ali,Air,General Cargo,3168,16.42,2635,AIR_CARGO,79.83,Off_Peak,Carrier_C,4,227170
SHP00522,Ahmedabad,Jebel Ali,Air,Food Products,2599,13.3,7589,AIR_CARGO,95.2,Peak,Carrier_D,9,574520
SHP00523,Delhi,Antwerp,Air,Chemicals,2203,9.08,5102,AIR_CARGO,83.35,Normal,Carrier_C,7,370793
SHP00524,Pune,New York,Sea,Food Products,15580,35.96,13347,20FT,103.53,Normal,Carrier_B,29,181044
SHP00525,Delhi,Busan,Road,Solar Panels,6827,24.71,3551,40FT_HC,77.45,Off_Peak,Carrier_D,10,107118
SHP00526,Visakhapatnam,Hamburg,Sea,Solar Panels,27207,53.81,11095,40FT,108.96,Peak,Carrier_A,26,402390
SHP00527,Ahmedabad,London,Sea,Machinery,17297,37.13,6354,40FT,90.31,Normal,Carrier_B,16,168139
SHP00528,Kolkata,Singapore,Road,General Cargo,3963,9.99,2583,40FT_HC,89.77,Off_Peak,Carrier_E,8,60156
SHP00529,Ahmedabad,Colombo,Sea,Food Products,11171,29.36,2155,20FT,97.2,Off_Peak,Carrier_E,8,61751
SHP00530,Cochin,New York,Road,Textiles,12406,36,10145,20FT,106.33,Peak,Carrier_A,24,249982
SHP00531,Pune,Shanghai,Sea,Food Products,22380,49.39,7951,40FT_HC,97.36,Off_Peak,Carrier_C,20,208507
SHP00532,Delhi,London,Road,Textiles,7111,21.56,6817,LCL,85.56,Off_Peak,Carrier_B,17,71819
SHP00533,Mumbai,New York,Air,Food Products,931,4.19,13715,AIR_CARGO,86.51,Off_Peak,Carrier_C,14,538350
SHP00534,Delhi,Jebel Ali,Road,Chemicals,7731,21.27,10466,20FT,108.97,Off_Peak,Carrier_C,25,192798
SHP00535,Delhi,Jebel Ali,Sea,Solar Panels,4003,9.96,7872,LCL,95.32,Normal,Carrier_D,20,63451
SHP00536,Ahmedabad,Colombo,Road,Solar Panels,8563,27.58,2038,40FT_HC,95.78,Peak,Carrier_C,8,140106
SHP00537,Hyderabad,Hamburg,Sea,Chemicals,19843,40.61,8652,40FT_HC,101.75,Off_Peak,Carrier_C,21,242768
SHP00538,Cochin,Dubai,Air,Chemicals,4507,23.6,7103,AIR_CARGO,92.81,Peak,Carrier_A,8,828912
SHP00539,Cochin,Rotterdam,Road,Furniture,13155,35.35,9866,40FT_HC,106.21,Normal,Carrier_A,23,302596
SHP00540,Pune,Los Angeles,Road,Electronics,10939,31.56,9340,40FT_HC,102.14,Off_Peak,Carrier_E,23,251275
SHP00541,Delhi,Los Angeles,Road,Electronics,7586,23.32,8463,40FT_HC,98.11,Off_Peak,Carrier_C,20,213403
SHP00542,Kolkata,Singapore,Road,Pharmaceuticals,3782,9.46,2455,40FT_HC,99.08,Peak,Carrier_D,8,106978
SHP00543,Cochin,London,Road,Machinery,12684,35.23,3672,20FT,77.95,Normal,Carrier_B,11,101872
SHP00544,Delhi,New York,Sea,Machinery,15548,36.05,11683,40FT_HC,102.34,Peak,Carrier_A,27,293969
SHP00545,Pune,New York,Road,Machinery,11337,33.3,13665,LCL,85.2,Off_Peak,Carrier_C,31,137679
SHP00546,Ahmedabad,New York,Air,Machinery,2813,12.63,7831,AIR_CARGO,96.33,Off_Peak,Carrier_B,9,438779
SHP00547,Bengaluru,Dubai,Road,Electronics,5830,15.55,3103,40FT_HC,78.19,Peak,Carrier_B,10,118116
SHP00548,Delhi,Colombo,Road,Furniture,7220,24.57,3455,40FT_HC,76.71,Peak,Carrier_E,10,126221
SHP00549,Delhi,Colombo,Road,Electronics,7006,23.61,12398,LCL,114.72,Peak,Carrier_A,28,234683
SHP00550,Pune,Hamburg,Air,Food Products,3860,18.96,10595,AIR_CARGO,93.75,Off_Peak,Carrier_A,11,611992
SHP00551,Hyderabad,London,Road,Machinery,9496,27.15,11443,LCL,112.1,Normal,Carrier_B,27,156302
SHP00552,Chennai,Antwerp,Road,Machinery,982,9.28,9728,40FT_HC,104.54,Peak,Carrier_B,22,235930
SHP00553,Kolkata,Jebel Ali,Road,Textiles,4491,13.1,5019,LCL,83.33,Normal,Carrier_A,13,59535
SHP00554,Mumbai,Los Angeles,Air,General Cargo,971,4.5,15234,AIR_CARGO,112.16,Peak,Carrier_C,15,1020979
SHP00555,Pune,Rotterdam,Air,General Cargo,3816,18.81,11230,AIR_CARGO,114.1,Off_Peak,Carrier_A,13,734873
SHP00556,Bengaluru,Jebel Ali,Air,Pharmaceuticals,1855,9.51,10426,AIR_CARGO,105.81,Off_Peak,Carrier_D,12,691530
SHP00557,Mumbai,Colombo,Sea,Food Products,8166,23.96,1559,40FT_HC,107.15,Peak,Carrier_E,9,93138
SHP00558,Visakhapatnam,New York,Road,Electronics,14026,39.91,3302,LCL,75.68,Normal,Carrier_C,9,91752
SHP00559,Cochin,Singapore,Sea,Automotive Parts,23583,43.06,3952,40FT_HC,79.43,Off_Peak,Carrier_E,13,168439
SHP00560,Hyderabad,Los Angeles,Road,Automotive Parts,9237,27.35,16070,LCL,97.3,Normal,Carrier_D,36,194736
SHP00561,Delhi,Hamburg,Road,Solar Panels,6810,20.21,3666,40FT,78.04,Peak,Carrier_A,11,134773
SHP00562,Hyderabad,Colombo,Road,Solar Panels,9532,29.84,3629,40FT,77.54,Normal,Carrier_A,11,136388
SHP00563,Visakhapatnam,Hamburg,Road,Chemicals,14691,39.96,9812,40FT,106.67,Normal,Carrier_E,24,321904
SHP00564,Hyderabad,Busan,Sea,Electronics,5131,20.5,9210,LCL,104.16,Normal,Carrier_D,22,90202
SHP00565,Chennai,New York,Sea,Automotive Parts,5849,18.46,14613,40FT,109.43,Off_Peak,Carrier_A,31,207000
SHP00566,Chennai,Antwerp,Road,Electronics,1047,9.65,4190,LCL,80.78,Off_Peak,Carrier_D,11,40824
SHP00567,Chennai,Los Angeles,Air,General Cargo,456,2.08,16084,AIR_CARGO,84.48,Normal,Carrier_B,16,652905
SHP00568,Cochin,Shanghai,Air,Automotive Parts,4496,19.58,7636,AIR_CARGO,96.65,Peak,Carrier_A,9,758041
SHP00569,Visakhapatnam,Shanghai,Air,Solar Panels,4759,20.89,3941,AIR_CARGO,79.72,Peak,Carrier_D,6,501924
SHP00570,Hyderabad,Jebel Ali,Sea,Machinery,20557,39.59,2861,40FT_HC,95.03,Peak,Carrier_A,10,198666
SHP00571,Cochin,New York,Air,Machinery,4194,18.76,12261,AIR_CARGO,113.81,Off_Peak,Carrier_A,13,800063
SHP00572,Visakhapatnam,Antwerp,Air,Pharmaceuticals,4753,19.73,9656,AIR_CARGO,105.89,Normal,Carrier_C,11,900586
SHP00573,Visakhapatnam,Colombo,Air,Machinery,4823,20.24,6295,AIR_CARGO,90.18,Peak,Carrier_D,8,584044
SHP00574,Bengaluru,London,Air,General Cargo,1802,8.46,10702,AIR_CARGO,80.33,Off_Peak,Carrier_D,12,440547
SHP00575,Visakhapatnam,Busan,Air,Furniture,4576,18.35,5215,AIR_CARGO,83.98,Off_Peak,Carrier_E,7,353568
SHP00576,Ahmedabad,Singapore,Air,Electronics,2798,15.42,5615,AIR_CARGO,87.48,Off_Peak,Carrier_E,8,362807
SHP00577,Ahmedabad,London,Air,Solar Panels,2821,13.33,8950,AIR_CARGO,101.25,Off_Peak,Carrier_C,10,556147
SHP00578,Mumbai,Colombo,Air,Machinery,803,3.4,1649,AIR_CARGO,114.12,Normal,Carrier_A,4,129187
SHP00579,Bengaluru,Los Angeles,Air,Textiles,1986,9.09,15909,AIR_CARGO,90.62,Peak,Carrier_C,17,927427
SHP00580,Chennai,Busan,Road,Chemicals,962,10.22,10475,40FT_HC,106.9,Peak,Carrier_D,24,323206
SHP00581,Cochin,Busan,Sea,Solar Panels,23542,54.75,10584,40FT_HC,106.5,Off_Peak,Carrier_D,25,283156
SHP00582,Chennai,London,Air,Automotive Parts,479,2.29,10426,AIR_CARGO,100.35,Off_Peak,Carrier_E,12,477874
SHP00583,Delhi,Colombo,Sea,Pharmaceuticals,3627,15.93,3233,LCL,76.32,Peak,Carrier_D,11,49421
SHP00584,Bengaluru,Dubai,Air,Food Products,1889,10,3082,AIR_CARGO,85.36,Peak,Carrier_E,5,251416
SHP00585,Bengaluru,Jebel Ali,Air,Solar Panels,1615,8.24,6070,AIR_CARGO,87.59,Normal,Carrier_D,8,370084
SHP00586,Ahmedabad,Colombo,Road,Furniture,8994,28.88,2195,LCL,94.26,Off_Peak,Carrier_A,8,52463
SHP00587,Chennai,London,Air,Textiles,485,2.3,10773,AIR_CARGO,83.05,Off_Peak,Carrier_C,11,394338
SHP00588,Ahmedabad,Shanghai,Road,Machinery,9053,28.46,7227,40FT_HC,93.38,Normal,Carrier_E,17,185915
SHP00589,Mumbai,Busan,Air,Solar Panels,1013,4.09,6652,AIR_CARGO,91.2,Peak,Carrier_D,9,443736
SHP00590,Visakhapatnam,Singapore,Road,Textiles,14262,36.09,4166,40FT_HC,80.94,Peak,Carrier_B,12,197304
SHP00591,Bengaluru,Los Angeles,Road,Electronics,5738,18.77,16137,40FT_HC,105.76,Normal,Carrier_A,36,417607
SHP00592,Delhi,Antwerp,Sea,Furniture,3644,17.12,5741,LCL,87.85,Off_Peak,Carrier_B,15,41651
SHP00593,Bengaluru,Singapore,Road,Chemicals,6036,15.37,3496,40FT,102.85,Peak,Carrier_D,10,146576
SHP00594,Visakhapatnam,Singapore,Air,General Cargo,4782,26.39,5835,AIR_CARGO,88.83,Peak,Carrier_C,7,593327
SHP00595,Ahmedabad,Busan,Sea,Machinery,12786,34.54,6406,20FT,90.44,Peak,Carrier_C,17,129122
SHP00596,Delhi,Dubai,Road,Solar Panels,7295,19.41,2201,20FT,108.63,Peak,Carrier_E,7,86066
SHP00597,Kolkata,Jebel Ali,Sea,Food Products,11191,22.39,5419,40FT,85.12,Peak,Carrier_E,15,133183
SHP00598,Cochin,Rotterdam,Air,Textiles,4189,21.09,5889,AIR_CARGO,88.66,Off_Peak,Carrier_B,8,406423
SHP00599,Cochin,Rotterdam,Sea,Machinery,17868,36.17,10969,20FT,110.61,Normal,Carrier_B,26,175682
SHP00600,Pune,Hamburg,Air,Food Products,3902,18.71,10236,AIR_CARGO,79.63,Peak,Carrier_E,12,656408
SHP00601,Hyderabad,Antwerp,Road,Food Products,9787,31.41,12072,20FT,113.47,Normal,Carrier_C,27,223494
SHP00602,Kolkata,Dubai,Air,General Cargo,1132,6.01,4467,AIR_CARGO,81.62,Off_Peak,Carrier_A,7,207886
SHP00603,Pune,Rotterdam,Air,Chemicals,3588,17.95,8972,AIR_CARGO,99.98,Peak,Carrier_A,11,913092
SHP00604,Visakhapatnam,Colombo,Road,General Cargo,13901,41.3,4141,LCL,80.05,Normal,Carrier_E,12,84344
SHP00605,Mumbai,Antwerp,Road,Pharmaceuticals,2893,14.04,7502,40FT_HC,95.72,Normal,Carrier_B,18,205845
SHP00606,Pune,Colombo,Sea,Solar Panels,21761,48.95,4994,40FT,82.97,Peak,Carrier_B,14,241053
SHP00607,Ahmedabad,Colombo,Sea,Food Products,18044,41.96,2203,40FT_HC,79.05,Off_Peak,Carrier_D,9,128413
SHP00608,Delhi,Antwerp,Road,Furniture,7212,25.16,6244,20FT,88.59,Off_Peak,Carrier_D,16,96139
SHP00609,Hyderabad,London,Road,Food Products,10226,29.01,4531,40FT_HC,82.28,Off_Peak,Carrier_E,13,123543
SHP00610,Cochin,Singapore,Road,Automotive Parts,12383,31.54,9587,40FT_HC,103.15,Off_Peak,Carrier_C,22,250312
SHP00611,Mumbai,Singapore,Air,Textiles,976,5.33,4179,AIR_CARGO,109.88,Normal,Carrier_B,7,266038
SHP00612,Mumbai,Antwerp,Air,Furniture,1018,4.18,10925,AIR_CARGO,108.06,Normal,Carrier_A,12,635032
SHP00613,Pune,Shanghai,Road,Furniture,11748,34.83,11121,40FT_HC,109.1,Off_Peak,Carrier_C,26,273651
SHP00614,Delhi,Colombo,Sea,Automotive Parts,13898,35.15,5182,40FT,83.77,Off_Peak,Carrier_A,14,133556
SHP00615,Delhi,Shanghai,Air,Machinery,2413,10.55,4522,AIR_CARGO,103.91,Normal,Carrier_D,7,335393
SHP00616,Cochin,London,Sea,Food Products,25261,51.91,4035,40FT_HC,80.5,Off_Peak,Carrier_C,11,176783
SHP00617,Mumbai,Shanghai,Road,Machinery,2902,12.93,6402,40FT_HC,82.56,Peak,Carrier_E,16,142106
SHP00618,Delhi,New York,Road,Electronics,7649,24.17,12162,40FT_HC,84.43,Normal,Carrier_D,27,282548
SHP00619,Chennai,Los Angeles,Air,Solar Panels,356,1.64,15162,AIR_CARGO,110.37,Off_Peak,Carrier_D,16,800692
SHP00620,Bengaluru,Jebel Ali,Road,General Cargo,5582,15.67,10418,40FT_HC,108.55,Peak,Carrier_B,24,298356
SHP00621,Pune,Dubai,Air,Machinery,3880,20.5,2004,AIR_CARGO,96.83,Normal,Carrier_A,4,295338
SHP00622,Pune,Singapore,Air,Automotive Parts,3694,20.43,4379,AIR_CARGO,102.44,Off_Peak,Carrier_C,7,381596
SHP00623,Mumbai,London,Air,Machinery,1044,4.87,9118,AIR_CARGO,76.99,Normal,Carrier_E,11,366289
SHP00624,Delhi,Antwerp,Air,Solar Panels,2107,8.82,6340,AIR_CARGO,89.39,Normal,Carrier_D,8,414447
SHP00625,Mumbai,Hamburg,Road,Textiles,2240,8.66,9610,LCL,87.72,Normal,Carrier_B,22,88707
SHP00626,Chennai,Antwerp,Sea,Food Products,6339,21.57,5194,40FT_HC,84.26,Peak,Carrier_D,14,119869
SHP00627,Bengaluru,Dubai,Road,Pharmaceuticals,6090,16.36,3247,40FT_HC,88.1,Peak,Carrier_C,10,147355
SHP00628,Chennai,Hamburg,Sea,Machinery,3202,10.04,11523,20FT,103.45,Off_Peak,Carrier_E,26,89486
SHP00629,Chennai,Colombo,Air,Food Products,340,1.45,1015,AIR_CARGO,88.61,Peak,Carrier_D,3,69276
SHP00630,Visakhapatnam,Rotterdam,Air,Electronics,4671,23.35,10452,AIR_CARGO,109.36,Normal,Carrier_E,11,855149
SHP00631,Mumbai,Colombo,Air,Solar Panels,1119,4.78,1560,AIR_CARGO,77.05,Normal,Carrier_E,4,116954
SHP00632,Cochin,Jebel Ali,Road,Chemicals,12791,33.91,11235,40FT,114.1,Peak,Carrier_E,25,417074
SHP00633,Hyderabad,Jebel Ali,Sea,Chemicals,5111,11.47,2603,LCL,100.94,Off_Peak,Carrier_E,9,34169
SHP00634,Mumbai,New York,Road,Electronics,3096,12.72,12629,40FT,99.84,Peak,Carrier_E,29,320221
SHP00635,Chennai,Rotterdam,Road,Textiles,1070,4.8,10676,40FT_HC,110.51,Peak,Carrier_D,24,266658
SHP00636,Pune,New York,Sea,Textiles,22914,48.79,13597,40FT_HC,91.52,Off_Peak,Carrier_E,30,249120
SHP00637,Visakhapatnam,New York,Road,General Cargo,14773,42.23,5644,40FT,86.05,Peak,Carrier_D,15,222307
SHP00638,Hyderabad,Jebel Ali,Road,Electronics,9253,24.73,2637,40FT_HC,78.78,Normal,Carrier_A,8,124542
SHP00639,Chennai,Jebel Ali,Sea,Chemicals,5261,12.46,3560,40FT_HC,92.57,Off_Peak,Carrier_B,12,77898
SHP00640,Ahmedabad,Rotterdam,Air,Textiles,2934,14.78,9430,AIR_CARGO,83.28,Off_Peak,Carrier_E,10,438903
SHP00641,Delhi,Dubai,Road,General Cargo,7255,19.44,2297,20FT,107.93,Off_Peak,Carrier_A,7,61748
SHP00642,Chennai,Busan,Road,Textiles,1258,10.53,8885,LCL,101.24,Peak,Carrier_E,22,105998
SHP00643,Hyderabad,Rotterdam,Air,Solar Panels,3495,17.56,10652,AIR_CARGO,80.78,Off_Peak,Carrier_B,11,560748
SHP00644,Cochin,Jebel Ali,Sea,Furniture,23760,46.15,3077,40FT,75.73,Peak,Carrier_B,11,196860
SHP00645,Bengaluru,Colombo,Road,Automotive Parts,6379,22.02,7818,LCL,95.98,Peak,Carrier_B,19,127656
SHP00646,Delhi,Shanghai,Air,Pharmaceuticals,2567,11.31,4662,AIR_CARGO,106.16,Off_Peak,Carrier_B,7,395292
SHP00647,Ahmedabad,Dubai,Air,Electronics,2740,14.73,1819,AIR_CARGO,77.96,Peak,Carrier_D,4,278500
SHP00648,Hyderabad,Antwerp,Sea,Furniture,20012,46.6,9199,40FT_HC,103.08,Peak,Carrier_D,21,285768
SHP00649,Ahmedabad,Antwerp,Air,Machinery,2980,12.37,10764,AIR_CARGO,108.87,Off_Peak,Carrier_D,11,604112
SHP00650,Chennai,Los Angeles,Air,Machinery,318,1.46,15925,AIR_CARGO,83.28,Peak,Carrier_B,16,763127
SHP00651,Hyderabad,Singapore,Road,Chemicals,10340,26.5,3632,40FT,97.21,Off_Peak,Carrier_C,11,138504
SHP00652,Pune,New York,Road,Chemicals,11458,33.6,12882,20FT,76.47,Off_Peak,Carrier_D,29,197415
SHP00653,Delhi,London,Road,Furniture,6815,20.82,6703,40FT,81.42,Off_Peak,Carrier_C,17,123001
SHP00654,Visakhapatnam,Shanghai,Road,General Cargo,14544,41.92,9045,LCL,101.09,Normal,Carrier_E,22,135506
SHP00655,Kolkata,Colombo,Road,Solar Panels,4917,18.95,1966,40FT,89.9,Off_Peak,Carrier_D,7,68723
SHP00656,Ahmedabad,Los Angeles,Air,Automotive Parts,3022,13.73,10132,AIR_CARGO,107.95,Normal,Carrier_B,11,705382
SHP00657,Kolkata,Rotterdam,Road,Textiles,4336,12.98,12227,40FT_HC,79.49,Peak,Carrier_D,28,252400
SHP00658,Hyderabad,New York,Sea,Chemicals,19277,42.32,10776,40FT_HC,108.98,Peak,Carrier_B,24,383899
SHP00659,Cochin,Hamburg,Air,Electronics,4147,19.83,12392,AIR_CARGO,114.76,Peak,Carrier_C,14,1223431
SHP00660,Visakhapatnam,Antwerp,Air,Electronics,4794,19.65,11419,AIR_CARGO,110.1,Peak,Carrier_B,12,1119020
SHP00661,Pune,Hamburg,Air,Textiles,3944,19.07,10115,AIR_CARGO,106.77,Peak,Carrier_B,12,851431
SHP00662,Visakhapatnam,Dubai,Road,Solar Panels,14040,35.81,11681,20FT,113.99,Off_Peak,Carrier_C,27,232079
SHP00663,Ahmedabad,Shanghai,Sea,Food Products,12503,30.78,7838,20FT,98.08,Normal,Carrier_B,18,121454
SHP00664,Bengaluru,Jebel Ali,Air,Solar Panels,2001,10.29,3323,AIR_CARGO,76.04,Off_Peak,Carrier_C,5,214211
SHP00665,Pune,Antwerp,Sea,Textiles,15262,38.46,8286,20FT,98.2,Peak,Carrier_D,20,166995
SHP00666,Visakhapatnam,Los Angeles,Air,Machinery,4969,22.74,5480,AIR_CARGO,84.89,Off_Peak,Carrier_E,7,383827
SHP00667,Cochin,Colombo,Road,Food Products,12005,36.14,4093,LCL,79,Off_Peak,Carrier_D,12,69044
SHP00668,Delhi,Singapore,Sea,Chemicals,4177,7.78,4317,LCL,80.7,Normal,Carrier_C,12,41419
SHP00669,Kolkata,Los Angeles,Air,Solar Panels,1520,6.96,6834,AIR_CARGO,91.04,Peak,Carrier_B,9,487766
SHP00670,Kolkata,Rotterdam,Air,Food Products,1454,7.21,11445,AIR_CARGO,78.68,Peak,Carrier_E,12,563876
SHP00671,Mumbai,Hamburg,Air,Automotive Parts,721,3.49,9789,AIR_CARGO,82.04,Normal,Carrier_A,11,471250
SHP00672,Mumbai,Antwerp,Road,Solar Panels,2768,13.69,6691,40FT_HC,90.91,Peak,Carrier_B,17,187720
SHP00673,Hyderabad,Singapore,Road,Automotive Parts,10052,25.51,3829,40FT,88.01,Peak,Carrier_C,10,159820
SHP00674,Hyderabad,New York,Air,Pharmaceuticals,3110,13.73,7614,AIR_CARGO,93.96,Off_Peak,Carrier_D,9,558215
SHP00675,Hyderabad,Singapore,Air,General Cargo,3227,17.66,3730,AIR_CARGO,110.13,Normal,Carrier_D,6,359879
SHP00676,Bengaluru,Colombo,Sea,Textiles,11434,30.03,10831,40FT_HC,109.41,Peak,Carrier_E,25,243553
SHP00677,Cochin,Busan,Sea,General Cargo,23929,54.85,10333,40FT,109.68,Normal,Carrier_E,24,255477
SHP00678,Chennai,Los Angeles,Sea,Chemicals,5731,16.98,15865,40FT,105.51,Peak,Carrier_A,33,324496
SHP00679,Kolkata,Dubai,Sea,Solar Panels,9021,18.35,11463,40FT_HC,113.19,Peak,Carrier_A,26,279621
SHP00680,Kolkata,Antwerp,Sea,Solar Panels,9286,27.5,10031,40FT,106.13,Off_Peak,Carrier_E,23,163340
SHP00681,Hyderabad,Colombo,Road,Automotive Parts,10344,31.98,9565,20FT,104.79,Normal,Carrier_E,22,185271
SHP00682,Hyderabad,Shanghai,Sea,Food Products,20228,45.47,5216,40FT_HC,84.76,Normal,Carrier_B,15,182875
SHP00683,Mumbai,Rotterdam,Sea,Food Products,6456,14.77,9890,40FT_HC,75.79,Off_Peak,Carrier_E,24,104967
SHP00684,Cochin,Singapore,Air,Furniture,4487,24.58,4554,AIR_CARGO,82.97,Peak,Carrier_E,6,473140
SHP00685,Delhi,Hamburg,Sea,Food Products,15561,32.48,9591,40FT_HC,105.77,Normal,Carrier_D,22,214635
SHP00686,Delhi,Antwerp,Sea,Chemicals,3844,17.86,4487,LCL,82.24,Peak,Carrier_C,14,58599
SHP00687,Ahmedabad,Rotterdam,Road,Furniture,8811,24.15,9484,LCL,106.19,Peak,Carrier_B,22,153031
SHP00688,Bengaluru,Colombo,Air,Textiles,1715,7.34,12544,AIR_CARGO,114.86,Peak,Carrier_C,13,926597
SHP00689,Delhi,Singapore,Road,Food Products,7486,19.13,4250,40FT_HC,107.45,Normal,Carrier_A,12,139965
SHP00690,Delhi,Shanghai,Air,Textiles,2503,10.91,4848,AIR_CARGO,83.43,Off_Peak,Carrier_C,7,270221
SHP00691,Visakhapatnam,New York,Sea,Pharmaceuticals,18643,41.3,10824,20FT,112.01,Off_Peak,Carrier_C,25,204068
SHP00692,Delhi,Rotterdam,Road,Textiles,6427,18.7,6898,40FT,91.61,Off_Peak,Carrier_A,17,136747
SHP00693,Cochin,Antwerp,Road,General Cargo,12280,37.85,5660,LCL,87.93,Normal,Carrier_A,15,101183
SHP00694,Delhi,Los Angeles,Sea,Automotive Parts,3685,13.27,7320,LCL,93.26,Normal,Carrier_A,18,61435
SHP00695,Delhi,Shanghai,Road,Electronics,6958,23.21,4948,20FT,75.17,Peak,Carrier_A,14,120932
SHP00696,Kolkata,Colombo,Air,General Cargo,1413,5.98,2093,AIR_CARGO,107.26,Normal,Carrier_E,5,166391
SHP00697,Mumbai,London,Sea,Electronics,7383,18.48,9439,40FT_HC,98.25,Off_Peak,Carrier_A,22,164229
SHP00698,Kolkata,Antwerp,Sea,General Cargo,11176,30.89,5286,40FT,84.1,Normal,Carrier_A,15,129959
SHP00699,Hyderabad,Jebel Ali,Road,Textiles,9307,24.68,2653,40FT_HC,98.21,Normal,Carrier_A,9,122057
SHP00700,Chennai,Busan,Air,Electronics,363,1.47,11154,AIR_CARGO,113.29,Normal,Carrier_A,12,726595
SHP00701,Pune,Los Angeles,Road,General Cargo,11607,33.34,6664,LCL,91.36,Peak,Carrier_B,17,121386
SHP00702,Visakhapatnam,Singapore,Road,Chemicals,14588,36.49,10500,40FT_HC,110.17,Peak,Carrier_C,25,457216
SHP00703,Ahmedabad,Los Angeles,Road,Food Products,8140,24.79,9993,40FT,107.52,Peak,Carrier_A,23,302453
SHP00704,Ahmedabad,London,Road,Food Products,8622,25.49,9024,40FT_HC,100.56,Off_Peak,Carrier_B,21,202442
SHP00705,Cochin,Busan,Air,Automotive Parts,4096,16.77,11603,AIR_CARGO,114.91,Normal,Carrier_B,12,895276
SHP00706,Ahmedabad,Rotterdam,Sea,Solar Panels,16647,33.46,9433,40FT_HC,94.11,Off_Peak,Carrier_A,23,214306
SHP00707,Cochin,New York,Air,General Cargo,4033,18.15,8181,AIR_CARGO,99.88,Normal,Carrier_E,9,551244
SHP00708,Kolkata,Rotterdam,Air,Machinery,1536,7.68,11244,AIR_CARGO,102.08,Off_Peak,Carrier_C,12,542527
SHP00709,Bengaluru,Hamburg,Sea,General Cargo,3059,9.63,7999,LCL,98.35,Normal,Carrier_A,19,59136
SHP00710,Visakhapatnam,Shanghai,Road,General Cargo,13987,40.6,11660,LCL,113.23,Off_Peak,Carrier_D,27,156368
SHP00711,Mumbai,Antwerp,Sea,Machinery,7413,24.33,10844,40FT,112.31,Off_Peak,Carrier_E,24,154662
SHP00712,Delhi,Antwerp,Air,Machinery,2413,9.92,10798,AIR_CARGO,109.55,Off_Peak,Carrier_E,12,564271
SHP00713,Visakhapatnam,Antwerp,Road,Electronics,13430,40.28,7040,LCL,92.26,Peak,Carrier_D,18,159598
SHP00714,Chennai,Hamburg,Air,Food Products,408,1.97,11325,AIR_CARGO,80.19,Normal,Carrier_A,13,463956
SHP00715,Hyderabad,New York,Road,Solar Panels,9953,30.21,5886,LCL,87.38,Peak,Carrier_D,15,119898
SHP00716,Cochin,Singapore,Road,Solar Panels,12735,32.42,11642,40FT_HC,112.04,Off_Peak,Carrier_A,26,335708
SHP00717,Delhi,New York,Air,Electronics,2245,9.96,11432,AIR_CARGO,104.3,Peak,Carrier_E,13,884606
SHP00718,Pune,London,Sea,General Cargo,22279,46,9891,40FT_HC,76.21,Normal,Carrier_B,24,227021
SHP00719,Visakhapatnam,Antwerp,Air,Pharmaceuticals,4824,19.9,7484,AIR_CARGO,96.26,Peak,Carrier_E,9,827986
SHP00720,Ahmedabad,Hamburg,Sea,Solar Panels,11853,25.83,10488,20FT,106.25,Off_Peak,Carrier_E,24,131700
SHP00721,Hyderabad,Dubai,Road,Furniture,9385,24.66,2788,20FT,111.18,Peak,Carrier_B,9,103243
SHP00722,Bengaluru,Antwerp,Sea,Textiles,11860,32.12,7334,40FT,92.96,Peak,Carrier_B,19,179288
SHP00723,Cochin,Rotterdam,Air,Automotive Parts,4249,21.14,4769,AIR_CARGO,82.93,Peak,Carrier_D,7,515606
SHP00724,Bengaluru,Colombo,Road,Chemicals,5441,19.89,3749,40FT,79.04,Normal,Carrier_C,11,114771
SHP00725,Visakhapatnam,Colombo,Road,Chemicals,14545,42.99,7901,LCL,98.15,Normal,Carrier_E,19,152989
SHP00726,Chennai,Busan,Road,Solar Panels,871,9.61,4779,40FT_HC,83.09,Normal,Carrier_D,13,97280
SHP00727,Hyderabad,Dubai,Air,Food Products,3191,16.93,2835,AIR_CARGO,90.79,Peak,Carrier_B,5,335198
SHP00728,Delhi,Jebel Ali,Air,Pharmaceuticals,2494,12.85,3110,AIR_CARGO,75.12,Off_Peak,Carrier_E,6,253644
SHP00729,Cochin,Singapore,Air,Electronics,4117,22.34,6681,AIR_CARGO,90.41,Normal,Carrier_B,8,563298
SHP00730,Ahmedabad,Dubai,Sea,Furniture,12630,24.09,1705,20FT,86.95,Peak,Carrier_E,9,78099
SHP00731,Cochin,Busan,Road,Electronics,12010,37.36,7708,40FT_HC,94.79,Off_Peak,Carrier_A,19,234123
SHP00732,Mumbai,Jebel Ali,Sea,Electronics,7453,16.28,1901,40FT_HC,90.65,Off_Peak,Carrier_B,9,70303
SHP00733,Kolkata,Jebel Ali,Sea,Electronics,6887,15.39,11386,20FT,111.17,Peak,Carrier_C,27,173595
SHP00734,Chennai,Rotterdam,Air,Furniture,359,1.78,11357,AIR_CARGO,81.63,Peak,Carrier_B,12,554497
SHP00735,Pune,Busan,Air,Pharmaceuticals,3796,15.3,11089,AIR_CARGO,109.95,Off_Peak,Carrier_C,12,858183
SHP00736,Pune,Busan,Air,Chemicals,3846,15.7,4664,AIR_CARGO,81.97,Off_Peak,Carrier_B,6,394318
SHP00737,Kolkata,Jebel Ali,Air,Automotive Parts,1397,7.26,3223,AIR_CARGO,75.6,Normal,Carrier_A,5,205003
SHP00738,Chennai,Hamburg,Air,Automotive Parts,337,1.62,11276,AIR_CARGO,99.27,Peak,Carrier_E,12,663394
SHP00739,Ahmedabad,Shanghai,Air,General Cargo,2759,12.06,8213,AIR_CARGO,98.17,Peak,Carrier_B,10,603068
SHP00740,Cochin,Busan,Sea,Textiles,23842,54.96,4335,40FT_HC,80.81,Off_Peak,Carrier_C,13,177048
SHP00741,Chennai,Rotterdam,Road,Furniture,1876,7.21,11459,40FT_HC,80.78,Normal,Carrier_B,26,185375
SHP00742,Bengaluru,Hamburg,Air,General Cargo,1716,8.25,11702,AIR_CARGO,114.77,Peak,Carrier_E,13,829031
SHP00743,Bengaluru,Busan,Air,General Cargo,1668,6.75,8952,AIR_CARGO,101.07,Normal,Carrier_D,10,497134
SHP00744,Cochin,Singapore,Sea,General Cargo,7124,13.77,11573,LCL,113.61,Peak,Carrier_B,25,116636
SHP00745,Delhi,New York,Air,Automotive Parts,2496,11.18,12091,AIR_CARGO,75.45,Peak,Carrier_D,13,726602
SHP00746,Mumbai,Jebel Ali,Road,Automotive Parts,2990,8.84,2013,20FT,90.52,Peak,Carrier_D,7,49434
SHP00747,Cochin,Hamburg,Sea,Chemicals,23473,47.49,6737,40FT_HC,92.33,Peak,Carrier_C,17,325430
SHP00748,Kolkata,Dubai,Road,Textiles,3833,10.47,10451,40FT_HC,108.39,Peak,Carrier_E,24,267958
SHP00749,Cochin,Shanghai,Air,Pharmaceuticals,4079,17.97,5538,AIR_CARGO,85.88,Normal,Carrier_A,8,566380
SHP00750,Kolkata,London,Sea,Pharmaceuticals,2085,9.76,11633,LCL,81.94,Off_Peak,Carrier_D,26,73374
SHP00751,Cochin,Busan,Air,Machinery,4501,18.29,7476,AIR_CARGO,95.4,Off_Peak,Carrier_C,9,482934
SHP00752,Visakhapatnam,Rotterdam,Road,Solar Panels,14680,38.83,4906,LCL,84.16,Peak,Carrier_A,13,132864
SHP00753,Hyderabad,Singapore,Air,Automotive Parts,3369,18.58,3818,AIR_CARGO,80.73,Normal,Carrier_B,6,341287
SHP00754,Visakhapatnam,Antwerp,Air,Electronics,4814,19.87,5410,AIR_CARGO,86.43,Peak,Carrier_E,7,602750
SHP00755,Chennai,Hamburg,Sea,Electronics,5998,15.83,10721,40FT_HC,104.18,Off_Peak,Carrier_E,25,158998
SHP00756,Kolkata,Hamburg,Road,Solar Panels,4576,14.69,8661,40FT,102.14,Peak,Carrier_A,21,259628
SHP00757,Visakhapatnam,Dubai,Sea,Automotive Parts,25637,47.62,6103,40FT_HC,88.66,Off_Peak,Carrier_B,16,211683
SHP00758,Delhi,Rotterdam,Air,Automotive Parts,2318,11.72,7074,AIR_CARGO,104,Normal,Carrier_E,9,474788
SHP00759,Hyderabad,Dubai,Road,Chemicals,9246,24.29,2821,40FT_HC,83.68,Off_Peak,Carrier_E,9,113743
SHP00760,Mumbai,Rotterdam,Air,Furniture,703,3.53,10232,AIR_CARGO,79.68,Normal,Carrier_C,11,426527
SHP00761,Delhi,London,Sea,Chemicals,15327,33.57,6633,40FT_HC,100.1,Peak,Carrier_A,18,269773
SHP00762,Pune,Hamburg,Air,Electronics,3899,19.09,10026,AIR_CARGO,97,Normal,Carrier_B,11,733573
SHP00763,Visakhapatnam,Jebel Ali,Sea,Solar Panels,27883,53.09,11021,40FT_HC,113.21,Off_Peak,Carrier_E,25,299398
SHP00764,Delhi,New York,Road,Food Products,7794,24.21,12078,40FT,104.96,Off_Peak,Carrier_E,27,230620
SHP00765,Visakhapatnam,Dubai,Air,Chemicals,4759,25.44,9896,AIR_CARGO,105.18,Normal,Carrier_B,11,883530
SHP00766,Mumbai,Dubai,Sea,Textiles,1375,3.65,1914,LCL,79.33,Normal,Carrier_B,9,13596
SHP00767,Bengaluru,Shanghai,Sea,Furniture,11345,28.65,9195,40FT,101.73,Off_Peak,Carrier_B,22,151348
SHP00768,Delhi,Los Angeles,Sea,Electronics,15188,34.1,10906,40FT_HC,110.97,Normal,Carrier_C,25,266429
SHP00769,Pune,Los Angeles,Sea,Electronics,21493,45.3,7346,40FT_HC,94.73,Normal,Carrier_B,18,250115
SHP00770,Visakhapatnam,Singapore,Road,Solar Panels,13888,35.25,7155,LCL,92.68,Off_Peak,Carrier_B,18,113607
SHP00771,Mumbai,Hamburg,Air,Electronics,930,4.53,10422,AIR_CARGO,89.84,Peak,Carrier_B,11,672869
SHP00772,Kolkata,Hamburg,Air,Textiles,1447,7.09,10166,AIR_CARGO,108.31,Normal,Carrier_E,11,574173
SHP00773,Mumbai,Singapore,Air,General Cargo,835,4.56,4275,AIR_CARGO,114.26,Normal,Carrier_C,7,270154
SHP00774,Delhi,London,Air,Food Products,2439,11.49,6848,AIR_CARGO,109.41,Off_Peak,Carrier_C,8,408277
SHP00775,Ahmedabad,Shanghai,Sea,Food Products,16014,37.17,8243,40FT,99.74,Off_Peak,Carrier_D,20,167793
SHP00776,Hyderabad,Jebel Ali,Road,Furniture,9599,25.79,2658,40FT,103.56,Peak,Carrier_D,9,133960
SHP00777,Kolkata,Shanghai,Sea,Pharmaceuticals,6370,20.38,4728,20FT,76.75,Peak,Carrier_E,14,91906
SHP00778,Pune,Rotterdam,Air,Pharmaceuticals,3586,18,3849,AIR_CARGO,79.28,Peak,Carrier_B,5,495314
SHP00779,Mumbai,Los Angeles,Sea,Textiles,8562,22.4,14469,40FT,112.87,Normal,Carrier_B,31,223319
SHP00780,Ahmedabad,Dubai,Air,Solar Panels,2681,14.26,1861,AIR_CARGO,98.44,Peak,Carrier_A,4,312556
SHP00781,Cochin,London,Road,Automotive Parts,12802,35.98,8197,40FT_HC,98.28,Normal,Carrier_C,20,263202
SHP00782,Delhi,Singapore,Sea,Food Products,3737,6.94,4259,LCL,82.16,Normal,Carrier_E,14,31218
SHP00783,Mumbai,New York,Sea,General Cargo,8750,23.1,12633,40FT_HC,100.51,Peak,Carrier_C,29,239508
SHP00784,Bengaluru,Los Angeles,Road,Solar Panels,6065,19.75,16257,40FT_HC,82.9,Off_Peak,Carrier_D,36,288167
SHP00785,Kolkata,Dubai,Road,Automotive Parts,4032,10.93,8085,40FT,97.78,Off_Peak,Carrier_C,19,152869
SHP00786,Cochin,Antwerp,Sea,General Cargo,24832,56.03,11922,40FT_HC,114.51,Peak,Carrier_C,26,384713
SHP00787,Visakhapatnam,Busan,Air,Machinery,4698,18.95,7644,AIR_CARGO,94.58,Peak,Carrier_B,9,664431
SHP00788,Cochin,London,Sea,Food Products,23605,48.68,10020,40FT_HC,104.72,Normal,Carrier_B,23,275148
SHP00789,Visakhapatnam,Hamburg,Sea,Furniture,26320,52.32,5042,40FT_HC,84.29,Normal,Carrier_C,15,215644
SHP00790,Ahmedabad,New York,Road,Automotive Parts,7964,25.07,3732,20FT,78.13,Peak,Carrier_A,11,106809
SHP00791,Chennai,Antwerp,Sea,Chemicals,3135,16.69,7777,20FT,95.34,Peak,Carrier_B,19,114629
SHP00792,Hyderabad,New York,Road,Machinery,10139,30.44,10715,LCL,110.94,Normal,Carrier_E,25,146874
SHP00793,Pune,Colombo,Road,Automotive Parts,11512,34.97,4098,20FT,80.46,Off_Peak,Carrier_B,12,96622
SHP00794,Bengaluru,Jebel Ali,Air,Electronics,1887,9.79,3703,AIR_CARGO,78.02,Peak,Carrier_A,6,330821
SHP00795,Cochin,Hamburg,Air,Pharmaceuticals,4308,20.67,6043,AIR_CARGO,88,Off_Peak,Carrier_A,8,533603
SHP00796,Mumbai,London,Road,Automotive Parts,2733,10.61,9273,40FT_HC,93.54,Normal,Carrier_A,22,206157
SHP00797,Pune,Antwerp,Road,Furniture,10919,34.27,11389,40FT_HC,114.06,Off_Peak,Carrier_A,26,292429
SHP00798,Cochin,Busan,Sea,Food Products,24346,55.73,10145,40FT,105.66,Off_Peak,Carrier_E,23,227736
SHP00799,Chennai,Busan,Sea,Electronics,5029,20.86,3449,40FT,77.62,Normal,Carrier_B,11,82239
SHP00800,Delhi,Rotterdam,Air,Solar Panels,2192,11.01,7298,AIR_CARGO,98.27,Normal,Carrier_A,9,515696
SHP00801,Visakhapatnam,Singapore,Sea,Machinery,7423,13.84,7289,LCL,92.58,Peak,Carrier_C,18,74639
SHP00802,Delhi,New York,Road,Electronics,6887,22.39,12269,40FT_HC,96.47,Off_Peak,Carrier_A,27,281866
SHP00803,Cochin,New York,Sea,Solar Panels,23765,50.53,10886,40FT,112.53,Off_Peak,Carrier_E,24,256303
SHP00804,Delhi,New York,Sea,Chemicals,15247,35.21,12215,40FT_HC,103.92,Normal,Carrier_E,27,282486
SHP00805,Kolkata,Dubai,Sea,Chemicals,9151,18.04,8226,40FT_HC,99.2,Off_Peak,Carrier_E,19,151828
SHP00806,Chennai,New York,Road,Textiles,1368,8.74,14602,20FT,99.36,Peak,Carrier_E,33,222433
SHP00807,Kolkata,Jebel Ali,Air,Solar Panels,1306,6.67,11572,AIR_CARGO,112.68,Peak,Carrier_B,12,904476
SHP00808,Ahmedabad,Rotterdam,Road,Automotive Parts,8407,23.12,10046,40FT_HC,85.05,Off_Peak,Carrier_C,23,202244
SHP00809,Mumbai,Jebel Ali,Sea,Solar Panels,1962,6.3,1871,LCL,102.06,Off_Peak,Carrier_D,8,18480
SHP00810,Delhi,Busan,Air,Solar Panels,2264,9.21,3021,AIR_CARGO,75.24,Normal,Carrier_D,5,243599
SHP00811,Hyderabad,London,Road,Automotive Parts,9622,27.76,5347,20FT,84.59,Off_Peak,Carrier_A,14,107625
SHP00812,Hyderabad,Colombo,Air,Automotive Parts,3487,14.72,3539,AIR_CARGO,77.79,Normal,Carrier_E,5,300671
SHP00813,Cochin,Jebel Ali,Road,Furniture,13179,34.89,4060,40FT,79.62,Normal,Carrier_E,12,137649
SHP00814,Ahmedabad,London,Air,Automotive Parts,2643,12.58,4614,AIR_CARGO,83.14,Peak,Carrier_A,6,420538
SHP00815,Bengaluru,Colombo,Air,Pharmaceuticals,2034,8.61,4961,AIR_CARGO,83.62,Peak,Carrier_E,6,428186
SHP00816,Kolkata,Dubai,Sea,Food Products,11134,21.79,11748,40FT_HC,113.41,Normal,Carrier_D,25,222237
SHP00817,Kolkata,Jebel Ali,Air,General Cargo,1305,6.72,7008,AIR_CARGO,93.34,Normal,Carrier_C,8,367097
SHP00818,Kolkata,Antwerp,Sea,Machinery,2406,14.62,10384,LCL,106.37,Normal,Carrier_A,23,79771
SHP00819,Kolkata,Jebel Ali,Road,Electronics,4526,12.73,8584,40FT_HC,99.17,Off_Peak,Carrier_D,20,192237
SHP00820,Mumbai,Colombo,Air,Furniture,839,3.55,1615,AIR_CARGO,97.21,Off_Peak,Carrier_D,4,102016
SHP00821,Chennai,Busan,Air,Chemicals,422,1.73,3784,AIR_CARGO,78.1,Peak,Carrier_A,6,241184
SHP00822,Ahmedabad,Dubai,Road,Furniture,8404,22.29,1729,LCL,99.28,Off_Peak,Carrier_D,7,42056
SHP00823,Visakhapatnam,Hamburg,Road,Pharmaceuticals,14506,39.42,11670,LCL,111.83,Peak,Carrier_D,27,270017
SHP00824,Delhi,Colombo,Air,Textiles,2440,10.3,11816,AIR_CARGO,114.69,Normal,Carrier_E,13,721839
SHP00825,Ahmedabad,Rotterdam,Sea,Solar Panels,11517,24.74,9266,20FT,78.98,Off_Peak,Carrier_D,23,105066
SHP00826,Bengaluru,Los Angeles,Road,Pharmaceuticals,5059,16.86,16551,40FT_HC,109.15,Off_Peak,Carrier_D,36,415538
SHP00827,Mumbai,Antwerp,Air,General Cargo,1035,4.31,4544,AIR_CARGO,80.97,Normal,Carrier_A,6,235174
SHP00828,Delhi,London,Sea,Furniture,13674,29.91,6490,40FT_HC,80.73,Off_Peak,Carrier_B,16,131420
SHP00829,Mumbai,London,Sea,Furniture,6594,17.27,9317,40FT,99.69,Peak,Carrier_D,21,164494
SHP00830,Kolkata,Singapore,Sea,Food Products,10872,20.58,2620,40FT,99.08,Normal,Carrier_A,10,95317
SHP00831,Pune,Shanghai,Sea,Solar Panels,6282,20.23,12095,LCL,113.44,Normal,Carrier_B,27,116417
SHP00832,Ahmedabad,Antwerp,Air,Solar Panels,2792,11.53,10292,AIR_CARGO,107.01,Peak,Carrier_E,11,846199
SHP00833,Chennai,New York,Air,Pharmaceuticals,465,2.09,14355,AIR_CARGO,99.9,Off_Peak,Carrier_E,15,756781
SHP00834,Ahmedabad,London,Sea,Food Products,4784,14.39,3144,LCL,76.11,Peak,Carrier_E,10,38257
SHP00835,Hyderabad,Antwerp,Air,Chemicals,3102,12.9,11271,AIR_CARGO,113.71,Off_Peak,Carrier_E,12,780903
SHP00836,Bengaluru,Shanghai,Air,Textiles,2068,8.99,10882,AIR_CARGO,109.15,Peak,Carrier_C,12,779082
SHP00837,Kolkata,New York,Road,Chemicals,4509,16.52,15139,40FT,106.46,Peak,Carrier_B,33,452564
SHP00838,Visakhapatnam,Shanghai,Sea,Chemicals,25816,55.82,3963,40FT_HC,79.4,Peak,Carrier_E,12,292680
SHP00839,Pune,London,Sea,Pharmaceuticals,21304,44.72,9999,40FT_HC,82.72,Normal,Carrier_D,23,297740
SHP00840,Kolkata,Shanghai,Road,Automotive Parts,4365,16.8,4787,40FT,107.55,Peak,Carrier_A,13,163262
SHP00841,Delhi,London,Road,Machinery,6822,20.41,6830,LCL,79.62,Off_Peak,Carrier_E,17,64661
SHP00842,Hyderabad,Antwerp,Air,General Cargo,3101,12.77,3565,AIR_CARGO,77.47,Peak,Carrier_A,6,345653
SHP00843,Mumbai,New York,Road,Chemicals,2515,11.23,13502,40FT_HC,83.37,Off_Peak,Carrier_A,30,251320
SHP00844,Delhi,Shanghai,Air,General Cargo,2424,10.68,4653,AIR_CARGO,79.87,Normal,Carrier_E,6,274406
SHP00845,Ahmedabad,Antwerp,Road,Furniture,8251,27.78,12300,40FT,114.01,Off_Peak,Carrier_A,29,271514
SHP00846,Cochin,Jebel Ali,Air,Chemicals,4387,22.27,10619,AIR_CARGO,108.41,Normal,Carrier_D,11,937412
SHP00847,Chennai,Dubai,Air,Textiles,595,3.14,3573,AIR_CARGO,81.47,Normal,Carrier_E,6,160218
SHP00848,Pune,Shanghai,Sea,Machinery,15285,36.58,3182,20FT,75.36,Peak,Carrier_D,12,111500
SHP00849,Chennai,Singapore,Air,Chemicals,198,1.08,3192,AIR_CARGO,78.49,Off_Peak,Carrier_E,5,131293
SHP00850,Mumbai,Los Angeles,Road,Furniture,3027,11.96,14033,40FT,105.59,Normal,Carrier_E,31,262724
SHP00851,Cochin,Dubai,Sea,Pharmaceuticals,23878,45.39,6156,40FT,88.8,Peak,Carrier_E,16,297217
SHP00852,Cochin,Antwerp,Sea,Automotive Parts,6546,22.4,11048,LCL,111.95,Normal,Carrier_D,25,106632
SHP00853,Visakhapatnam,Rotterdam,Sea,Food Products,26900,52.3,5876,40FT_HC,87.57,Off_Peak,Carrier_E,16,195877
SHP00854,Delhi,Hamburg,Sea,Machinery,4042,11.49,7210,LCL,94.4,Normal,Carrier_C,18,53650
SHP00855,Kolkata,Busan,Road,Furniture,3696,17.02,11952,40FT_HC,112.31,Normal,Carrier_D,27,281691
SHP00856,Pune,Singapore,Sea,Electronics,21580,39.55,4504,40FT,84.82,Off_Peak,Carrier_E,13,159299
SHP00857,Chennai,Antwerp,Road,General Cargo,1048,9.55,4296,20FT,81.29,Peak,Carrier_E,12,62077
SHP00858,Kolkata,Singapore,Sea,Chemicals,9444,17.81,2485,40FT_HC,102.39,Off_Peak,Carrier_E,10,90192
SHP00859,Bengaluru,Colombo,Air,Furniture,1914,8.06,6677,AIR_CARGO,90.4,Peak,Carrier_A,8,472674
SHP00860,Mumbai,New York,Sea,Electronics,7759,21.22,12838,40FT_HC,95.56,Normal,Carrier_C,29,222367
SHP00861,Hyderabad,Los Angeles,Road,Chemicals,9785,28.52,15219,20FT,103.47,Normal,Carrier_D,34,297934
SHP00862,Kolkata,Shanghai,Air,Electronics,1573,6.82,4749,AIR_CARGO,107.41,Peak,Carrier_E,7,416960
SHP00863,Hyderabad,Jebel Ali,Road,Food Products,10597,27.91,2868,LCL,83.71,Off_Peak,Carrier_B,8,54519
SHP00864,Visakhapatnam,New York,Road,General Cargo,14033,40.08,7275,40FT,95.15,Normal,Carrier_C,18,219135
SHP00865,Mumbai,Hamburg,Air,Pharmaceuticals,1003,4.88,9878,AIR_CARGO,94.11,Normal,Carrier_E,11,604029
SHP00866,Bengaluru,Dubai,Air,Electronics,1841,9.75,3104,AIR_CARGO,81.02,Peak,Carrier_D,5,287272
SHP00867,Hyderabad,Dubai,Road,Furniture,10002,25.83,2667,20FT,81.43,Peak,Carrier_D,9,92894
SHP00868,Pune,Hamburg,Sea,Solar Panels,20943,42.25,10302,40FT,90.75,Peak,Carrier_D,23,303697
SHP00869,Bengaluru,Shanghai,Road,Electronics,5004,18.13,11780,20FT,113.86,Off_Peak,Carrier_A,27,210287
SHP00870,Delhi,Antwerp,Sea,Pharmaceuticals,14120,36.57,5413,40FT_HC,85.45,Off_Peak,Carrier_A,14,179034
SHP00871,Ahmedabad,Singapore,Air,Food Products,2815,15.4,6051,AIR_CARGO,89.16,Normal,Carrier_A,8,408025
SHP00872,Chennai,London,Sea,Food Products,3085,11.53,10564,20FT,89.19,Peak,Carrier_C,23,108457
SHP00873,Mumbai,New York,Sea,Electronics,6754,19.93,12541,40FT_HC,90.37,Peak,Carrier_B,28,246414
SHP00874,Hyderabad,Busan,Air,Textiles,3301,13.34,3243,AIR_CARGO,75.92,Peak,Carrier_D,5,330855
SHP00875,Pune,Shanghai,Road,Furniture,11026,33.34,5158,LCL,85.48,Peak,Carrier_E,14,98532
SHP00876,Delhi,Antwerp,Sea,Food Products,14760,37.71,7979,40FT,98.93,Off_Peak,Carrier_C,19,157701
SHP00877,Visakhapatnam,Los Angeles,Road,Chemicals,13826,38.91,10676,LCL,108.63,Normal,Carrier_E,24,186118
SHP00878,Hyderabad,London,Road,Pharmaceuticals,10129,29.27,9171,20FT,102.73,Off_Peak,Carrier_A,22,197241
SHP00879,Visakhapatnam,Shanghai,Sea,Furniture,27354,58.56,10360,40FT_HC,108.22,Normal,Carrier_D,24,309035
SHP00880,Hyderabad,Jebel Ali,Road,Pharmaceuticals,9411,25.16,2731,40FT_HC,84.66,Normal,Carrier_C,9,143428
SHP00881,Cochin,Shanghai,Air,Pharmaceuticals,4189,18.13,10048,AIR_CARGO,104.24,Off_Peak,Carrier_E,11,753409
SHP00882,Kolkata,Los Angeles,Sea,Textiles,2725,11.74,6338,LCL,90.89,Normal,Carrier_B,17,44939
SHP00883,Visakhapatnam,Busan,Sea,General Cargo,27109,61.02,5553,40FT_HC,86.31,Off_Peak,Carrier_D,14,212579
SHP00884,Delhi,Hamburg,Air,Pharmaceuticals,2222,10.63,8047,AIR_CARGO,96.18,Off_Peak,Carrier_C,9,536812
SHP00885,Delhi,Dubai,Air,Pharmaceuticals,2560,13.72,2091,AIR_CARGO,85.86,Off_Peak,Carrier_C,4,241902
SHP00886,Cochin,Dubai,Road,Textiles,13248,34.41,6129,20FT,87.98,Peak,Carrier_B,15,161962
SHP00887,Pune,New York,Sea,Food Products,6367,19.07,12926,LCL,110.44,Peak,Carrier_C,28,129049
SHP00888,Mumbai,Antwerp,Sea,Electronics,4916,19.79,7771,20FT,95.29,Off_Peak,Carrier_E,19,83543
SHP00889,Ahmedabad,Jebel Ali,Air,Furniture,3054,15.87,7244,AIR_CARGO,94.25,Off_Peak,Carrier_E,9,408235
SHP00890,Mumbai,Jebel Ali,Sea,Pharmaceuticals,6895,15.36,1968,40FT_HC,111.7,Peak,Carrier_B,8,110454
SHP00891,Mumbai,Jebel Ali,Sea,Food Products,7808,16.67,1892,40FT_HC,93.47,Normal,Carrier_D,9,71029
SHP00892,Hyderabad,London,Road,Textiles,9225,26.45,9911,40FT,104.61,Peak,Carrier_B,23,292618
SHP00893,Chennai,Busan,Sea,General Cargo,5175,21.11,11464,40FT,114.74,Off_Peak,Carrier_A,26,160494
SHP00894,Ahmedabad,Los Angeles,Air,Textiles,2938,13.36,8693,AIR_CARGO,101.62,Normal,Carrier_B,10,552431
SHP00895,Pune,Colombo,Road,Furniture,11836,35.65,5423,LCL,86.25,Peak,Carrier_D,14,108823
SHP00896,Delhi,Colombo,Air,Electronics,2249,9.62,9579,AIR_CARGO,105.11,Peak,Carrier_D,11,795459
SHP00897,Bengaluru,Rotterdam,Road,Chemicals,6180,17.79,10553,LCL,78.6,Peak,Carrier_A,24,153962
SHP00898,Pune,New York,Road,Pharmaceuticals,11473,33.75,12637,40FT_HC,111.02,Normal,Carrier_B,29,433276
SHP00899,Hyderabad,Rotterdam,Air,Pharmaceuticals,3354,16.89,10558,AIR_CARGO,114.19,Off_Peak,Carrier_A,12,844610
SHP00900,Pune,London,Road,Machinery,10718,30.43,9538,40FT,81.31,Peak,Carrier_D,22,249537
SHP00901,Bengaluru,New York,Sea,Furniture,2982,13.05,14845,LCL,84.68,Peak,Carrier_B,31,104538
SHP00902,Bengaluru,London,Sea,Textiles,11972,27.37,10383,40FT,103.94,Normal,Carrier_E,24,177579
SHP00903,Hyderabad,Singapore,Road,Textiles,9994,25.49,3804,40FT,105.93,Normal,Carrier_A,11,142498
SHP00904,Cochin,London,Sea,Automotive Parts,23559,48.45,6699,40FT,91.62,Normal,Carrier_E,17,210680
SHP00905,Bengaluru,Dubai,Road,Textiles,5404,14.37,3072,40FT_HC,75.4,Off_Peak,Carrier_E,10,68835
SHP00906,Cochin,Antwerp,Road,Furniture,12646,38.8,8943,40FT_HC,100.7,Off_Peak,Carrier_E,21,217297
SHP00907,Mumbai,Shanghai,Sea,Electronics,6676,20.84,6589,40FT_HC,101.29,Off_Peak,Carrier_D,17,126168
SHP00908,Delhi,Colombo,Sea,Machinery,15881,38.17,7096,40FT_HC,93.64,Normal,Carrier_B,19,181238
SHP00909,Cochin,Dubai,Road,General Cargo,13374,34.68,5188,40FT_HC,84.72,Off_Peak,Carrier_B,14,156361
SHP00910,Chennai,Antwerp,Road,Electronics,1532,10.63,4247,40FT_HC,80.42,Normal,Carrier_E,12,88767
SHP00911,Delhi,Colombo,Road,Furniture,7697,25.45,9312,20FT,101.29,Peak,Carrier_D,22,188880
SHP00912,Visakhapatnam,London,Air,Solar Panels,4975,23.76,7002,AIR_CARGO,92.65,Peak,Carrier_E,8,711689
SHP00913,Visakhapatnam,New York,Sea,Textiles,27079,57.1,10598,40FT,107.73,Normal,Carrier_A,25,295369
SHP00914,Delhi,Hamburg,Sea,Electronics,15409,32.98,4999,40FT_HC,84.92,Off_Peak,Carrier_A,13,160498
SHP00915,Chennai,Los Angeles,Road,Electronics,1077,6.86,15676,40FT_HC,98.79,Peak,Carrier_B,34,408844
SHP00916,Pune,Hamburg,Sea,Automotive Parts,6343,16.24,10143,LCL,97.74,Normal,Carrier_E,24,82384
SHP00917,Hyderabad,Hamburg,Road,Food Products,10425,29.35,4430,40FT_HC,82.3,Peak,Carrier_D,12,172676
SHP00918,Mumbai,Busan,Air,Pharmaceuticals,657,2.69,6720,AIR_CARGO,90.26,Peak,Carrier_D,8,490215
SHP00919,Visakhapatnam,Los Angeles,Sea,Machinery,27700,56.7,6428,40FT_HC,90.15,Off_Peak,Carrier_B,17,213953
SHP00920,Hyderabad,Jebel Ali,Sea,Chemicals,19948,38.96,2825,40FT_HC,76.27,Peak,Carrier_D,11,219414
SHP00921,Kolkata,London,Road,Solar Panels,4699,15.6,11450,20FT,103.27,Off_Peak,Carrier_C,26,168161
SHP00922,Visakhapatnam,Colombo,Sea,General Cargo,26033,57.07,6307,40FT,90.68,Normal,Carrier_E,16,216140
SHP00923,Ahmedabad,Los Angeles,Air,Solar Panels,3003,13.87,4465,AIR_CARGO,81.5,Peak,Carrier_D,6,426298
SHP00924,Ahmedabad,Singapore,Road,Electronics,8886,22.34,12043,40FT_HC,114.58,Off_Peak,Carrier_C,27,317298
SHP00925,Kolkata,Antwerp,Road,Automotive Parts,3996,16.8,7400,40FT_HC,94.27,Off_Peak,Carrier_B,18,155296
SHP00926,Pune,Antwerp,Sea,Pharmaceuticals,21990,50.88,3024,40FT_HC,75.29,Off_Peak,Carrier_D,10,198716
SHP00927,Hyderabad,Hamburg,Road,Pharmaceuticals,9706,27.09,5801,40FT_HC,86.58,Normal,Carrier_D,15,206391
SHP00928,Mumbai,Rotterdam,Road,Solar Panels,2830,9.2,10284,LCL,93.81,Normal,Carrier_A,24,119759
SHP00929,Chennai,New York,Air,General Cargo,567,2.55,14639,AIR_CARGO,83.11,Off_Peak,Carrier_A,15,554874
SHP00930,Visakhapatnam,Jebel Ali,Air,Electronics,4701,24.06,4071,AIR_CARGO,79.42,Off_Peak,Carrier_E,6,378679
SHP00931,Mumbai,Los Angeles,Sea,General Cargo,7048,19.34,14548,40FT,109.73,Off_Peak,Carrier_D,31,189430
SHP00932,Ahmedabad,Los Angeles,Sea,Solar Panels,17441,38.63,6818,40FT_HC,92.01,Normal,Carrier_A,17,217168
SHP00933,Mumbai,Antwerp,Road,Solar Panels,2676,13.63,11342,40FT_HC,112.36,Normal,Carrier_A,26,298790
SHP00934,Pune,Shanghai,Air,Food Products,3733,16.27,6751,AIR_CARGO,91.93,Off_Peak,Carrier_A,8,425263
SHP00935,Delhi,Hamburg,Sea,Textiles,15708,33.55,11843,40FT,113.5,Off_Peak,Carrier_E,26,197944
SHP00936,Bengaluru,Rotterdam,Sea,Food Products,12281,26.32,11070,40FT_HC,97.76,Normal,Carrier_D,25,200684
SHP00937,Pune,London,Air,Pharmaceuticals,3651,17.23,9798,AIR_CARGO,83.24,Peak,Carrier_D,10,856533
SHP00938,Hyderabad,Shanghai,Sea,Furniture,20128,45.16,5530,40FT_HC,99.92,Peak,Carrier_C,15,241079
SHP00939,Delhi,Jebel Ali,Sea,Food Products,10237,20.72,11255,20FT,110.37,Normal,Carrier_D,25,139073
SHP00940,Ahmedabad,Antwerp,Sea,Solar Panels,16846,41.59,7055,40FT_HC,93.71,Normal,Carrier_A,18,227782
SHP00941,Ahmedabad,Singapore,Road,Chemicals,8677,21.86,3565,LCL,77.33,Off_Peak,Carrier_A,11,65850
SHP00942,Cochin,New York,Sea,Textiles,23363,49.9,9065,40FT,103.91,Off_Peak,Carrier_E,22,201880
SHP00943,Hyderabad,New York,Air,Furniture,3386,14.94,5846,AIR_CARGO,88.12,Peak,Carrier_A,8,506701
SHP00944,Delhi,Rotterdam,Air,General Cargo,2148,10.65,6905,AIR_CARGO,113.57,Normal,Carrier_A,8,494418
SHP00945,Kolkata,Dubai,Air,Machinery,1229,6.45,6621,AIR_CARGO,91.45,Peak,Carrier_A,9,425471
SHP00946,Visakhapatnam,Hamburg,Sea,Textiles,26725,53.49,9576,40FT_HC,103.24,Normal,Carrier_B,22,283666
SHP00947,Hyderabad,Rotterdam,Sea,Furniture,5607,13.67,10545,LCL,81.24,Off_Peak,Carrier_D,25,61501
SHP00948,Kolkata,New York,Road,Solar Panels,4279,16.01,15447,20FT,112.49,Off_Peak,Carrier_B,34,235529
SHP00949,Cochin,Busan,Sea,Textiles,23561,54.64,10445,40FT_HC,106.98,Peak,Carrier_D,25,342774
SHP00950,Pune,New York,Road,Machinery,11036,32.45,13461,40FT_HC,108.83,Off_Peak,Carrier_E,30,291439
SHP00951,Ahmedabad,Jebel Ali,Sea,Machinery,17219,33.72,6452,40FT_HC,89.16,Peak,Carrier_C,18,208911
SHP00952,Kolkata,Rotterdam,Road,Furniture,3761,11.73,12034,40FT_HC,89.35,Normal,Carrier_D,28,220215
SHP00953,Pune,Busan,Road,Solar Panels,10742,34.3,11999,40FT_HC,114.1,Peak,Carrier_A,27,457588
SHP00954,Chennai,Los Angeles,Sea,Electronics,4890,15.77,15963,40FT_HC,80.87,Peak,Carrier_E,35,243269
SHP00955,Pune,Jebel Ali,Sea,Furniture,16318,32.24,4638,20FT,82.52,Normal,Carrier_B,14,101923
SHP00956,Visakhapatnam,Hamburg,Air,Chemicals,4598,22.41,9743,AIR_CARGO,103.2,Normal,Carrier_A,11,876997
SHP00957,Cochin,Busan,Road,Electronics,13018,40.02,11374,LCL,110.4,Normal,Carrier_C,26,199318
SHP00958,Hyderabad,New York,Air,Electronics,3464,15.31,10897,AIR_CARGO,111.52,Normal,Carrier_D,12,864353
SHP00959,Cochin,Rotterdam,Road,Textiles,13205,35.1,7147,40FT_HC,93.32,Normal,Carrier_E,17,210263
SHP00960,Ahmedabad,Hamburg,Air,Furniture,2600,12.46,3292,AIR_CARGO,76.75,Peak,Carrier_E,5,285962
SHP00961,Bengaluru,Los Angeles,Sea,Furniture,8601,22.2,16223,20FT,109.14,Off_Peak,Carrier_D,34,155477
SHP00962,Hyderabad,Los Angeles,Sea,Food Products,14498,32.93,15628,20FT,92.4,Normal,Carrier_E,33,167244
SHP00963,Hyderabad,Busan,Air,Machinery,3462,14.01,6406,AIR_CARGO,89.86,Peak,Carrier_D,8,523131
SHP00964,Cochin,Shanghai,Road,Automotive Parts,12816,37.56,11860,LCL,114.16,Normal,Carrier_E,26,182229
SHP00965,Bengaluru,Colombo,Sea,Automotive Parts,12802,32.43,4667,40FT_HC,82.65,Off_Peak,Carrier_E,14,122825
SHP00966,Hyderabad,Busan,Road,Pharmaceuticals,9906,32.17,5004,LCL,82.99,Normal,Carrier_A,13,108100
SHP00967,Visakhapatnam,Los Angeles,Air,Machinery,4666,21.52,4554,AIR_CARGO,81.49,Peak,Carrier_C,6,473615
SHP00968,Chennai,Colombo,Road,Machinery,1389,9.57,989,40FT_HC,75.87,Off_Peak,Carrier_A,6,28784
SHP00969,Delhi,Shanghai,Air,Chemicals,2175,9.49,4593,AIR_CARGO,81.66,Normal,Carrier_B,6,337517
SHP00970,Hyderabad,Hamburg,Road,Textiles,10045,28.07,7391,40FT,93.55,Off_Peak,Carrier_E,17,158389
SHP00971,Visakhapatnam,Hamburg,Sea,Food Products,27024,53.81,5520,40FT,87.43,Off_Peak,Carrier_C,15,188900
SHP00972,Chennai,Singapore,Sea,Food Products,5722,10.89,3371,40FT_HC,94.43,Off_Peak,Carrier_A,11,64840
SHP00973,Chennai,Los Angeles,Sea,Food Products,3227,12.08,16479,20FT,84.46,Off_Peak,Carrier_B,35,110788
SHP00974,Mumbai,London,Sea,General Cargo,4114,12.78,9753,20FT,83.18,Normal,Carrier_A,23,85985
SHP00975,Visakhapatnam,Antwerp,Air,Food Products,4742,19.77,10445,AIR_CARGO,107.71,Peak,Carrier_D,12,913008
SHP00976,Bengaluru,Busan,Road,Food Products,5485,21.41,9313,40FT_HC,104.61,Normal,Carrier_C,22,225611
SHP00977,Visakhapatnam,Dubai,Air,Food Products,4562,24.26,6858,AIR_CARGO,90.88,Normal,Carrier_D,8,518529
SHP00978,Hyderabad,Antwerp,Road,General Cargo,9401,30.65,4598,40FT_HC,82.87,Peak,Carrier_A,13,178659
SHP00979,Visakhapatnam,Los Angeles,Air,Solar Panels,4811,21.86,5834,AIR_CARGO,88.96,Normal,Carrier_E,7,517837
SHP00980,Visakhapatnam,Hamburg,Air,Furniture,4735,23.13,9605,AIR_CARGO,105.29,Peak,Carrier_D,11,838792
SHP00981,Delhi,Jebel Ali,Air,Machinery,2286,11.6,4108,AIR_CARGO,80.56,Normal,Carrier_D,6,264922
SHP00982,Mumbai,Colombo,Road,General Cargo,3316,14.92,1668,40FT_HC,101.53,Peak,Carrier_B,6,75381
SHP00983,Cochin,Los Angeles,Air,Textiles,4282,19.39,3766,AIR_CARGO,78.54,Normal,Carrier_E,6,338146
SHP00984,Ahmedabad,Los Angeles,Sea,General Cargo,16371,36.13,11539,40FT_HC,113.52,Normal,Carrier_A,26,266059
SHP00985,Hyderabad,Rotterdam,Road,Textiles,9205,25.07,11028,40FT,106.72,Normal,Carrier_B,25,260105
SHP00986,Cochin,Colombo,Air,Furniture,4233,17.85,5714,AIR_CARGO,88.3,Peak,Carrier_C,7,526304
SHP00987,Ahmedabad,Shanghai,Road,Pharmaceuticals,7819,25.06,7663,LCL,97.47,Peak,Carrier_B,18,158430
SHP00988,Mumbai,Shanghai,Road,Furniture,3295,13.98,6557,40FT_HC,114.15,Normal,Carrier_B,16,165559
SHP00989,Delhi,Rotterdam,Sea,Chemicals,15344,30.94,7542,40FT_HC,92.97,Off_Peak,Carrier_E,19,184494
SHP00990,Chennai,Colombo,Air,Textiles,556,2.35,990,AIR_CARGO,95.94,Peak,Carrier_B,4,85237
SHP00991,Ahmedabad,Rotterdam,Air,Automotive Parts,2587,12.91,9423,AIR_CARGO,94.07,Normal,Carrier_B,10,578528
SHP00992,Mumbai,Los Angeles,Road,General Cargo,3135,12.11,15269,LCL,106.34,Off_Peak,Carrier_A,34,149371
SHP00993,Visakhapatnam,Antwerp,Sea,Solar Panels,27043,60.07,8752,40FT,99.77,Peak,Carrier_C,21,349918
SHP00994,Mumbai,Colombo,Road,Chemicals,3268,14.18,1666,20FT,89.8,Off_Peak,Carrier_A,6,44440
SHP00995,Kolkata,Jebel Ali,Road,Pharmaceuticals,4683,13.16,4556,20FT,81.08,Normal,Carrier_A,12,95154
SHP00996,Hyderabad,Hamburg,Air,Automotive Parts,3400,16.62,11831,AIR_CARGO,113.5,Normal,Carrier_A,13,911841
SHP00997,Pune,Shanghai,Road,Chemicals,11982,35.53,3972,20FT,79.17,Normal,Carrier_A,11,132080
SHP00998,Mumbai,Colombo,Air,Chemicals,794,3.39,1648,AIR_CARGO,108.88,Normal,Carrier_E,4,145425
SHP00999,Kolkata,Antwerp,Sea,Pharmaceuticals,10783,29.94,11841,40FT_HC,113.39,Normal,Carrier_E,27,277218
SHP01000,Delhi,Dubai,Sea,Automotive Parts,3619,8.22,2112,LCL,106.23,Peak,Carrier_A,9,34614
SHP01001,Hyderabad,Los Angeles,Sea,Electronics,20531,43.65,15696,40FT,91.5,Normal,Carrier_C,33,314727
SHP01002,Visakhapatnam,Los Angeles,Road,Electronics,14675,41.16,7040,LCL,91.8,Off_Peak,Carrier_D,17,118470
SHP01003,Delhi,Colombo,Sea,Textiles,15255,37.29,11823,40FT_HC,114.17,Normal,Carrier_C,26,260776
SHP01004,Hyderabad,Busan,Road,Textiles,10512,33.69,6603,40FT,90.61,Normal,Carrier_E,17,169924
SHP01005,Chennai,Hamburg,Sea,Food Products,1047,6.36,11100,LCL,98.73,Peak,Carrier_B,24,81274
SHP01006,Visakhapatnam,Busan,Road,Food Products,14477,43.56,8087,40FT_HC,99.09,Off_Peak,Carrier_C,19,225213
SHP01007,Chennai,Hamburg,Air,Solar Panels,472,2.3,11509,AIR_CARGO,111.11,Off_Peak,Carrier_D,12,616556
SHP01008,Visakhapatnam,Rotterdam,Road,Food Products,14373,38.59,9509,40FT_HC,103.01,Normal,Carrier_D,22,285554
SHP01009,Mumbai,New York,Air,Food Products,635,2.83,12926,AIR_CARGO,108.41,Off_Peak,Carrier_E,13,579046
SHP01010,Kolkata,Rotterdam,Sea,Automotive Parts,10483,22.47,11444,40FT_HC,99.06,Normal,Carrier_E,26,200549
SHP01011,Visakhapatnam,Rotterdam,Sea,Machinery,27518,53.47,11824,40FT_HC,113.72,Normal,Carrier_E,27,307286
SHP01012,Hyderabad,Jebel Ali,Air,Machinery,3380,17.15,2785,AIR_CARGO,77.88,Peak,Carrier_B,5,324500
SHP01013,Visakhapatnam,Singapore,Sea,Food Products,18259,33.26,5381,20FT,85.94,Peak,Carrier_B,16,134716
SHP01014,Hyderabad,Dubai,Air,Food Products,3456,18.58,2859,AIR_CARGO,86,Off_Peak,Carrier_E,5,247623
SHP01015,Chennai,Dubai,Air,Food Products,394,2.11,3358,AIR_CARGO,105.9,Off_Peak,Carrier_D,6,164199
SHP01016,Ahmedabad,Antwerp,Sea,Machinery,16990,41.21,6119,40FT_HC,87.97,Peak,Carrier_D,17,213271
SHP01017,Cochin,Colombo,Road,Solar Panels,12260,36.77,7085,40FT_HC,92.8,Normal,Carrier_A,18,251410
SHP01018,Chennai,Hamburg,Air,Automotive Parts,322,1.54,11135,AIR_CARGO,81.87,Off_Peak,Carrier_A,12,431545
SHP01019,Pune,Los Angeles,Road,Chemicals,10850,31.48,5913,LCL,88.16,Normal,Carrier_A,15,117081
SHP01020,Ahmedabad,Colombo,Air,General Cargo,2891,12.21,2021,AIR_CARGO,103.68,Peak,Carrier_E,4,269510
SHP01021,Mumbai,Dubai,Road,Automotive Parts,3534,9.73,2010,40FT_HC,75.55,Normal,Carrier_D,7,58924
SHP01022,Pune,Dubai,Air,General Cargo,4011,20.93,2101,AIR_CARGO,111.41,Normal,Carrier_B,4,307941
SHP01023,Pune,Dubai,Air,Food Products,3900,20.77,1975,AIR_CARGO,103.11,Peak,Carrier_B,4,354147
SHP01024,Ahmedabad,Hamburg,Sea,Machinery,18387,37.63,9872,40FT,107.74,Peak,Carrier_A,22,277404
SHP01025,Cochin,London,Sea,Electronics,25198,50.82,9199,40FT_HC,101.2,Off_Peak,Carrier_D,22,275441
SHP01026,Pune,Singapore,Sea,Automotive Parts,21301,39.64,4468,40FT_HC,80.19,Peak,Carrier_E,12,216753
SHP01027,Hyderabad,Rotterdam,Sea,General Cargo,14134,29.02,10717,20FT,82.03,Off_Peak,Carrier_E,25,112464
SHP01028,Delhi,Shanghai,Sea,Textiles,14169,33.92,4886,40FT_HC,88.51,Off_Peak,Carrier_B,14,127269
SHP01029,Mumbai,Antwerp,Road,Chemicals,3226,15.38,6833,40FT_HC,93.64,Off_Peak,Carrier_B,17,161473
SHP01030,Ahmedabad,Shanghai,Sea,General Cargo,16430,37.88,10495,40FT_HC,106.2,Normal,Carrier_D,24,235252
SHP01031,Mumbai,New York,Road,Solar Panels,3365,13.31,13163,40FT,100.87,Peak,Carrier_C,29,338897
SHP01032,Kolkata,Singapore,Road,Pharmaceuticals,4750,12.18,2608,20FT,104.06,Peak,Carrier_A,9,91366
SHP01033,Mumbai,Colombo,Air,Machinery,1093,4.59,1580,AIR_CARGO,85.16,Peak,Carrier_C,3,140085
SHP01034,Visakhapatnam,New York,Air,Food Products,4527,20.09,9967,AIR_CARGO,103.89,Normal,Carrier_C,11,710144
SHP01035,Delhi,Dubai,Air,Textiles,2363,12.68,2133,AIR_CARGO,96.55,Peak,Carrier_C,4,258707
SHP01036,Mumbai,Dubai,Sea,Food Products,8199,16,2019,40FT_HC,85.24,Off_Peak,Carrier_C,8,62889
SHP01037,Pune,Singapore,Road,Food Products,11403,28.75,4246,20FT,80.35,Off_Peak,Carrier_B,11,86622
SHP01038,Chennai,Rotterdam,Road,Food Products,980,4.65,11237,40FT,95.49,Peak,Carrier_C,26,225816
SHP01039,Hyderabad,Busan,Road,Electronics,10548,33.71,4022,20FT,78.76,Normal,Carrier_B,12,110834
SHP01040,Mumbai,Antwerp,Road,Furniture,2262,12.86,6356,40FT_HC,88.9,Normal,Carrier_C,16,126726
SHP01041,Delhi,Antwerp,Road,Food Products,7411,25.74,3893,LCL,78.7,Off_Peak,Carrier_C,12,54316
SHP01042,Visakhapatnam,Hamburg,Road,Furniture,14135,38.45,9784,40FT_HC,103.61,Off_Peak,Carrier_E,24,239903
SHP01043,Mumbai,Colombo,Sea,Food Products,7752,23.89,1521,40FT_HC,100.03,Peak,Carrier_C,7,91370
SHP01044,Delhi,Singapore,Air,General Cargo,2559,13.83,3946,AIR_CARGO,95.62,Off_Peak,Carrier_A,6,281296
SHP01045,Cochin,Antwerp,Air,Electronics,4050,16.72,7360,AIR_CARGO,94.86,Off_Peak,Carrier_A,9,542132
SHP01046,Cochin,Singapore,Sea,Machinery,23470,43.05,5756,40FT_HC,87.03,Normal,Carrier_B,15,200666
SHP01047,Mumbai,London,Road,General Cargo,3594,12.75,9564,40FT,95.29,Off_Peak,Carrier_A,22,167694
SHP01048,Kolkata,Hamburg,Road,Solar Panels,4667,14.61,6936,20FT,94.1,Normal,Carrier_E,18,116658
SHP01049,Cochin,Hamburg,Sea,Textiles,25335,50.97,4645,40FT_HC,82.68,Peak,Carrier_D,13,251369
SHP01050,Pune,Colombo,Road,Solar Panels,11629,35.37,9471,LCL,102.47,Off_Peak,Carrier_E,22,130851
SHP01051,Bengaluru,Busan,Road,Food Products,5958,22.55,6776,40FT_HC,91.34,Off_Peak,Carrier_B,17,142471
SHP01052,Mumbai,London,Sea,Food Products,7776,19.47,9037,40FT_HC,75.98,Off_Peak,Carrier_A,21,118378
SHP01053,Hyderabad,Dubai,Road,Furniture,9388,24.14,2810,40FT,100.59,Normal,Carrier_E,9,108090
SHP01054,Ahmedabad,New York,Road,Machinery,8709,26.8,9823,40FT_HC,105.89,Normal,Carrier_D,23,251980
SHP01055,Cochin,London,Sea,Textiles,6512,17.05,10487,LCL,106.32,Normal,Carrier_E,23,84879
SHP01056,Chennai,London,Air,Automotive Parts,318,1.51,10605,AIR_CARGO,92.89,Off_Peak,Carrier_D,12,452269
SHP01057,Chennai,Hamburg,Air,General Cargo,529,2.57,10786,AIR_CARGO,113.72,Peak,Carrier_D,11,712604
SHP01058,Kolkata,Dubai,Sea,Furniture,9475,19.16,6236,40FT_HC,89.15,Peak,Carrier_E,17,142997
SHP01059,Ahmedabad,Dubai,Sea,Solar Panels,4691,9.64,1712,LCL,92.51,Normal,Carrier_B,8,27698
SHP01060,Hyderabad,Colombo,Sea,General Cargo,5354,19.3,7426,LCL,93.24,Peak,Carrier_E,18,70977
SHP01061,Ahmedabad,Antwerp,Road,Textiles,8670,28.53,9607,40FT_HC,104.07,Off_Peak,Carrier_B,23,216569
SHP01062,Delhi,Antwerp,Air,General Cargo,2360,9.81,6259,AIR_CARGO,89.74,Peak,Carrier_E,7,427684
SHP01063,Cochin,London,Road,Textiles,12428,34.55,5057,20FT,84.53,Normal,Carrier_C,13,117010
SHP01064,Bengaluru,Los Angeles,Air,Chemicals,1867,8.54,16352,AIR_CARGO,96.69,Normal,Carrier_D,16,1034894
SHP01065,Visakhapatnam,London,Road,Machinery,14016,38.51,10678,40FT_HC,110.21,Off_Peak,Carrier_B,25,277509
SHP01066,Bengaluru,Singapore,Road,Food Products,5361,13.64,3469,40FT_HC,87.63,Peak,Carrier_E,10,106119
SHP01067,Hyderabad,Shanghai,Sea,Machinery,20363,45.95,5152,40FT_HC,103.33,Peak,Carrier_E,15,229142
SHP01068,Pune,Antwerp,Air,Electronics,3614,15,5937,AIR_CARGO,87.68,Normal,Carrier_E,7,459028
SHP01069,Ahmedabad,Hamburg,Air,Solar Panels,2802,13.63,8814,AIR_CARGO,99.69,Normal,Carrier_B,10,608956
SHP01070,Kolkata,Hamburg,Road,Furniture,4489,14.5,9351,LCL,101.76,Peak,Carrier_A,22,131716
SHP01071,Hyderabad,Colombo,Air,Furniture,3336,14.23,3914,AIR_CARGO,79.64,Off_Peak,Carrier_C,6,272130
SHP01072,Chennai,New York,Road,Pharmaceuticals,1080,7.56,14365,40FT_HC,94.39,Peak,Carrier_C,32,393114
SHP01073,Mumbai,Los Angeles,Air,General Cargo,1018,4.66,15123,AIR_CARGO,82.8,Peak,Carrier_A,15,808807
SHP01074,Kolkata,New York,Air,Automotive Parts,1564,7.05,14295,AIR_CARGO,79.4,Off_Peak,Carrier_A,15,606252
SHP01075,Mumbai,Rotterdam,Sea,Solar Panels,1701,6.26,9504,LCL,90.88,Off_Peak,Carrier_D,22,55355
SHP01076,Visakhapatnam,Hamburg,Air,Automotive Parts,4860,23.62,6537,AIR_CARGO,91.22,Peak,Carrier_B,8,666715
SHP01077,Pune,Busan,Sea,Chemicals,6244,22.96,6916,LCL,93.27,Normal,Carrier_D,18,78007
SHP01078,Delhi,Colombo,Sea,Food Products,15532,38.05,11076,40FT,113.26,Off_Peak,Carrier_D,25,198721
SHP01079,Visakhapatnam,Los Angeles,Road,Automotive Parts,13490,38.13,6867,20FT,92.38,Normal,Carrier_B,17,162235
SHP01080,Hyderabad,Busan,Sea,Pharmaceuticals,5599,21.81,6930,LCL,91.46,Normal,Carrier_A,17,82747
SHP01081,Bengaluru,Singapore,Air,Chemicals,1740,9.49,3709,AIR_CARGO,79.16,Normal,Carrier_E,5,261348
SHP01082,Bengaluru,Antwerp,Sea,Electronics,2868,15.93,4082,LCL,80.47,Normal,Carrier_A,13,41683
SHP01083,Pune,Shanghai,Air,Food Products,3591,15.61,8045,AIR_CARGO,96.59,Off_Peak,Carrier_B,9,470671
SHP01084,Chennai,Shanghai,Sea,Food Products,4816,17.42,5752,40FT_HC,76.46,Peak,Carrier_D,16,107936
SHP01085,Kolkata,Los Angeles,Sea,Chemicals,8981,23.04,5870,40FT,88.02,Peak,Carrier_B,16,168680
SHP01086,Kolkata,Shanghai,Air,General Cargo,1316,5.68,4692,AIR_CARGO,105.99,Off_Peak,Carrier_C,6,265319
SHP01087,Ahmedabad,Busan,Sea,Machinery,17858,43.99,8119,40FT_HC,97.14,Off_Peak,Carrier_A,19,197607
SHP01088,Cochin,New York,Sea,Machinery,23470,50.51,10079,40FT,106.33,Normal,Carrier_E,23,243275
SHP01089,Bengaluru,Colombo,Sea,Textiles,3394,15.86,9464,LCL,103.35,Peak,Carrier_E,23,83998
SHP01090,Bengaluru,Singapore,Air,Pharmaceuticals,1674,9.06,3456,AIR_CARGO,93.33,Peak,Carrier_B,5,365663
SHP01091,Delhi,Shanghai,Road,Textiles,7574,24.38,4537,40FT_HC,96.95,Peak,Carrier_E,13,162942
SHP01092,Cochin,Hamburg,Air,Food Products,4340,21.26,10882,AIR_CARGO,111.86,Normal,Carrier_B,12,789613
SHP01093,Hyderabad,Singapore,Sea,Furniture,14160,26.37,3705,20FT,78.98,Off_Peak,Carrier_D,11,74829
SHP01094,Bengaluru,Rotterdam,Road,Chemicals,6083,17.48,10606,LCL,105.41,Off_Peak,Carrier_C,24,140401
SHP01095,Hyderabad,Dubai,Road,Pharmaceuticals,10260,26.78,2619,LCL,106.27,Off_Peak,Carrier_B,9,73142
SHP01096,Mumbai,Antwerp,Sea,Electronics,3888,17.79,5980,20FT,89.26,Off_Peak,Carrier_A,16,68473
SHP01097,Bengaluru,London,Sea,General Cargo,11665,26.95,10535,40FT,89.73,Normal,Carrier_A,25,180439
SHP01098,Bengaluru,Dubai,Sea,Pharmaceuticals,7413,14.73,3047,20FT,109.11,Off_Peak,Carrier_A,10,68648
SHP01099,Chennai,Colombo,Air,Chemicals,310,1.31,924,AIR_CARGO,111.14,Normal,Carrier_C,3,76756
SHP01100,Chennai,Rotterdam,Road,Textiles,942,4.61,11098,40FT_HC,96.62,Normal,Carrier_B,26,200384
SHP01101,Kolkata,Shanghai,Sea,Pharmaceuticals,10437,27.95,4759,40FT,107.22,Normal,Carrier_D,14,160170
SHP01102,Chennai,Jebel Ali,Air,Machinery,612,3.16,3450,AIR_CARGO,95.26,Normal,Carrier_E,6,178917
SHP01103,Chennai,London,Air,Food Products,171,0.81,10524,AIR_CARGO,81.68,Off_Peak,Carrier_E,12,344539
SHP01104,Cochin,New York,Sea,Textiles,24865,52.79,10312,40FT_HC,105.38,Normal,Carrier_C,24,285216
SHP01105,Bengaluru,London,Sea,Electronics,8409,20.49,10847,20FT,104.49,Off_Peak,Carrier_D,24,126534
SHP01106,Mumbai,Singapore,Road,Machinery,3511,9.1,4490,20FT,103.43,Peak,Carrier_E,13,87894
SHP01107,Bengaluru,Colombo,Road,Chemicals,5649,20.61,5468,LCL,86.9,Peak,Carrier_D,14,100670
SHP01108,Ahmedabad,Shanghai,Sea,Furniture,18376,41.88,9872,40FT_HC,104.92,Peak,Carrier_C,23,284996
SHP01109,Pune,Los Angeles,Sea,Electronics,5995,17.3,4564,LCL,82.99,Normal,Carrier_A,13,54641
SHP01110,Kolkata,Busan,Sea,Pharmaceuticals,2633,16.56,8661,LCL,100.93,Off_Peak,Carrier_E,20,70839
SHP01111,Pune,Shanghai,Sea,Food Products,20876,46.44,10085,40FT_HC,107.46,Off_Peak,Carrier_A,23,238552
SHP01112,Bengaluru,Singapore,Air,Chemicals,1660,9.18,3526,AIR_CARGO,98.68,Off_Peak,Carrier_C,5,262218
SHP01113,Delhi,Colombo,Air,Food Products,2144,9.01,8934,AIR_CARGO,99.51,Peak,Carrier_B,10,628221
SHP01114,Mumbai,Colombo,Air,Furniture,1053,4.45,1588,AIR_CARGO,94.45,Off_Peak,Carrier_B,4,105891
SHP01115,Visakhapatnam,Antwerp,Sea,Furniture,25723,57.18,10679,40FT_HC,108.08,Peak,Carrier_B,25,368849
SHP01116,Kolkata,Rotterdam,Air,General Cargo,1207,6.03,11386,AIR_CARGO,78.33,Normal,Carrier_B,12,475021
SHP01117,Kolkata,Los Angeles,Air,Electronics,1484,6.81,10676,AIR_CARGO,106.93,Normal,Carrier_E,12,683257
SHP01118,Delhi,Antwerp,Road,Food Products,6428,22.88,10742,40FT,110.98,Peak,Carrier_E,25,285576
SHP01119,Ahmedabad,Busan,Air,Textiles,2785,11.32,11399,AIR_CARGO,113.47,Peak,Carrier_E,12,844144
SHP01120,Kolkata,Hamburg,Road,General Cargo,4803,14.84,4632,LCL,81.58,Off_Peak,Carrier_B,13,48311
SHP01121,Chennai,Rotterdam,Air,Machinery,196,0.97,10674,AIR_CARGO,82.56,Off_Peak,Carrier_C,11,376198
SHP01122,Delhi,Rotterdam,Air,General Cargo,2221,11.06,6942,AIR_CARGO,112.07,Off_Peak,Carrier_D,9,417440
SHP01123,Delhi,Rotterdam,Sea,Food Products,15489,31.85,7028,40FT_HC,97.08,Off_Peak,Carrier_C,17,156409
SHP01124,Cochin,New York,Air,Food Products,4069,18.34,3124,AIR_CARGO,75.81,Normal,Carrier_D,5,304119
SHP01125,Kolkata,Colombo,Sea,Electronics,10720,28.76,2149,40FT_HC,79.72,Peak,Carrier_C,9,133029
SHP01126,Ahmedabad,Busan,Air,Machinery,2609,10.57,11593,AIR_CARGO,111.34,Normal,Carrier_C,12,716966
SHP01127,Bengaluru,Busan,Sea,Machinery,12630,34.84,4698,40FT_HC,82.28,Peak,Carrier_C,13,162905
SHP01128,Pune,Jebel Ali,Road,Textiles,11629,30.68,8093,40FT,96.3,Peak,Carrier_C,19,255603
SHP01129,Chennai,New York,Road,Furniture,883,7.16,14786,40FT_HC,87.49,Off_Peak,Carrier_B,33,218274
SHP01130,Cochin,Rotterdam,Sea,Solar Panels,25519,49.83,5503,40FT_HC,85.93,Normal,Carrier_D,15,242512
SHP01131,Kolkata,Colombo,Road,Automotive Parts,4220,17.11,1959,20FT,99.22,Off_Peak,Carrier_B,7,47204
SHP01132,Visakhapatnam,London,Road,Electronics,14017,38.94,4322,40FT_HC,80.18,Off_Peak,Carrier_B,12,166263
SHP01133,Visakhapatnam,Hamburg,Sea,Electronics,7573,18.07,7918,LCL,96.4,Peak,Carrier_C,19,95906
SHP01134,Bengaluru,Rotterdam,Road,Food Products,5849,17.12,11168,40FT_HC,86.32,Off_Peak,Carrier_E,26,185512
SHP01135,Ahmedabad,Singapore,Air,Textiles,2898,15.67,9013,AIR_CARGO,99.9,Normal,Carrier_A,10,600486
SHP01136,Delhi,Busan,Air,Chemicals,2541,10.25,6897,AIR_CARGO,93.92,Peak,Carrier_D,9,609516
SHP01137,Cochin,Hamburg,Road,Pharmaceuticals,12787,34.73,10011,40FT,106.29,Normal,Carrier_D,24,347536
SHP01138,Ahmedabad,Busan,Road,Machinery,8210,28.02,4381,20FT,80.21,Peak,Carrier_E,12,102754
SHP01139,Chennai,London,Sea,Electronics,4629,13.52,10801,40FT,96.09,Off_Peak,Carrier_C,24,140357
SHP01140,Pune,New York,Sea,Pharmaceuticals,22528,48.24,13915,40FT,76.15,Off_Peak,Carrier_A,30,295762
SHP01141,Bengaluru,Rotterdam,Air,Chemicals,1919,9.71,11396,AIR_CARGO,84.3,Normal,Carrier_B,13,664643
SHP01142,Visakhapatnam,Busan,Sea,Food Products,26234,59.47,6328,40FT,90.03,Normal,Carrier_D,16,229965
SHP01143,Visakhapatnam,Shanghai,Sea,General Cargo,7726,22.88,6010,LCL,89.13,Off_Peak,Carrier_B,15,53328
SHP01144,Chennai,Antwerp,Air,Chemicals,474,1.95,9247,AIR_CARGO,103.49,Peak,Carrier_E,11,670613
SHP01145,Mumbai,Shanghai,Air,Food Products,862,3.72,6619,AIR_CARGO,110.37,Normal,Carrier_E,8,363874
SHP01146,Visakhapatnam,Dubai,Road,Food Products,14101,36.41,9636,40FT_HC,103.88,Peak,Carrier_B,23,339904
SHP01147,Hyderabad,Jebel Ali,Air,Electronics,3537,18.26,2782,AIR_CARGO,96.26,Peak,Carrier_B,5,415697
SHP01148,Kolkata,Hamburg,Road,Chemicals,4371,13.79,11414,LCL,113.43,Off_Peak,Carrier_D,26,151963
SHP01149,Cochin,Dubai,Sea,Electronics,24844,46.55,3662,40FT_HC,77.97,Normal,Carrier_B,11,219381
SHP01150,Kolkata,Dubai,Sea,Electronics,2557,5.82,7665,LCL,96.41,Peak,Carrier_C,19,70821
SHP01151,Hyderabad,Hamburg,Road,General Cargo,9402,26.74,6595,40FT_HC,90.37,Off_Peak,Carrier_D,16,156705
SHP01152,Kolkata,London,Air,Solar Panels,1371,6.5,11380,AIR_CARGO,105.71,Normal,Carrier_D,12,717109
SHP01153,Pune,London,Road,General Cargo,10934,30.89,9187,LCL,98.49,Off_Peak,Carrier_D,21,112532
SHP01154,Kolkata,Rotterdam,Air,Textiles,1144,5.72,12108,AIR_CARGO,106.84,Peak,Carrier_A,13,840020
SHP01155,Kolkata,Hamburg,Air,Chemicals,1470,7.11,3402,AIR_CARGO,76.37,Peak,Carrier_C,5,284817
SHP01156,Pune,Busan,Sea,Food Products,14906,39.07,9847,20FT,105.44,Peak,Carrier_A,23,193834
SHP01157,Delhi,Busan,Road,Furniture,7495,26.18,4657,40FT_HC,81.91,Off_Peak,Carrier_D,12,113672
SHP01158,Hyderabad,New York,Air,Solar Panels,3245,14.63,9486,AIR_CARGO,102.53,Peak,Carrier_B,11,819131
SHP01159,Visakhapatnam,London,Air,Machinery,4520,21.46,3782,AIR_CARGO,79.1,Off_Peak,Carrier_B,6,318183
SHP01160,Hyderabad,Busan,Road,Electronics,9539,31.78,5378,20FT,86.61,Normal,Carrier_D,14,129564
SHP01161,Mumbai,Los Angeles,Sea,Chemicals,4021,14.07,15065,20FT,100.83,Normal,Carrier_C,33,167184
SHP01162,Bengaluru,Rotterdam,Road,Furniture,6195,17.8,11539,40FT_HC,104.43,Normal,Carrier_E,26,257078
SHP01163,Visakhapatnam,Colombo,Air,Food Products,4956,21.15,3805,AIR_CARGO,79.2,Peak,Carrier_D,6,451886
SHP01164,Cochin,London,Air,Food Products,4474,20.93,11048,AIR_CARGO,111.67,Peak,Carrier_E,12,913713
SHP01165,Visakhapatnam,Rotterdam,Air,Automotive Parts,4647,23.26,7776,AIR_CARGO,95.67,Off_Peak,Carrier_A,9,565377
SHP01166,Hyderabad,Antwerp,Air,Machinery,3462,14.22,2985,AIR_CARGO,75.32,Off_Peak,Carrier_E,5,225628
SHP01167,Chennai,Los Angeles,Air,Pharmaceuticals,499,2.28,16050,AIR_CARGO,77.8,Peak,Carrier_B,16,945536
SHP01168,Ahmedabad,New York,Road,Food Products,8537,26.4,4513,20FT,81.33,Peak,Carrier_E,12,108000
SHP01169,Ahmedabad,Singapore,Road,Electronics,8063,20.3,6390,40FT,88.77,Peak,Carrier_C,16,207157
SHP01170,Cochin,Los Angeles,Road,Machinery,12893,36.42,4386,LCL,81.02,Normal,Carrier_D,12,84161
SHP01171,Ahmedabad,Singapore,Sea,Pharmaceuticals,17742,32.77,3282,40FT_HC,76.91,Normal,Carrier_D,12,181646
SHP01172,Ahmedabad,Los Angeles,Sea,General Cargo,16791,37.43,10487,40FT,109.24,Peak,Carrier_A,24,276235
SHP01173,Pune,Jebel Ali,Road,Automotive Parts,10881,28.78,11061,20FT,110.63,Off_Peak,Carrier_D,25,194742
SHP01174,Bengaluru,Rotterdam,Sea,Food Products,8494,18.61,11015,20FT,91.77,Peak,Carrier_E,26,136166
SHP01175,Cochin,London,Sea,Food Products,24071,49.22,3161,40FT_HC,76.08,Off_Peak,Carrier_D,10,164762
SHP01176,Kolkata,Rotterdam,Air,Electronics,1497,7.58,12256,AIR_CARGO,92.8,Normal,Carrier_A,13,716126
SHP01177,Delhi,Antwerp,Sea,Food Products,3909,17.18,3224,LCL,76.28,Normal,Carrier_B,10,33154
SHP01178,Kolkata,Colombo,Road,Solar Panels,4137,16.63,2111,20FT,76.67,Peak,Carrier_C,7,62131
SHP01179,Hyderabad,Antwerp,Road,Food Products,10112,31.99,8861,LCL,100.82,Peak,Carrier_E,22,141427
SHP01180,Kolkata,Shanghai,Sea,Furniture,9840,26.22,4574,40FT_HC,95.07,Normal,Carrier_C,12,118532
SHP01181,Pune,Singapore,Air,Electronics,3546,19.23,4638,AIR_CARGO,91.92,Normal,Carrier_E,6,414596
SHP01182,Delhi,London,Air,General Cargo,2205,10.41,6945,AIR_CARGO,100.09,Off_Peak,Carrier_D,9,387067
SHP01183,Cochin,Singapore,Road,Chemicals,13089,32.86,3557,40FT_HC,76.86,Off_Peak,Carrier_E,11,148787
SHP01184,Hyderabad,Colombo,Air,Electronics,3110,13.17,5273,AIR_CARGO,85.26,Normal,Carrier_A,7,431342
SHP01185,Bengaluru,Colombo,Sea,General Cargo,12795,33,6261,40FT_HC,90.25,Off_Peak,Carrier_C,17,135946
SHP01186,Mumbai,Antwerp,Road,Automotive Parts,2761,13.64,5634,40FT_HC,88,Off_Peak,Carrier_E,15,107396
SHP01187,Visakhapatnam,Hamburg,Sea,Textiles,7253,17.59,7388,LCL,94,Off_Peak,Carrier_B,19,58164
SHP01188,Kolkata,London,Air,Food Products,1493,7,11571,AIR_CARGO,105.04,Off_Peak,Carrier_C,13,559555
SHP01189,Kolkata,London,Sea,Chemicals,9606,22.59,11314,40FT_HC,103.26,Normal,Carrier_A,26,248150
SHP01190,Ahmedabad,Jebel Ali,Sea,Solar Panels,16248,32.04,7410,40FT_HC,93.49,Normal,Carrier_A,18,215037
SHP01191,Kolkata,New York,Sea,Textiles,5610,17.3,15025,20FT,85.36,Peak,Carrier_C,33,154488
SHP01192,Kolkata,New York,Sea,Automotive Parts,2400,12.2,15308,LCL,109.58,Normal,Carrier_D,32,114315
SHP01193,Mumbai,Los Angeles,Air,Textiles,1003,4.61,15426,AIR_CARGO,81.49,Normal,Carrier_B,15,629560
SHP01194,Hyderabad,Hamburg,Sea,Pharmaceuticals,19726,40.54,11050,40FT_HC,111.88,Off_Peak,Carrier_C,24,297653
SHP01195,Chennai,Hamburg,Road,Food Products,1972,8.12,10900,40FT,90.32,Normal,Carrier_B,26,184874
SHP01196,Bengaluru,Hamburg,Air,General Cargo,1911,9.28,9301,AIR_CARGO,101.37,Normal,Carrier_A,10,569898
SHP01197,Cochin,Dubai,Sea,Machinery,6972,13.68,11681,LCL,112.3,Normal,Carrier_A,26,100953
SHP01198,Visakhapatnam,Antwerp,Sea,Machinery,26556,58.51,5268,40FT_HC,85.2,Normal,Carrier_C,15,231836
SHP01199,Cochin,Shanghai,Road,Electronics,12039,36.01,9982,20FT,105.6,Normal,Carrier_A,23,232175
SHP01200,Bengaluru,New York,Air,Automotive Parts,1813,8.14,13838,AIR_CARGO,112.46,Peak,Carrier_D,14,1043059
SHP01201,Cochin,Antwerp,Sea,Machinery,25306,56.42,5995,40FT_HC,89.05,Peak,Carrier_C,16,274128
SHP01202,Cochin,Colombo,Sea,Chemicals,24630,53.81,8466,40FT_HC,99.36,Peak,Carrier_E,21,368418
SHP01203,Cochin,Busan,Air,Pharmaceuticals,4307,17.36,5057,AIR_CARGO,85.29,Normal,Carrier_B,7,525795
SHP01204,Visakhapatnam,Dubai,Air,Pharmaceuticals,4678,24.72,8220,AIR_CARGO,97.62,Normal,Carrier_E,10,765293
SHP01205,Mumbai,London,Air,Electronics,845,4,9292,AIR_CARGO,105.23,Peak,Carrier_D,10,686849
SHP01206,Mumbai,Antwerp,Air,Pharmaceuticals,864,3.6,10262,AIR_CARGO,107.89,Normal,Carrier_E,11,703658
SHP01207,Delhi,Jebel Ali,Road,Solar Panels,6432,17.8,6525,LCL,91.1,Off_Peak,Carrier_A,16,81342
SHP01208,Mumbai,Antwerp,Sea,General Cargo,8537,26.2,9193,40FT,100.84,Off_Peak,Carrier_B,22,139198
SHP01209,Bengaluru,Singapore,Road,General Cargo,5276,13.35,3542,40FT_HC,95.8,Peak,Carrier_E,10,114560
SHP01210,Cochin,Hamburg,Road,Chemicals,12387,34.21,10752,20FT,107.73,Peak,Carrier_A,24,316728
SHP01211,Visakhapatnam,Shanghai,Sea,Solar Panels,18350,42.36,7894,20FT,96.8,Off_Peak,Carrier_B,20,140509
SHP01212,Kolkata,Jebel Ali,Air,Automotive Parts,1585,8.09,4637,AIR_CARGO,83.08,Off_Peak,Carrier_C,6,247274
SHP01213,Ahmedabad,Antwerp,Sea,Food Products,11297,30.99,4001,20FT,79.79,Peak,Carrier_E,12,93768
SHP01214,Bengaluru,Dubai,Sea,Solar Panels,11234,21.95,3200,40FT_HC,88.53,Peak,Carrier_A,10,143298
SHP01215,Pune,Colombo,Air,Textiles,3797,16.28,8035,AIR_CARGO,96.28,Peak,Carrier_B,10,649657
SHP01216,Pune,Singapore,Air,Solar Panels,3966,22.01,4523,AIR_CARGO,82.83,Peak,Carrier_B,6,509541
SHP01217,Chennai,Antwerp,Sea,Chemicals,2365,14.46,8317,20FT,98.19,Off_Peak,Carrier_E,20,83555
SHP01218,Chennai,Colombo,Road,Machinery,1793,10.88,1016,20FT,110.07,Peak,Carrier_B,5,34476
SHP01219,Mumbai,Rotterdam,Sea,Automotive Parts,7355,16.62,10205,40FT_HC,78.87,Peak,Carrier_E,25,171696
SHP01220,Bengaluru,London,Air,Machinery,2056,9.66,10877,AIR_CARGO,78.59,Off_Peak,Carrier_A,12,467251
SHP01221,Mumbai,Busan,Sea,Furniture,7689,25.63,4607,40FT_HC,83.16,Off_Peak,Carrier_D,13,90905
SHP01222,Delhi,Colombo,Road,Textiles,6767,23.39,8012,LCL,95.84,Peak,Carrier_E,19,114725
SHP01223,Hyderabad,Colombo,Air,Chemicals,3466,14.67,11408,AIR_CARGO,110.21,Off_Peak,Carrier_D,12,823897
SHP01224,Chennai,Hamburg,Air,Pharmaceuticals,459,2.21,10649,AIR_CARGO,109.25,Off_Peak,Carrier_B,11,649298
SHP01225,Delhi,Dubai,Road,Solar Panels,6466,17.21,2244,40FT,103.15,Peak,Carrier_A,8,117256
SHP01226,Visakhapatnam,Hamburg,Sea,Furniture,7673,18.59,3437,LCL,76.58,Normal,Carrier_D,11,43021
SHP01227,Chennai,Busan,Air,Furniture,303,1.22,9096,AIR_CARGO,103.02,Normal,Carrier_C,10,449180
SHP01228,Mumbai,Singapore,Road,Pharmaceuticals,3262,8.33,4394,40FT_HC,88.63,Normal,Carrier_E,12,115676
SHP01229,Kolkata,Dubai,Air,Electronics,1268,6.8,5087,AIR_CARGO,83.45,Normal,Carrier_D,6,305164
SHP01230,Chennai,Hamburg,Sea,General Cargo,4507,12.26,10984,40FT_HC,108.15,Off_Peak,Carrier_E,26,137380
SHP01231,Delhi,Singapore,Sea,Pharmaceuticals,4101,7.5,4296,LCL,102.37,Off_Peak,Carrier_B,14,43349
SHP01232,Hyderabad,Shanghai,Road,Textiles,9660,29.7,5264,40FT,107.57,Peak,Carrier_C,14,195073
SHP01233,Kolkata,Dubai,Road,Solar Panels,4193,11.42,6416,LCL,91.06,Peak,Carrier_A,16,97098
SHP01234,Kolkata,Antwerp,Air,Chemicals,1595,6.58,8838,AIR_CARGO,100.25,Normal,Carrier_B,10,606136
SHP01235,Bengaluru,New York,Road,Chemicals,5538,18.95,14478,40FT_HC,92.93,Off_Peak,Carrier_B,32,313036
SHP01236,Bengaluru,Jebel Ali,Air,Food Products,1930,10.03,8894,AIR_CARGO,102.94,Peak,Carrier_B,10,627321
SHP01237,Cochin,Hamburg,Air,Electronics,4287,20.65,10154,AIR_CARGO,107.46,Peak,Carrier_A,11,1030533
SHP01238,Cochin,Singapore,Sea,Electronics,17285,31.85,3623,20FT,78.12,Off_Peak,Carrier_C,11,97282
SHP01239,Hyderabad,London,Sea,Furniture,5281,14.61,6366,LCL,89.89,Normal,Carrier_B,16,53576
SHP01240,Mumbai,Jebel Ali,Air,General Cargo,1016,5.26,1907,AIR_CARGO,102.54,Off_Peak,Carrier_E,4,119708
SHP01241,Delhi,Busan,Sea,Chemicals,14974,38.67,10377,40FT_HC,106.06,Peak,Carrier_D,25,340214
SHP01242,Visakhapatnam,Rotterdam,Sea,Textiles,19746,39.27,12254,20FT,114.18,Off_Peak,Carrier_E,27,164029
SHP01243,Ahmedabad,New York,Sea,Pharmaceuticals,16369,36.76,9124,40FT_HC,102.3,Peak,Carrier_D,22,327938
SHP01244,Bengaluru,Hamburg,Road,Chemicals,5100,15.95,5017,40FT_HC,83.09,Peak,Carrier_D,14,172086
SHP01245,Kolkata,Rotterdam,Air,Food Products,1561,7.75,12001,AIR_CARGO,100.76,Normal,Carrier_D,13,637917
SHP01246,Mumbai,Colombo,Air,Pharmaceuticals,766,3.23,1544,AIR_CARGO,97.75,Off_Peak,Carrier_A,4,127326
SHP01247,Mumbai,Colombo,Air,Pharmaceuticals,804,3.44,1582,AIR_CARGO,108.63,Off_Peak,Carrier_E,3,130007
SHP01248,Chennai,Antwerp,Sea,General Cargo,4054,18.1,7892,40FT_HC,98.02,Normal,Carrier_E,19,120297
SHP01249,Visakhapatnam,Los Angeles,Sea,Solar Panels,7750,20.74,10728,LCL,110.32,Peak,Carrier_A,25,135352
SHP01250,Hyderabad,Busan,Air,Pharmaceuticals,3538,14.33,9991,AIR_CARGO,105.51,Normal,Carrier_D,11,848838
SHP01251,Hyderabad,Antwerp,Air,General Cargo,3301,13.53,11341,AIR_CARGO,111.64,Off_Peak,Carrier_B,12,666300
SHP01252,Chennai,Hamburg,Road,Textiles,1066,5.99,11556,40FT,83.66,Off_Peak,Carrier_A,26,157230
SHP01253,Hyderabad,Rotterdam,Air,Automotive Parts,3194,15.93,10772,AIR_CARGO,80.17,Peak,Carrier_E,12,709272
SHP01254,Mumbai,Colombo,Road,Pharmaceuticals,3586,15.51,1679,40FT,89.04,Normal,Carrier_D,7,72899
SHP01255,Cochin,London,Air,Electronics,4185,19.64,6757,AIR_CARGO,92.52,Off_Peak,Carrier_A,8,525797
SHP01256,Pune,Dubai,Air,General Cargo,3983,21.15,2118,AIR_CARGO,113.9,Off_Peak,Carrier_B,4,274828
SHP01257,Visakhapatnam,Busan,Road,Automotive Parts,14481,43.74,7667,LCL,94.41,Normal,Carrier_E,18,129323
SHP01258,Kolkata,Singapore,Air,General Cargo,1257,6.83,2481,AIR_CARGO,90.91,Peak,Carrier_E,4,193485
SHP01259,Visakhapatnam,Rotterdam,Road,General Cargo,13769,36.86,4590,LCL,82.62,Normal,Carrier_E,12,83540
SHP01260,Ahmedabad,London,Air,Pharmaceuticals,2945,13.94,7343,AIR_CARGO,94.85,Off_Peak,Carrier_B,9,523777
SHP01261,Hyderabad,Colombo,Air,Furniture,3473,14.82,9746,AIR_CARGO,107.11,Normal,Carrier_E,11,628919
SHP01262,Pune,Shanghai,Road,Textiles,11475,34.28,11743,40FT,112.28,Off_Peak,Carrier_B,27,265199
SHP01263,Pune,Jebel Ali,Air,Machinery,3763,19.27,10843,AIR_CARGO,109.98,Normal,Carrier_B,12,740476
SHP01264,Chennai,Jebel Ali,Road,Chemicals,1270,4.58,3342,40FT_HC,97.85,Off_Peak,Carrier_D,10,73789
SHP01265,Mumbai,Busan,Road,General Cargo,2748,14.67,10239,20FT,105.56,Off_Peak,Carrier_E,24,130772
SHP01266,Hyderabad,Jebel Ali,Air,Textiles,3368,17.13,2634,AIR_CARGO,111.16,Normal,Carrier_D,5,304993
SHP01267,Cochin,Hamburg,Road,Solar Panels,12525,34.5,5998,40FT,87.91,Normal,Carrier_A,15,202666
SHP01268,Mumbai,Singapore,Road,Machinery,2668,7.33,4374,LCL,88.57,Normal,Carrier_A,12,47530
SHP01269,Kolkata,Dubai,Road,Food Products,4088,11.5,6581,LCL,90.92,Peak,Carrier_D,16,85593
SHP01270,Bengaluru,London,Air,Food Products,1893,9.02,10317,AIR_CARGO,85.01,Off_Peak,Carrier_D,12,438898
SHP01271,Chennai,Colombo,Air,Electronics,216,0.91,998,AIR_CARGO,106.5,Normal,Carrier_A,4,73349
SHP01272,Chennai,London,Air,Automotive Parts,159,0.76,10275,AIR_CARGO,97.93,Normal,Carrier_B,11,524201
SHP01273,Pune,Colombo,Sea,Furniture,23161,51.27,7250,40FT_HC,92.63,Off_Peak,Carrier_D,17,201903
SHP01274,Delhi,Singapore,Air,Furniture,2123,11.75,4269,AIR_CARGO,95.81,Normal,Carrier_E,6,294636
SHP01275,Ahmedabad,Antwerp,Air,Electronics,3025,12.45,3628,AIR_CARGO,77.67,Normal,Carrier_C,6,310068
SHP01276,Delhi,Dubai,Road,Chemicals,6734,18.11,2238,20FT,93.1,Peak,Carrier_A,8,90330
SHP01277,Chennai,Colombo,Sea,Textiles,1246,12.01,925,LCL,113.67,Peak,Carrier_D,7,19206
SHP01278,Visakhapatnam,Jebel Ali,Air,Furniture,4642,23.54,4454,AIR_CARGO,80.88,Peak,Carrier_D,6,481006
SHP01279,Cochin,Rotterdam,Road,Electronics,13316,35.59,11063,LCL,110.55,Off_Peak,Carrier_A,25,173590
SHP01280,Cochin,Dubai,Sea,Chemicals,24483,45.89,8247,40FT_HC,97.03,Normal,Carrier_B,21,299763
SHP01281,Hyderabad,Los Angeles,Sea,Pharmaceuticals,5508,16.72,15090,LCL,115,Peak,Carrier_C,33,183336
SHP01282,Pune,London,Road,Furniture,11717,32.69,9168,20FT,101.55,Normal,Carrier_A,22,181489
SHP01283,Pune,New York,Sea,Automotive Parts,21952,47.57,13583,40FT,101.61,Peak,Carrier_A,29,374526
SHP01284,Delhi,Rotterdam,Air,Chemicals,2521,12.42,7417,AIR_CARGO,94,Peak,Carrier_E,9,640715
SHP01285,Kolkata,Los Angeles,Road,Chemicals,3770,13.97,8058,40FT_HC,96.7,Off_Peak,Carrier_B,19,183694
SHP01286,Kolkata,Antwerp,Sea,Electronics,2006,14.39,11106,LCL,113.49,Normal,Carrier_C,26,98454
SHP01287,Bengaluru,Hamburg,Air,Automotive Parts,1747,8.42,7330,AIR_CARGO,94.38,Off_Peak,Carrier_C,8,394504
SHP01288,Ahmedabad,London,Road,Machinery,9155,26.59,4355,20FT,81.42,Off_Peak,Carrier_C,12,80205
SHP01289,Mumbai,Singapore,Air,Textiles,844,4.61,4424,AIR_CARGO,105.35,Peak,Carrier_C,6,312055
SHP01290,Chennai,Jebel Ali,Sea,Pharmaceuticals,2205,6.32,3609,20FT,86.18,Off_Peak,Carrier_B,11,39247
SHP01291,Delhi,Hamburg,Air,Automotive Parts,2547,12.51,3514,AIR_CARGO,77.99,Off_Peak,Carrier_E,5,232308
SHP01292,Delhi,Shanghai,Road,Pharmaceuticals,7618,24.39,4543,40FT_HC,113.07,Normal,Carrier_E,12,189539
SHP01293,Kolkata,Colombo,Air,Electronics,1305,5.53,1987,AIR_CARGO,104.04,Peak,Carrier_C,5,218601
SHP01294,Pune,Los Angeles,Air,Solar Panels,3670,16.96,11106,AIR_CARGO,113.6,Normal,Carrier_C,12,848850
SHP01295,Hyderabad,Busan,Sea,Automotive Parts,19069,46.01,9851,40FT_HC,105.37,Peak,Carrier_A,23,335828
SHP01296,Kolkata,Dubai,Air,Furniture,1559,8.15,6729,AIR_CARGO,90.64,Off_Peak,Carrier_D,8,318201
SHP01297,Bengaluru,Rotterdam,Sea,Machinery,7736,17.94,10765,20FT,89.62,Peak,Carrier_D,24,134070
SHP01298,Chennai,Busan,Sea,Solar Panels,1084,13.21,11080,LCL,109.84,Normal,Carrier_A,24,92095
SHP01299,Visakhapatnam,London,Air,Food Products,4998,23.89,8945,AIR_CARGO,102.26,Normal,Carrier_E,11,656016
SHP01300,Ahmedabad,New York,Road,Machinery,9122,27.96,3004,20FT,75.56,Peak,Carrier_B,9,92032
SHP01301,Pune,New York,Sea,Machinery,15572,35.85,13792,20FT,108.37,Peak,Carrier_B,29,225851
SHP01302,Kolkata,Los Angeles,Air,Machinery,1211,5.55,6005,AIR_CARGO,89.08,Peak,Carrier_B,7,377676
SHP01303,Mumbai,New York,Air,Electronics,772,3.44,12541,AIR_CARGO,92.74,Normal,Carrier_E,14,639348
SHP01304,Delhi,Singapore,Road,Furniture,6591,16.6,4136,20FT,76.68,Peak,Carrier_E,12,81816
SHP01305,Visakhapatnam,Antwerp,Sea,Electronics,26486,58.27,11239,40FT_HC,112.38,Off_Peak,Carrier_C,26,320772
SHP01306,Delhi,London,Air,General Cargo,2250,10.63,6776,AIR_CARGO,92.64,Peak,Carrier_A,9,507255
SHP01307,Kolkata,Jebel Ali,Road,Textiles,4666,13.66,3449,LCL,76.52,Normal,Carrier_D,10,42620
SHP01308,Pune,Antwerp,Road,Chemicals,11250,35.09,9245,LCL,102.9,Normal,Carrier_C,22,167150
SHP01309,Chennai,Los Angeles,Sea,Textiles,5063,15.76,15562,40FT,107.79,Off_Peak,Carrier_A,33,188314
SHP01310,Hyderabad,Jebel Ali,Road,Electronics,9705,25.6,2810,20FT,95.27,Normal,Carrier_C,10,95826
SHP01311,Ahmedabad,Hamburg,Air,Chemicals,2697,12.92,8460,AIR_CARGO,100.1,Peak,Carrier_B,10,768691
SHP01312,Chennai,Singapore,Air,General Cargo,411,2.27,3390,AIR_CARGO,77.71,Normal,Carrier_E,5,140642
SHP01313,Visakhapatnam,Hamburg,Air,Machinery,4641,22.33,8010,AIR_CARGO,96.76,Off_Peak,Carrier_B,10,525385
SHP01314,Kolkata,New York,Air,Furniture,1573,6.95,14782,AIR_CARGO,113.62,Peak,Carrier_B,15,1045518
SHP01315,Cochin,Rotterdam,Sea,Electronics,24182,47.9,6346,40FT,90.38,Off_Peak,Carrier_E,16,201693
SHP01316,Ahmedabad,Dubai,Air,Machinery,2705,14.33,1814,AIR_CARGO,79.2,Normal,Carrier_B,4,205672
SHP01317,Chennai,Dubai,Air,Electronics,275,1.45,3611,AIR_CARGO,75.63,Peak,Carrier_C,6,193795
SHP01318,Mumbai,Jebel Ali,Sea,General Cargo,8202,17.2,2017,40FT,112.27,Normal,Carrier_E,8,70930
SHP01319,Hyderabad,Jebel Ali,Air,Automotive Parts,3102,16.06,2776,AIR_CARGO,108.8,Off_Peak,Carrier_A,5,295156
SHP01320,Delhi,Hamburg,Road,Pharmaceuticals,6927,20.55,11302,LCL,112.16,Normal,Carrier_E,25,181236
SHP01321,Ahmedabad,Dubai,Air,General Cargo,2709,14.46,1697,AIR_CARGO,103.54,Peak,Carrier_C,4,266933
SHP01322,Visakhapatnam,Singapore,Air,Electronics,4795,26.2,10914,AIR_CARGO,109.54,Off_Peak,Carrier_D,12,832924
SHP01323,Mumbai,Colombo,Sea,General Cargo,7207,22.64,1637,40FT_HC,78.59,Peak,Carrier_A,9,89512
SHP01324,Pune,Colombo,Sea,Solar Panels,6146,20.43,7312,LCL,93.42,Peak,Carrier_A,18,90496
SHP01325,Kolkata,Los Angeles,Road,General Cargo,3789,13.99,5956,40FT,88.53,Normal,Carrier_B,16,117936
SHP01326,Mumbai,Shanghai,Road,General Cargo,3555,14.67,6669,LCL,85.02,Normal,Carrier_D,16,69258
SHP01327,Pune,Jebel Ali,Road,Automotive Parts,10711,28.48,10002,20FT,108.27,Normal,Carrier_A,23,215405
SHP01328,Bengaluru,Rotterdam,Road,Chemicals,6061,17.8,10883,40FT,86.87,Peak,Carrier_D,26,290110
SHP01329,Pune,New York,Sea,Textiles,5927,17.86,12857,LCL,103.15,Off_Peak,Carrier_A,28,91976
SHP01330,Pune,Singapore,Road,Food Products,11516,29.4,4431,40FT,96.06,Normal,Carrier_B,12,150232
SHP01331,Ahmedabad,Busan,Road,Machinery,8661,29.2,11698,40FT_HC,114.03,Peak,Carrier_D,27,375052
SHP01332,Delhi,Colombo,Road,Machinery,7091,23.78,7855,40FT_HC,95.64,Normal,Carrier_A,19,204677
SHP01333,Ahmedabad,Shanghai,Air,Pharmaceuticals,2990,12.97,8084,AIR_CARGO,97.52,Peak,Carrier_D,10,775042
SHP01334,Hyderabad,Singapore,Air,Pharmaceuticals,3412,18.84,3740,AIR_CARGO,112.35,Peak,Carrier_C,6,578297
SHP01335,Chennai,Antwerp,Sea,Food Products,536,11.88,4566,LCL,82.11,Off_Peak,Carrier_A,13,27148
SHP01336,Chennai,Shanghai,Road,Pharmaceuticals,1090,8.11,5853,40FT_HC,94.15,Normal,Carrier_A,15,151808
SHP01337,Kolkata,Jebel Ali,Air,Machinery,1421,7.32,6027,AIR_CARGO,89.37,Normal,Carrier_D,8,322287
SHP01338,Kolkata,London,Road,Electronics,4010,13.88,11230,LCL,78.89,Off_Peak,Carrier_A,25,107108
SHP01339,Visakhapatnam,Dubai,Sea,Furniture,26334,49.73,9508,40FT,104.95,Off_Peak,Carrier_A,23,237595
SHP01340,Cochin,Jebel Ali,Road,Machinery,12957,34,7734,40FT_HC,96.59,Off_Peak,Carrier_D,19,202069
SHP01341,Mumbai,New York,Air,Machinery,723,3.26,13357,AIR_CARGO,86.95,Peak,Carrier_B,14,704017
SHP01342,Mumbai,Hamburg,Road,Furniture,2793,10.01,10569,40FT,110.37,Peak,Carrier_D,25,261451
SHP01343,Chennai,Hamburg,Air,Chemicals,296,1.43,11207,AIR_CARGO,91.31,Peak,Carrier_C,12,722110
SHP01344,Cochin,Antwerp,Air,Food Products,4473,18.56,7495,AIR_CARGO,93.72,Off_Peak,Carrier_C,9,480163
SHP01345,Cochin,Dubai,Sea,Machinery,23526,44.3,3636,40FT,78.05,Off_Peak,Carrier_E,11,143149
SHP01346,Kolkata,Colombo,Sea,Machinery,5716,20.27,2080,20FT,99.97,Off_Peak,Carrier_B,8,43877
SHP01347,Hyderabad,Rotterdam,Air,Electronics,3387,17.02,10745,AIR_CARGO,81.55,Normal,Carrier_A,12,692523
SHP01348,Delhi,Busan,Road,Food Products,7443,26.48,8936,40FT_HC,101.48,Off_Peak,Carrier_D,22,201359
SHP01349,Ahmedabad,Rotterdam,Sea,Textiles,12681,26.1,9509,20FT,107.93,Peak,Carrier_D,23,163282
SHP01350,Cochin,Hamburg,Sea,Electronics,17659,36.58,7625,20FT,94.56,Off_Peak,Carrier_A,18,141811
SHP01351,Mumbai,Dubai,Road,Solar Panels,3568,10.02,1979,40FT_HC,84.98,Off_Peak,Carrier_C,8,57096
SHP01352,Bengaluru,Shanghai,Air,Food Products,1942,8.53,4193,AIR_CARGO,80.61,Off_Peak,Carrier_E,7,211353
SHP01353,Chennai,Jebel Ali,Air,Furniture,369,1.92,3306,AIR_CARGO,81.18,Peak,Carrier_E,5,164344
SHP01354,Hyderabad,Singapore,Air,Chemicals,3120,17.11,3777,AIR_CARGO,77.85,Off_Peak,Carrier_E,5,305128
SHP01355,Pune,Busan,Road,Chemicals,11594,36.72,10772,40FT_HC,111.13,Off_Peak,Carrier_B,25,324467
SHP01356,Mumbai,Rotterdam,Air,Automotive Parts,759,3.81,9599,AIR_CARGO,91.34,Peak,Carrier_E,10,570031
SHP01357,Delhi,Colombo,Road,Solar Panels,7593,25.36,3649,40FT,77.89,Off_Peak,Carrier_E,11,98465
SHP01358,Bengaluru,Los Angeles,Air,Electronics,2070,9.45,16053,AIR_CARGO,89.17,Normal,Carrier_A,16,943093
SHP01359,Chennai,Rotterdam,Road,General Cargo,1212,5.23,10502,LCL,89.31,Off_Peak,Carrier_C,24,81363
SHP01360,Cochin,Shanghai,Air,Automotive Parts,4124,17.93,8693,AIR_CARGO,99.87,Normal,Carrier_A,10,671299
SHP01361,Bengaluru,Singapore,Air,Electronics,1915,10.32,3688,AIR_CARGO,84.02,Peak,Carrier_C,6,337301
SHP01362,Mumbai,New York,Air,Electronics,658,2.92,12788,AIR_CARGO,81.88,Normal,Carrier_E,13,578319
SHP01363,Hyderabad,Antwerp,Air,Automotive Parts,3205,13.34,6514,AIR_CARGO,92.03,Off_Peak,Carrier_A,8,424665
SHP01364,Cochin,Singapore,Air,Pharmaceuticals,4111,22.41,9253,AIR_CARGO,102.57,Normal,Carrier_A,10,859801
SHP01365,Mumbai,New York,Road,Electronics,3103,12.55,13111,40FT_HC,91.56,Normal,Carrier_B,30,286076
SHP01366,Delhi,Antwerp,Road,Textiles,7064,24.47,5288,40FT_HC,84.96,Off_Peak,Carrier_E,15,118259
SHP01367,Delhi,Jebel Ali,Road,Automotive Parts,6616,18.52,9950,40FT,104.49,Normal,Carrier_C,23,237345
SHP01368,Ahmedabad,Hamburg,Sea,Electronics,17382,36.23,8617,40FT_HC,99.3,Off_Peak,Carrier_B,21,208359
SHP01369,Cochin,Hamburg,Sea,Textiles,16647,35.19,6963,20FT,93.17,Off_Peak,Carrier_C,18,111368
SHP01370,Visakhapatnam,Antwerp,Air,Food Products,4724,19.5,8601,AIR_CARGO,98.08,Off_Peak,Carrier_C,9,556062
SHP01371,Mumbai,Antwerp,Road,Pharmaceuticals,2714,13.98,8395,40FT,97.4,Off_Peak,Carrier_B,20,184522
SHP01372,Delhi,Hamburg,Air,Pharmaceuticals,2179,10.55,4109,AIR_CARGO,80.2,Peak,Carrier_A,6,427180
SHP01373,Bengaluru,London,Sea,Machinery,3098,11.6,10139,LCL,78.48,Off_Peak,Carrier_C,23,50987
SHP01374,Mumbai,Shanghai,Sea,Furniture,8389,23.76,6332,40FT_HC,87.26,Normal,Carrier_A,17,127473
SHP01375,Mumbai,London,Road,General Cargo,2654,10.53,9091,20FT,114.89,Peak,Carrier_D,22,175406
SHP01376,Hyderabad,Jebel Ali,Sea,Chemicals,18752,36.77,2648,40FT,103.5,Normal,Carrier_D,10,168871
SHP01377,Hyderabad,Antwerp,Sea,Solar Panels,5047,19.99,3838,LCL,78.73,Peak,Carrier_D,12,53424
SHP01378,Visakhapatnam,Colombo,Road,Textiles,14263,41.77,7163,40FT_HC,92.49,Off_Peak,Carrier_E,18,195996
SHP01379,Ahmedabad,Colombo,Sea,Furniture,4379,16.98,2021,LCL,114.1,Peak,Carrier_B,9,39668
SHP01380,Visakhapatnam,Antwerp,Sea,Pharmaceuticals,27132,59.57,7940,40FT_HC,98.32,Normal,Carrier_E,19,335290
SHP01381,Delhi,London,Air,Food Products,2285,10.72,6855,AIR_CARGO,98.18,Off_Peak,Carrier_E,8,358918
SHP01382,Ahmedabad,New York,Air,Chemicals,2631,11.85,5115,AIR_CARGO,84.46,Off_Peak,Carrier_E,7,336082
SHP01383,Delhi,New York,Sea,Textiles,15824,35.85,12143,40FT_HC,75.49,Off_Peak,Carrier_E,27,175453
SHP01384,Chennai,Los Angeles,Road,Electronics,1424,7.64,15031,40FT,98.3,Peak,Carrier_E,34,341022
SHP01385,Bengaluru,New York,Sea,Textiles,7963,22.02,14749,20FT,97.87,Off_Peak,Carrier_A,32,136740
SHP01386,Bengaluru,Singapore,Sea,Textiles,2940,5.38,3541,LCL,108.52,Normal,Carrier_E,12,30178
SHP01387,Hyderabad,Busan,Road,Chemicals,9289,31.06,9046,40FT,102.42,Off_Peak,Carrier_E,22,237336
SHP01388,Ahmedabad,Colombo,Sea,Food Products,11710,30.79,2141,20FT,104.03,Peak,Carrier_D,10,91473
SHP01389,Visakhapatnam,Los Angeles,Sea,Food Products,27653,56.8,8511,40FT_HC,99.07,Off_Peak,Carrier_E,20,230433
SHP01390,Cochin,Busan,Road,Furniture,12927,39.78,4124,40FT_HC,80.82,Normal,Carrier_B,12,158982
SHP01391,Visakhapatnam,Singapore,Sea,Solar Panels,19407,35.95,9869,20FT,104.58,Peak,Carrier_A,23,224223
SHP01392,Cochin,Jebel Ali,Air,Electronics,4067,20.85,7655,AIR_CARGO,94.79,Normal,Carrier_A,9,643479
SHP01393,Cochin,Jebel Ali,Road,Solar Panels,12987,34.03,11992,40FT_HC,112.9,Peak,Carrier_A,28,468721
SHP01394,Pune,Dubai,Air,Chemicals,3604,19.07,1964,AIR_CARGO,99.91,Normal,Carrier_D,4,340305
SHP01395,Bengaluru,Antwerp,Air,Chemicals,1648,6.88,7386,AIR_CARGO,95.95,Peak,Carrier_B,9,603324
SHP01396,Hyderabad,Rotterdam,Road,Textiles,9337,25.65,10771,LCL,100.89,Off_Peak,Carrier_C,24,122269
SHP01397,Ahmedabad,Busan,Sea,Furniture,16562,41.57,10358,40FT_HC,106.02,Peak,Carrier_D,24,283429
SHP01398,Bengaluru,New York,Air,Textiles,1925,8.67,13702,AIR_CARGO,105.67,Normal,Carrier_C,14,759388
SHP01399,Ahmedabad,Colombo,Sea,Furniture,11549,30.64,2050,20FT,80.71,Normal,Carrier_C,8,72090
SHP01400,Visakhapatnam,Los Angeles,Sea,Furniture,7310,19.44,10393,LCL,107.46,Peak,Carrier_A,23,112000
SHP01401,Delhi,Rotterdam,Air,Chemicals,2353,11.62,7386,AIR_CARGO,93.34,Off_Peak,Carrier_D,9,479484
SHP01402,Mumbai,Shanghai,Road,Solar Panels,3596,14.85,6435,40FT_HC,98.38,Peak,Carrier_C,16,197106
SHP01403,Hyderabad,Hamburg,Sea,Food Products,19064,39.09,9758,40FT_HC,103.36,Peak,Carrier_B,23,281852
SHP01404,Pune,New York,Air,Textiles,4015,17.9,13370,AIR_CARGO,81.84,Peak,Carrier_D,14,840132
SHP01405,Chennai,Shanghai,Air,Chemicals,209,0.91,5581,AIR_CARGO,99.51,Normal,Carrier_E,7,319175
SHP01406,Chennai,Rotterdam,Road,Food Products,818,4.3,10410,40FT,90.36,Off_Peak,Carrier_D,24,148611
SHP01407,Ahmedabad,Shanghai,Road,Chemicals,8400,26.5,6107,40FT_HC,89.57,Peak,Carrier_D,16,245408
SHP01408,Delhi,Busan,Air,Automotive Parts,2443,9.9,7520,AIR_CARGO,94.85,Peak,Carrier_A,8,599956
SHP01409,Kolkata,Los Angeles,Air,Automotive Parts,1419,6.46,10392,AIR_CARGO,109.98,Peak,Carrier_C,11,797685
SHP01410,Bengaluru,Jebel Ali,Air,Machinery,1860,9.69,6924,AIR_CARGO,93.99,Normal,Carrier_B,8,397154
SHP01411,Mumbai,Los Angeles,Road,General Cargo,3029,12.22,14515,40FT_HC,103.03,Peak,Carrier_C,33,351859
SHP01412,Cochin,Rotterdam,Air,Solar Panels,4320,21.77,4663,AIR_CARGO,82.12,Off_Peak,Carrier_E,6,372808
SHP01413,Chennai,Dubai,Air,Textiles,251,1.33,3585,AIR_CARGO,94.53,Off_Peak,Carrier_E,6,146974
SHP01414,Bengaluru,Rotterdam,Road,General Cargo,5352,15.95,11591,40FT_HC,93.99,Off_Peak,Carrier_A,27,221991
SHP01415,Cochin,London,Sea,Automotive Parts,25439,52.14,4074,40FT_HC,79.1,Off_Peak,Carrier_A,13,198247
SHP01416,Bengaluru,Singapore,Road,Furniture,5697,14.4,3610,LCL,77.21,Off_Peak,Carrier_C,11,40704
SHP01417,Kolkata,Shanghai,Road,Textiles,4842,17.45,4529,40FT_HC,101.21,Off_Peak,Carrier_C,13,108433
SHP01418,Chennai,Antwerp,Sea,Electronics,2955,15.51,10299,20FT,108.25,Peak,Carrier_B,23,146854
SHP01419,Visakhapatnam,Los Angeles,Sea,Machinery,19101,41.49,5970,20FT,88.89,Peak,Carrier_C,15,156487
SHP01420,Mumbai,London,Air,Solar Panels,969,4.62,9766,AIR_CARGO,85.74,Off_Peak,Carrier_D,11,442060
SHP01421,Kolkata,Singapore,Air,Machinery,1143,6.26,2584,AIR_CARGO,93.01,Normal,Carrier_B,5,173294
SHP01422,Mumbai,New York,Sea,Electronics,8038,21.93,12947,40FT_HC,103.25,Normal,Carrier_B,28,235010
SHP01423,Hyderabad,London,Sea,Solar Panels,14027,30.54,12083,20FT,112.86,Peak,Carrier_C,26,224012
SHP01424,Cochin,Antwerp,Air,Solar Panels,4285,17.77,8882,AIR_CARGO,99.99,Peak,Carrier_B,10,826716
SHP01425,Cochin,Los Angeles,Air,Furniture,4123,19.07,6319,AIR_CARGO,89.45,Off_Peak,Carrier_B,8,404574
SHP01426,Cochin,Hamburg,Air,Machinery,4197,20.36,10898,AIR_CARGO,108.42,Peak,Carrier_D,12,926601
SHP01427,Ahmedabad,Dubai,Air,Electronics,2717,14.35,1784,AIR_CARGO,87.1,Peak,Carrier_B,4,284375
SHP01428,Cochin,London,Road,Textiles,13149,36.39,8239,40FT_HC,98.1,Off_Peak,Carrier_D,19,211728
SHP01429,Delhi,Antwerp,Air,Food Products,2357,9.66,5334,AIR_CARGO,84.92,Peak,Carrier_E,7,372078
SHP01430,Mumbai,Dubai,Road,Pharmaceuticals,2670,7.59,1961,40FT_HC,92.09,Peak,Carrier_E,7,78917
SHP01431,Delhi,Dubai,Sea,Textiles,14689,28.08,2247,40FT,86.18,Peak,Carrier_E,10,126254
SHP01432,Mumbai,Jebel Ali,Sea,Food Products,7382,15.68,1951,40FT,100.79,Peak,Carrier_B,9,77690
SHP01433,Mumbai,Singapore,Sea,Solar Panels,8642,16.49,4322,40FT,110.18,Peak,Carrier_A,13,139767
SHP01434,Cochin,Dubai,Air,Machinery,4295,22.89,3207,AIR_CARGO,76.64,Peak,Carrier_E,5,389110
SHP01435,Hyderabad,Jebel Ali,Road,General Cargo,10001,26.88,2655,LCL,98.42,Peak,Carrier_A,9,79478
SHP01436,Bengaluru,Busan,Sea,Machinery,3032,17.26,8839,LCL,99.14,Peak,Carrier_C,22,80162
SHP01437,Pune,Dubai,Sea,Automotive Parts,15323,28.94,2134,20FT,87.68,Peak,Carrier_B,8,106364
SHP01438,Chennai,Hamburg,Sea,Solar Panels,6320,15.92,11491,40FT_HC,112.3,Peak,Carrier_C,27,253929
SHP01439,Mumbai,London,Road,Food Products,2392,9.95,9513,40FT,96.06,Off_Peak,Carrier_B,23,151799
SHP01440,Visakhapatnam,Colombo,Sea,Furniture,27873,60.12,3444,40FT,77.61,Peak,Carrier_B,12,239461
SHP01441,Pune,New York,Sea,Textiles,21265,45.91,12754,40FT_HC,112.66,Off_Peak,Carrier_E,29,251171
SHP01442,Pune,Antwerp,Road,Furniture,10638,33.43,7466,40FT_HC,95.6,Off_Peak,Carrier_C,18,189183
SHP01443,Mumbai,London,Air,Furniture,671,3.17,9149,AIR_CARGO,95.69,Normal,Carrier_C,11,444180
SHP01444,Mumbai,Singapore,Sea,General Cargo,1899,4.29,4553,LCL,92.07,Peak,Carrier_D,13,37213
SHP01445,Hyderabad,Antwerp,Air,Automotive Parts,3162,13.05,4616,AIR_CARGO,83.06,Off_Peak,Carrier_D,7,318151
SHP01446,Kolkata,Shanghai,Road,Pharmaceuticals,4588,17.17,4527,40FT_HC,104.38,Normal,Carrier_A,12,167354
SHP01447,Chennai,Dubai,Air,Solar Panels,222,1.17,3686,AIR_CARGO,80.52,Normal,Carrier_B,6,170252
SHP01448,Hyderabad,London,Air,Solar Panels,3107,14.48,4964,AIR_CARGO,82.82,Off_Peak,Carrier_E,6,325672
SHP01449,Pune,Shanghai,Road,Machinery,10685,32.62,10996,LCL,111.04,Off_Peak,Carrier_C,26,135622
SHP01450,Cochin,Colombo,Road,Solar Panels,12284,36.71,5541,40FT,86.53,Peak,Carrier_E,15,217349
SHP01451,Pune,Antwerp,Road,Chemicals,10767,34.08,4456,20FT,80.93,Peak,Carrier_C,13,150641
SHP01452,Chennai,New York,Road,Electronics,1321,8.47,14657,20FT,85.45,Normal,Carrier_D,33,194185
SHP01453,Chennai,Antwerp,Sea,Chemicals,6041,21.03,9069,40FT_HC,101.09,Off_Peak,Carrier_A,22,169448
SHP01454,Chennai,Rotterdam,Sea,Pharmaceuticals,882,5.07,11031,LCL,83.64,Peak,Carrier_E,25,86057
SHP01455,Delhi,Colombo,Road,Textiles,7755,25.93,11791,20FT,111.82,Normal,Carrier_D,27,208837
SHP01456,Bengaluru,Hamburg,Air,Automotive Parts,1646,8.08,12140,AIR_CARGO,114.48,Peak,Carrier_E,13,902300
SHP01457,Visakhapatnam,Jebel Ali,Air,Pharmaceuticals,4997,25.66,8393,AIR_CARGO,97.76,Off_Peak,Carrier_D,10,709834
SHP01458,Pune,Singapore,Road,Textiles,11668,29.19,4471,LCL,107.63,Peak,Carrier_C,13,104125
SHP01459,Delhi,Singapore,Road,Chemicals,7135,18.39,4088,40FT_HC,83.97,Peak,Carrier_E,12,157377
SHP01460,Chennai,New York,Air,Food Products,525,2.34,14646,AIR_CARGO,88.49,Off_Peak,Carrier_A,16,591402
SHP01461,Pune,Busan,Air,Textiles,3621,14.59,3554,AIR_CARGO,78.3,Off_Peak,Carrier_C,5,267380
SHP01462,Bengaluru,Dubai,Air,Machinery,1679,8.94,3118,AIR_CARGO,81.52,Normal,Carrier_C,5,206413
SHP01463,Mumbai,Los Angeles,Sea,General Cargo,1529,9.64,14228,LCL,89.89,Off_Peak,Carrier_E,30,67805
SHP01464,Ahmedabad,Singapore,Sea,General Cargo,17718,32.72,5898,40FT_HC,87.19,Normal,Carrier_E,16,161171
SHP01465,Bengaluru,New York,Air,Electronics,1830,8.18,14125,AIR_CARGO,114.27,Normal,Carrier_B,15,994901
SHP01466,Bengaluru,Jebel Ali,Road,Automotive Parts,5317,14.75,9140,40FT_HC,102.72,Off_Peak,Carrier_E,22,187497
SHP01467,Delhi,Antwerp,Sea,Solar Panels,15395,38.68,7560,40FT,94.12,Off_Peak,Carrier_D,18,171829
SHP01468,Pune,Dubai,Air,Solar Panels,3692,19.83,2091,AIR_CARGO,76.94,Off_Peak,Carrier_B,5,257853
SHP01469,Chennai,Jebel Ali,Sea,Textiles,4597,11.13,3432,40FT_HC,107.36,Peak,Carrier_C,11,87325
SHP01470,Chennai,Busan,Sea,Furniture,5842,22.53,5154,40FT_HC,84.31,Peak,Carrier_A,15,121663
SHP01471,Chennai,Busan,Air,Solar Panels,603,2.45,4698,AIR_CARGO,82.98,Peak,Carrier_C,7,288885
SHP01472,Hyderabad,Los Angeles,Air,Solar Panels,3441,15.65,15762,AIR_CARGO,109.48,Off_Peak,Carrier_D,16,955446
SHP01473,Kolkata,Dubai,Road,Pharmaceuticals,3633,9.88,5180,40FT_HC,84.42,Off_Peak,Carrier_A,14,121526
SHP01474,Delhi,Los Angeles,Sea,Pharmaceuticals,13953,31.66,6151,40FT_HC,88.58,Off_Peak,Carrier_A,17,183415
SHP01475,Delhi,Jebel Ali,Air,Solar Panels,2470,12.78,11382,AIR_CARGO,111.13,Off_Peak,Carrier_E,13,686612
SHP01476,Cochin,Rotterdam,Road,Machinery,12899,34.34,7445,40FT,96.12,Peak,Carrier_C,19,250640
SHP01477,Cochin,Shanghai,Air,Food Products,4219,18.22,6821,AIR_CARGO,93.52,Peak,Carrier_A,8,628680
SHP01478,Ahmedabad,Antwerp,Road,Chemicals,8852,28.86,2991,20FT,75.47,Peak,Carrier_B,9,114588
SHP01479,Hyderabad,Rotterdam,Sea,Food Products,5400,13.24,11301,LCL,93.05,Peak,Carrier_A,25,97986
SHP01480,Ahmedabad,Hamburg,Air,Electronics,2593,12.5,5888,AIR_CARGO,88.46,Normal,Carrier_D,8,434420
SHP01481,Cochin,Shanghai,Road,Machinery,12337,36.61,10128,LCL,106.93,Off_Peak,Carrier_D,24,131612
SHP01482,Chennai,Shanghai,Air,Automotive Parts,212,0.93,5642,AIR_CARGO,107.63,Normal,Carrier_A,7,331823
SHP01483,Bengaluru,Los Angeles,Sea,Machinery,11483,27.53,16554,40FT_HC,112.69,Peak,Carrier_C,34,336205
SHP01484,Ahmedabad,Rotterdam,Road,Chemicals,8036,22.49,9548,40FT,95.97,Peak,Carrier_E,23,294504
SHP01485,Pune,Colombo,Air,General Cargo,3581,15.38,10658,AIR_CARGO,108.11,Peak,Carrier_A,11,875856
SHP01486,Cochin,Dubai,Air,Textiles,4439,23.41,3783,AIR_CARGO,78.19,Peak,Carrier_D,6,435602
SHP01487,Cochin,Rotterdam,Sea,Pharmaceuticals,17670,35.65,9388,20FT,102.78,Off_Peak,Carrier_B,22,171938
SHP01488,Delhi,Singapore,Air,Pharmaceuticals,2123,11.77,4167,AIR_CARGO,107.92,Normal,Carrier_C,6,407439
SHP01489,Chennai,Colombo,Road,Electronics,2051,11.59,977,LCL,94.59,Peak,Carrier_A,6,29097
SHP01490,Bengaluru,Shanghai,Road,Furniture,5631,20.07,4296,40FT_HC,81.59,Normal,Carrier_E,12,107471
SHP01491,Mumbai,Los Angeles,Road,Electronics,2985,11.94,14740,40FT_HC,94.15,Off_Peak,Carrier_E,33,266660
SHP01492,Cochin,Rotterdam,Road,Solar Panels,12770,34.29,5112,40FT_HC,84.9,Peak,Carrier_E,13,220440
SHP01493,Pune,Los Angeles,Sea,Machinery,15357,34.26,4154,20FT,79.5,Normal,Carrier_E,12,93946
SHP01494,Ahmedabad,Los Angeles,Road,Textiles,8780,26.57,9864,LCL,104.43,Peak,Carrier_B,24,158127
SHP01495,Kolkata,Shanghai,Sea,Pharmaceuticals,9372,25.18,4745,40FT_HC,90.46,Off_Peak,Carrier_B,13,131550
SHP01496,Delhi,New York,Road,Pharmaceuticals,6424,20.76,12271,LCL,96.3,Off_Peak,Carrier_A,27,162179
SHP01497,Kolkata,Singapore,Air,Furniture,1164,6.3,2493,AIR_CARGO,105.96,Off_Peak,Carrier_A,4,169896
SHP01498,Kolkata,Singapore,Road,Furniture,4391,11.35,2582,20FT,96.41,Normal,Carrier_A,8,55183
SHP01499,Visakhapatnam,Colombo,Air,Furniture,4696,19.82,6494,AIR_CARGO,89.33,Off_Peak,Carrier_D,8,433805
SHP01500,Mumbai,Antwerp,Sea,Furniture,5532,20.66,4353,20FT,80.55,Peak,Carrier_A,12,74187
SHP01501,Chennai,Colombo,Sea,General Cargo,2689,14.41,1017,20FT,77.43,Peak,Carrier_E,7,29839
SHP01502,Visakhapatnam,Busan,Sea,Chemicals,18878,45.95,3250,20FT,76.05,Peak,Carrier_C,11,162534
SHP01503,Pune,Los Angeles,Road,Electronics,10960,31.5,11230,40FT,113.09,Peak,Carrier_B,25,406551
SHP01504,Visakhapatnam,New York,Sea,Solar Panels,25726,53.86,9856,40FT_HC,105.7,Off_Peak,Carrier_B,23,277941
SHP01505,Ahmedabad,Hamburg,Sea,Pharmaceuticals,12692,27.83,8649,20FT,99.45,Normal,Carrier_A,21,164867
SHP01506,Hyderabad,Shanghai,Road,Automotive Parts,9652,29.88,5246,40FT_HC,105.54,Off_Peak,Carrier_D,13,165816
SHP01507,Pune,Jebel Ali,Sea,Machinery,15902,31.83,7698,20FT,94.61,Normal,Carrier_B,20,124627
SHP01508,Pune,Dubai,Sea,Furniture,20873,39.81,1953,40FT,77.39,Peak,Carrier_D,9,169699
SHP01509,Ahmedabad,London,Sea,Machinery,4592,13.73,5978,LCL,88.59,Off_Peak,Carrier_C,16,42735
SHP01510,Chennai,Busan,Road,Machinery,1269,10.86,6368,20FT,89.2,Peak,Carrier_D,16,101025
SHP01511,Hyderabad,Busan,Road,Automotive Parts,9794,32.3,3117,40FT_HC,76.24,Peak,Carrier_C,9,155832
SHP01512,Hyderabad,London,Road,Pharmaceuticals,9324,27.23,4186,40FT_HC,80.09,Peak,Carrier_C,12,203058
SHP01513,Visakhapatnam,Jebel Ali,Road,Pharmaceuticals,13413,35.11,8939,LCL,101.96,Off_Peak,Carrier_C,21,149935
SHP01514,Pune,Los Angeles,Air,Pharmaceuticals,3694,17.16,3886,AIR_CARGO,78.39,Normal,Carrier_D,6,419956
SHP01515,Ahmedabad,Antwerp,Sea,Automotive Parts,11692,32.02,10307,20FT,107.02,Off_Peak,Carrier_C,24,135140
SHP01516,Pune,Jebel Ali,Road,Food Products,11109,29.43,4113,LCL,79.57,Peak,Carrier_E,11,84172
SHP01517,Visakhapatnam,Jebel Ali,Sea,Automotive Parts,19859,38.46,8232,20FT,97.86,Normal,Carrier_A,19,165334
SHP01518,Delhi,Jebel Ali,Sea,Solar Panels,15409,30.25,8173,40FT_HC,97.15,Normal,Carrier_B,19,205258
SHP01519,Chennai,Colombo,Road,Pharmaceuticals,1107,9.21,937,40FT_HC,94,Peak,Carrier_C,5,48066
SHP01520,Pune,London,Air,Electronics,3589,16.71,9352,AIR_CARGO,113.99,Normal,Carrier_A,11,819326
SHP01521,Chennai,Shanghai,Road,Textiles,843,7.93,5719,20FT,104.24,Off_Peak,Carrier_E,15,69742
SHP01522,Mumbai,Singapore,Air,Pharmaceuticals,957,5.19,4317,AIR_CARGO,107.08,Off_Peak,Carrier_B,6,302416
SHP01523,Chennai,London,Road,Pharmaceuticals,925,6.25,10021,LCL,97.33,Peak,Carrier_A,23,155977
SHP01524,Delhi,Los Angeles,Road,Pharmaceuticals,7061,21.96,4237,20FT,79.64,Peak,Carrier_A,11,130893
SHP01525,Cochin,Dubai,Road,Food Products,13163,34.08,7158,20FT,94.1,Normal,Carrier_C,18,148128
SHP01526,Ahmedabad,Colombo,Air,Furniture,2853,12.15,2052,AIR_CARGO,112.93,Normal,Carrier_A,4,252492
SHP01527,Hyderabad,New York,Air,Chemicals,3527,15.65,10022,AIR_CARGO,108.13,Peak,Carrier_C,11,990526
SHP01528,Bengaluru,Colombo,Air,Food Products,1638,7.04,6622,AIR_CARGO,92.33,Normal,Carrier_D,8,360845
SHP01529,Chennai,Rotterdam,Air,Textiles,217,1.08,10919,AIR_CARGO,97.42,Off_Peak,Carrier_C,12,445030
SHP01530,Mumbai,Rotterdam,Sea,Automotive Parts,8485,18.91,10181,40FT,90.39,Normal,Carrier_A,24,165088
SHP01531,Bengaluru,Los Angeles,Sea,Machinery,13355,31.27,15877,40FT_HC,76.62,Peak,Carrier_C,34,271455
SHP01532,Ahmedabad,Dubai,Sea,Machinery,17168,33.12,1723,40FT_HC,87.77,Off_Peak,Carrier_D,7,111655
SHP01533,Ahmedabad,Singapore,Air,Solar Panels,2791,15.31,3093,AIR_CARGO,75.3,Peak,Carrier_B,5,336850
SHP01534,Mumbai,Los Angeles,Air,Textiles,1107,5.13,14681,AIR_CARGO,103.15,Normal,Carrier_B,15,764642
SHP01535,Visakhapatnam,Rotterdam,Air,Furniture,4921,24.53,10972,AIR_CARGO,111.46,Normal,Carrier_B,12,822122
SHP01536,Kolkata,Hamburg,Air,Pharmaceuticals,1576,7.72,5418,AIR_CARGO,86.42,Off_Peak,Carrier_D,7,330703
SHP01537,Visakhapatnam,Jebel Ali,Air,Chemicals,4848,24.71,8327,AIR_CARGO,99.46,Peak,Carrier_D,9,924506
SHP01538,Cochin,Los Angeles,Sea,Furniture,17119,37.68,10222,20FT,104.94,Normal,Carrier_D,24,158659
SHP01539,Hyderabad,Busan,Road,Chemicals,10182,33.08,11218,20FT,110.37,Normal,Carrier_A,25,269337
SHP01540,Visakhapatnam,Rotterdam,Air,Furniture,4904,24.31,8772,AIR_CARGO,99.87,Peak,Carrier_E,10,752005
SHP01541,Visakhapatnam,New York,Sea,Electronics,7618,20.86,6350,LCL,91.08,Off_Peak,Carrier_E,16,60058
SHP01542,Hyderabad,Hamburg,Sea,General Cargo,19721,40.38,4933,40FT_HC,84.55,Off_Peak,Carrier_C,14,151488
SHP01543,Bengaluru,London,Sea,Solar Panels,13181,29.24,10150,40FT_HC,110.41,Peak,Carrier_A,24,293358
SHP01544,Visakhapatnam,Shanghai,Sea,Textiles,27114,57.38,8342,40FT_HC,97.08,Peak,Carrier_D,21,329364
SHP01545,Bengaluru,Shanghai,Sea,General Cargo,12935,32.16,3890,40FT,79.52,Off_Peak,Carrier_A,12,106699
SHP01546,Kolkata,Dubai,Road,Automotive Parts,3664,9.95,8337,20FT,100.01,Peak,Carrier_C,21,157612
SHP01547,Kolkata,Singapore,Sea,Automotive Parts,9501,17.74,2611,40FT,94.4,Peak,Carrier_C,11,104237
SHP01548,Pune,Jebel Ali,Sea,Pharmaceuticals,21744,41.85,8162,40FT,97.68,Normal,Carrier_C,20,269541
SHP01549,Visakhapatnam,Shanghai,Road,Machinery,14351,41.63,11573,40FT,113.35,Normal,Carrier_C,26,324941
SHP01550,Ahmedabad,London,Sea,Furniture,17841,38.01,7040,40FT,92.07,Normal,Carrier_A,18,187606
SHP01551,Cochin,Antwerp,Sea,Food Products,24213,54.16,8003,40FT_HC,97.29,Normal,Carrier_A,20,256568
SHP01552,Hyderabad,Busan,Sea,Furniture,19937,47.47,3934,40FT,78.34,Normal,Carrier_E,13,156066
SHP01553,Visakhapatnam,Shanghai,Road,Pharmaceuticals,14750,42.27,5311,40FT_HC,85.76,Normal,Carrier_E,14,235130
SHP01554,Visakhapatnam,Antwerp,Road,General Cargo,13747,41.18,6259,40FT_HC,89.47,Off_Peak,Carrier_E,16,174248
SHP01555,Pune,Antwerp,Sea,Textiles,22761,52.03,4373,40FT_HC,80.5,Normal,Carrier_C,13,195635
SHP01556,Bengaluru,Singapore,Sea,Automotive Parts,3134,5.95,3753,LCL,94.09,Off_Peak,Carrier_C,12,29223
SHP01557,Mumbai,Hamburg,Sea,Pharmaceuticals,5419,14.21,10021,20FT,99.21,Off_Peak,Carrier_A,23,121426
SHP01558,Ahmedabad,Rotterdam,Air,Pharmaceuticals,2814,13.88,9270,AIR_CARGO,94.66,Off_Peak,Carrier_D,11,622050
SHP01559,Mumbai,Shanghai,Air,General Cargo,753,3.3,6402,AIR_CARGO,105.69,Peak,Carrier_C,8,433603
SHP01560,Ahmedabad,Los Angeles,Sea,Electronics,4667,15.15,9334,LCL,104.49,Normal,Carrier_D,23,87354
SHP01561,Cochin,Dubai,Sea,Furniture,25078,46.96,12184,40FT,114.92,Peak,Carrier_B,27,345193
SHP01562,Bengaluru,Shanghai,Air,Furniture,2040,8.92,5268,AIR_CARGO,86.28,Off_Peak,Carrier_A,7,290521
SHP01563,Hyderabad,Busan,Air,Furniture,3387,13.8,6491,AIR_CARGO,90.38,Peak,Carrier_B,8,529722
SHP01564,Cochin,New York,Air,Food Products,4454,19.97,7000,AIR_CARGO,94.28,Peak,Carrier_E,8,610148
SHP01565,Mumbai,Jebel Ali,Road,Machinery,2712,8.52,1883,20FT,92.03,Off_Peak,Carrier_A,7,32823
SHP01566,Delhi,London,Air,Chemicals,2329,10.93,6643,AIR_CARGO,101.69,Peak,Carrier_B,8,636277
SHP01567,Bengaluru,Shanghai,Sea,Electronics,13334,32.37,6955,40FT,92.56,Off_Peak,Carrier_E,18,151239
SHP01568,Pune,Jebel Ali,Air,Electronics,3734,19.2,3497,AIR_CARGO,77.93,Normal,Carrier_A,6,370309
SHP01569,Chennai,Busan,Air,Automotive Parts,309,1.26,11503,AIR_CARGO,112.74,Off_Peak,Carrier_E,12,578632
SHP01570,Bengaluru,Antwerp,Air,Machinery,1796,7.43,6442,AIR_CARGO,91.6,Off_Peak,Carrier_E,8,308314
SHP01571,Pune,London,Air,Electronics,3960,18.48,9364,AIR_CARGO,111.24,Peak,Carrier_D,10,956550
SHP01572,Hyderabad,New York,Sea,Pharmaceuticals,20012,43.43,3053,40FT,75.77,Normal,Carrier_C,10,189389
SHP01573,Mumbai,Jebel Ali,Road,Food Products,3038,9.36,1855,40FT,76.64,Off_Peak,Carrier_E,7,39256
SHP01574,Pune,Antwerp,Air,Solar Panels,3917,16.43,5323,AIR_CARGO,86.56,Off_Peak,Carrier_E,7,376884
SHP01575,Chennai,Shanghai,Air,Textiles,342,1.49,5421,AIR_CARGO,89.29,Off_Peak,Carrier_D,8,215463
SHP01576,Bengaluru,Busan,Sea,Automotive Parts,8203,26.08,6791,20FT,92.05,Peak,Carrier_E,17,115086
SHP01577,Delhi,Rotterdam,Road,General Cargo,7664,21.37,7537,40FT_HC,107.51,Peak,Carrier_C,18,239526
SHP01578,Visakhapatnam,Singapore,Sea,Furniture,26226,48.22,10555,40FT_HC,108.22,Peak,Carrier_E,25,334419
SHP01579,Ahmedabad,London,Air,Electronics,2920,13.6,5949,AIR_CARGO,88.22,Peak,Carrier_A,7,559244
SHP01580,Pune,Colombo,Road,General Cargo,11544,35.49,6142,40FT,87.72,Normal,Carrier_D,16,172044
SHP01581,Ahmedabad,Jebel Ali,Road,Textiles,8305,22.28,7976,LCL,98.15,Peak,Carrier_C,20,126257
SHP01582,Cochin,Los Angeles,Road,Textiles,13053,36.93,5305,40FT_HC,84.36,Normal,Carrier_C,14,175844
SHP01583,Ahmedabad,Rotterdam,Road,Electronics,8258,23.17,9820,20FT,112.7,Normal,Carrier_E,23,203138
SHP01584,Cochin,Antwerp,Road,Furniture,13248,39.91,8044,20FT,96.93,Normal,Carrier_E,20,163071
SHP01585,Kolkata,New York,Air,Chemicals,1255,5.65,14559,AIR_CARGO,78.38,Normal,Carrier_B,15,739595
SHP01586,Ahmedabad,Dubai,Sea,Solar Panels,18219,34.16,1740,40FT_HC,76.26,Off_Peak,Carrier_E,8,122587
SHP01587,Cochin,Singapore,Air,Pharmaceuticals,4056,21.97,8067,AIR_CARGO,96.2,Off_Peak,Carrier_E,9,629045
SHP01588,Cochin,Rotterdam,Air,Solar Panels,4274,21.45,7300,AIR_CARGO,95.28,Normal,Carrier_D,8,608498
SHP01589,Delhi,London,Road,Furniture,6852,20.98,6527,40FT_HC,111.07,Normal,Carrier_E,17,179019
SHP01590,Pune,Los Angeles,Road,Textiles,10727,30.95,10760,40FT_HC,109.79,Peak,Carrier_E,25,343388
SHP01591,Delhi,Antwerp,Sea,Solar Panels,9806,28.79,11159,20FT,109.49,Off_Peak,Carrier_C,26,144289
SHP01592,Visakhapatnam,New York,Road,Solar Panels,14762,42.1,11509,LCL,114.64,Off_Peak,Carrier_B,26,177727
SHP01593,Bengaluru,Busan,Road,Solar Panels,5530,21.42,8249,40FT,96.94,Off_Peak,Carrier_A,19,184505
SHP01594,Kolkata,Shanghai,Air,Electronics,1588,6.83,4476,AIR_CARGO,104.61,Peak,Carrier_A,6,426555
SHP01595,Mumbai,Los Angeles,Road,Furniture,2822,11.34,14226,20FT,88.46,Peak,Carrier_C,31,212447
SHP01596,Mumbai,Busan,Air,Chemicals,1095,4.46,4185,AIR_CARGO,80.5,Off_Peak,Carrier_A,6,234627
SHP01597,Kolkata,Colombo,Air,Food Products,1338,5.65,1959,AIR_CARGO,80.6,Peak,Carrier_D,5,163644
SHP01598,Cochin,Busan,Air,General Cargo,4062,16.58,4187,AIR_CARGO,80.7,Normal,Carrier_D,6,354443
SHP01599,Pune,Singapore,Air,Furniture,3967,21.83,4582,AIR_CARGO,79,Normal,Carrier_C,6,368419
SHP01600,Kolkata,Dubai,Road,General Cargo,4977,13.62,10698,40FT_HC,107.3,Normal,Carrier_C,24,247697
SHP01601,Ahmedabad,Dubai,Air,Furniture,3005,15.72,1755,AIR_CARGO,90.57,Off_Peak,Carrier_A,4,203738
SHP01602,Mumbai,Singapore,Air,General Cargo,781,4.28,4337,AIR_CARGO,98.52,Peak,Carrier_E,6,278262
SHP01603,Visakhapatnam,Jebel Ali,Air,Textiles,4748,24.16,10751,AIR_CARGO,108.9,Off_Peak,Carrier_A,12,711791
SHP01604,Delhi,Rotterdam,Road,Electronics,7703,21.82,7016,40FT,97.96,Off_Peak,Carrier_B,18,172463
SHP01605,Cochin,Rotterdam,Air,Chemicals,4104,20.19,4680,AIR_CARGO,82.6,Normal,Carrier_A,6,489297
SHP01606,Kolkata,Hamburg,Road,Textiles,4549,14.59,6755,40FT,91.66,Peak,Carrier_E,17,158209
SHP01607,Ahmedabad,Antwerp,Road,Pharmaceuticals,8879,29.18,7187,LCL,94.13,Normal,Carrier_C,17,126218
SHP01608,Visakhapatnam,Colombo,Sea,Automotive Parts,27554,59.49,10056,40FT_HC,108.49,Off_Peak,Carrier_D,23,286978
SHP01609,Visakhapatnam,Dubai,Road,Machinery,13959,35.7,6064,40FT,87.97,Normal,Carrier_C,16,183856
SHP01610,Hyderabad,New York,Sea,Textiles,19024,41.76,11112,40FT,113.33,Peak,Carrier_B,25,292725
SHP01611,Chennai,Dubai,Road,Food Products,2020,6.05,3546,40FT,107.93,Off_Peak,Carrier_A,11,72335
SHP01612,Pune,New York,Air,Machinery,3606,15.98,13807,AIR_CARGO,86.77,Normal,Carrier_C,14,727663
SHP01613,Cochin,Colombo,Sea,Solar Panels,17961,42.51,7282,20FT,92.79,Normal,Carrier_A,18,161425
SHP01614,Bengaluru,Busan,Air,Machinery,1764,7.22,4503,AIR_CARGO,82.58,Peak,Carrier_A,6,321857
SHP01615,Ahmedabad,Singapore,Road,Electronics,8073,20.19,3244,20FT,75.5,Off_Peak,Carrier_D,10,70180
SHP01616,Pune,Los Angeles,Sea,Machinery,6387,18.24,9406,LCL,104.47,Off_Peak,Carrier_C,23,69799
SHP01617,Bengaluru,Antwerp,Sea,Machinery,12763,33.7,7514,40FT_HC,94.75,Peak,Carrier_D,19,203423
SHP01618,Chennai,Colombo,Air,Textiles,230,0.98,990,AIR_CARGO,105.81,Normal,Carrier_A,4,62662
SHP01619,Chennai,London,Air,Machinery,323,1.5,10195,AIR_CARGO,100.13,Peak,Carrier_A,11,610601
SHP01620,Hyderabad,Jebel Ali,Air,Electronics,3398,17.52,2791,AIR_CARGO,87.95,Off_Peak,Carrier_A,5,301929
SHP01621,Mumbai,Shanghai,Sea,General Cargo,5240,18.5,6609,20FT,96.84,Normal,Carrier_D,16,77553
SHP01622,Bengaluru,Colombo,Road,Pharmaceuticals,5408,19.79,10746,40FT_HC,111.14,Off_Peak,Carrier_E,25,287272
SHP01623,Pune,Jebel Ali,Sea,Automotive Parts,22486,43.05,7349,40FT,95.42,Normal,Carrier_C,19,220342
SHP01624,Chennai,Rotterdam,Air,Chemicals,409,2.06,11449,AIR_CARGO,113.03,Off_Peak,Carrier_B,13,672841
SHP01625,Kolkata,New York,Sea,Textiles,10245,26.17,14306,40FT_HC,111.3,Off_Peak,Carrier_B,30,221615
SHP01626,Mumbai,Busan,Air,Food Products,1085,4.36,10222,AIR_CARGO,109.25,Normal,Carrier_A,12,605541
SHP01627,Bengaluru,Shanghai,Air,Automotive Parts,1646,7.12,8943,AIR_CARGO,101.75,Peak,Carrier_C,10,650637
SHP01628,Kolkata,Los Angeles,Air,Electronics,1599,7.31,9427,AIR_CARGO,104.66,Off_Peak,Carrier_E,10,527941
SHP01629,Mumbai,London,Road,General Cargo,3596,12.62,9789,LCL,97.96,Off_Peak,Carrier_E,23,90005
SHP01630,Mumbai,Busan,Road,Furniture,2918,15.1,10109,40FT,108.74,Normal,Carrier_B,23,217035
SHP01631,Cochin,Jebel Ali,Air,Machinery,4395,22.68,6145,AIR_CARGO,90.09,Off_Peak,Carrier_A,8,441523
SHP01632,Cochin,Los Angeles,Air,Furniture,4440,20.22,9456,AIR_CARGO,102.48,Off_Peak,Carrier_C,10,600221
SHP01633,Ahmedabad,Busan,Air,Machinery,2868,11.51,8058,AIR_CARGO,96.2,Peak,Carrier_A,9,622784
SHP01634,Hyderabad,Hamburg,Air,General Cargo,3230,15.49,5107,AIR_CARGO,84.91,Peak,Carrier_A,7,450061
SHP01635,Chennai,Busan,Road,General Cargo,1707,11.63,6745,40FT_HC,91.07,Off_Peak,Carrier_B,16,114053
SHP01636,Visakhapatnam,Busan,Air,Machinery,4585,18.46,2934,AIR_CARGO,75.32,Off_Peak,Carrier_C,5,275115
SHP01637,Cochin,Colombo,Air,Textiles,4045,17.16,6597,AIR_CARGO,89.71,Normal,Carrier_E,8,450101
SHP01638,Bengaluru,London,Sea,Electronics,3182,11.26,10670,LCL,83.54,Normal,Carrier_D,24,73616
SHP01639,Visakhapatnam,Shanghai,Air,Machinery,4683,20.15,10582,AIR_CARGO,108.36,Off_Peak,Carrier_A,11,709408
SHP01640,Hyderabad,New York,Sea,Pharmaceuticals,13451,32.19,10718,20FT,107.68,Peak,Carrier_B,24,238109
SHP01641,Delhi,New York,Air,General Cargo,2432,10.74,11825,AIR_CARGO,82.86,Peak,Carrier_B,13,695797
SHP01642,Pune,New York,Sea,Electronics,22750,48.99,13444,40FT_HC,99.59,Normal,Carrier_E,29,326238
SHP01643,Hyderabad,Jebel Ali,Air,Furniture,3413,17.52,2869,AIR_CARGO,104.52,Peak,Carrier_D,5,371296
SHP01644,Visakhapatnam,Jebel Ali,Air,Chemicals,4885,25.1,3478,AIR_CARGO,77.55,Normal,Carrier_A,6,466345
SHP01645,Delhi,Jebel Ali,Road,General Cargo,7672,20.76,7285,LCL,94.05,Normal,Carrier_B,17,94771
SHP01646,Hyderabad,Busan,Road,Machinery,10155,33.36,5461,40FT,86.25,Normal,Carrier_C,15,156132
SHP01647,Bengaluru,Jebel Ali,Sea,Automotive Parts,11331,23.1,10620,40FT_HC,110.74,Off_Peak,Carrier_C,24,193198
SHP01648,Cochin,Shanghai,Air,Textiles,4285,18.77,11712,AIR_CARGO,111.79,Peak,Carrier_C,13,983567
SHP01649,Chennai,Colombo,Sea,Solar Panels,6187,20.68,946,40FT,82.72,Peak,Carrier_A,7,77285
SHP01650,Kolkata,Jebel Ali,Air,Textiles,1162,5.99,3092,AIR_CARGO,75.18,Normal,Carrier_D,5,169640
SHP01651,Cochin,New York,Sea,Chemicals,6917,20.45,4637,LCL,81.83,Off_Peak,Carrier_C,14,52914
SHP01652,Ahmedabad,Shanghai,Air,Machinery,2839,12.27,7839,AIR_CARGO,96.33,Off_Peak,Carrier_D,9,438257
SHP01653,Mumbai,London,Air,Automotive Parts,1002,4.72,9144,AIR_CARGO,112.77,Normal,Carrier_D,10,585537
SHP01654,Ahmedabad,Antwerp,Air,Pharmaceuticals,2999,12.5,8775,AIR_CARGO,101.33,Off_Peak,Carrier_E,10,616469
SHP01655,Ahmedabad,Los Angeles,Road,Electronics,9026,27.02,8107,40FT_HC,98.05,Normal,Carrier_A,19,255030
SHP01656,Ahmedabad,Hamburg,Road,Pharmaceuticals,8425,23.77,8512,LCL,99.4,Off_Peak,Carrier_E,21,119161
SHP01657,Cochin,New York,Road,Solar Panels,13142,37.82,4285,40FT_HC,81.2,Normal,Carrier_D,12,182158
SHP01658,Delhi,Singapore,Road,Textiles,7741,19.8,4345,20FT,81.46,Normal,Carrier_E,13,78694
SHP01659,Bengaluru,Busan,Road,Food Products,5825,22.46,4089,40FT_HC,80.18,Off_Peak,Carrier_B,11,96029
SHP01660,Bengaluru,Shanghai,Air,Textiles,2073,9.02,5562,AIR_CARGO,85.94,Peak,Carrier_E,8,379061
SHP01661,Ahmedabad,Antwerp,Air,Pharmaceuticals,2985,12.31,10323,AIR_CARGO,105.96,Peak,Carrier_B,11,1007099
SHP01662,Kolkata,Jebel Ali,Air,General Cargo,1301,6.68,8145,AIR_CARGO,97.29,Peak,Carrier_E,9,504267
SHP01663,Pune,Rotterdam,Air,Machinery,4019,19.78,8607,AIR_CARGO,100.34,Normal,Carrier_E,10,571601
SHP01664,Cochin,Hamburg,Air,Automotive Parts,4391,21.59,4976,AIR_CARGO,83.39,Off_Peak,Carrier_E,6,379791
SHP01665,Visakhapatnam,London,Road,Electronics,13845,38.2,9783,LCL,107,Peak,Carrier_D,23,211205
SHP01666,Chennai,Colombo,Road,Food Products,1239,9.65,973,40FT_HC,76.65,Off_Peak,Carrier_B,5,26654
SHP01667,Chennai,Singapore,Sea,Electronics,4441,8.6,3317,40FT_HC,114.04,Off_Peak,Carrier_D,10,71005
SHP01668,Delhi,Los Angeles,Air,Furniture,2396,10.99,3046,AIR_CARGO,75.2,Normal,Carrier_D,5,225467
SHP01669,Ahmedabad,London,Sea,Pharmaceuticals,11466,25.85,8531,20FT,99.12,Peak,Carrier_C,20,178096
SHP01670,Cochin,Busan,Air,Textiles,4089,16.65,4601,AIR_CARGO,82.88,Off_Peak,Carrier_B,6,328378
SHP01671,Ahmedabad,Jebel Ali,Road,General Cargo,8916,23.89,11769,LCL,111.99,Off_Peak,Carrier_D,26,136227
SHP01672,Kolkata,Dubai,Road,Automotive Parts,4367,12.22,8244,40FT_HC,96.86,Peak,Carrier_A,19,240695
SHP01673,Visakhapatnam,New York,Sea,Pharmaceuticals,27231,57.47,9719,40FT_HC,105.04,Normal,Carrier_C,23,372000
SHP01674,Visakhapatnam,Busan,Sea,Food Products,18663,45.15,5936,20FT,88.83,Off_Peak,Carrier_D,15,115295
SHP01675,Pune,London,Air,Machinery,3833,18.27,9764,AIR_CARGO,112.42,Peak,Carrier_C,10,858289
SHP01676,Kolkata,Antwerp,Road,Furniture,4940,19.28,6816,40FT_HC,90.54,Off_Peak,Carrier_D,17,136706
SHP01677,Mumbai,Hamburg,Road,Food Products,2960,10.53,9606,LCL,78.83,Off_Peak,Carrier_A,22,77962
SHP01678,Hyderabad,New York,Air,Pharmaceuticals,3502,15.55,10670,AIR_CARGO,107.51,Normal,Carrier_C,12,915575
SHP01679,Chennai,Colombo,Air,General Cargo,521,2.24,959,AIR_CARGO,110.98,Off_Peak,Carrier_B,3,66729
SHP01680,Visakhapatnam,Los Angeles,Air,Solar Panels,4571,21.23,10843,AIR_CARGO,109.84,Peak,Carrier_B,11,1064335
SHP01681,Hyderabad,Dubai,Air,Machinery,3282,17.14,2654,AIR_CARGO,82.15,Peak,Carrier_B,5,322774
SHP01682,Ahmedabad,Los Angeles,Sea,Pharmaceuticals,4331,14.26,10392,LCL,109.33,Normal,Carrier_D,24,103745
SHP01683,Mumbai,Colombo,Road,Textiles,3303,14.83,1591,40FT,81.59,Peak,Carrier_B,7,60751
SHP01684,Delhi,Hamburg,Air,Machinery,2257,10.92,6701,AIR_CARGO,90.65,Normal,Carrier_C,9,389728
SHP01685,Ahmedabad,Busan,Road,General Cargo,8107,28.18,4155,40FT_HC,80.14,Off_Peak,Carrier_D,11,113791
SHP01686,Ahmedabad,Dubai,Sea,Pharmaceuticals,17020,32.76,1693,40FT,87.27,Off_Peak,Carrier_E,9,125059
SHP01687,Mumbai,Hamburg,Sea,Chemicals,8620,20.16,10130,40FT_HC,98,Off_Peak,Carrier_A,24,191965
SHP01688,Kolkata,New York,Road,Textiles,3819,14.85,15380,40FT,101.84,Peak,Carrier_B,35,355949
SHP01689,Hyderabad,Hamburg,Air,Food Products,3521,16.96,9925,AIR_CARGO,106.67,Off_Peak,Carrier_E,11,571046
SHP01690,Chennai,Colombo,Sea,Automotive Parts,5113,19.27,1005,40FT,110.08,Off_Peak,Carrier_A,7,51887
SHP01691,Ahmedabad,Hamburg,Road,Pharmaceuticals,8072,23.45,11714,40FT_HC,111.62,Peak,Carrier_B,26,463092
SHP01692,Kolkata,Colombo,Sea,Solar Panels,7340,22.52,2100,20FT,99.19,Off_Peak,Carrier_A,9,57393
SHP01693,Hyderabad,London,Sea,Furniture,20548,42.81,9956,40FT_HC,104.25,Normal,Carrier_E,22,236571
SHP01694,Hyderabad,Dubai,Sea,Automotive Parts,13209,25.98,2638,20FT,95.98,Off_Peak,Carrier_E,10,70182
SHP01695,Hyderabad,Hamburg,Air,Automotive Parts,3360,16.49,4326,AIR_CARGO,80.71,Peak,Carrier_B,6,429562
SHP01696,Visakhapatnam,Busan,Sea,General Cargo,18568,45.64,3515,20FT,77.2,Peak,Carrier_A,12,136341
SHP01697,Kolkata,Los Angeles,Air,General Cargo,1181,5.39,8743,AIR_CARGO,102.36,Peak,Carrier_C,10,569188
SHP01698,Pune,Los Angeles,Air,Furniture,3838,17.77,4606,AIR_CARGO,82.68,Peak,Carrier_C,6,445758
SHP01699,Pune,Busan,Air,General Cargo,3757,15.03,8430,AIR_CARGO,100.1,Peak,Carrier_B,10,697368
SHP01700,Kolkata,Busan,Air,Machinery,1552,6.31,5872,AIR_CARGO,87.53,Normal,Carrier_E,7,300334
SHP01701,Chennai,Singapore,Air,Textiles,563,3.05,3260,AIR_CARGO,86.34,Normal,Carrier_E,5,151851
SHP01702,Delhi,Busan,Sea,General Cargo,15991,40.12,10609,40FT_HC,110.27,Normal,Carrier_D,25,238068
SHP01703,Chennai,Dubai,Road,Automotive Parts,2092,6.21,3472,LCL,77.46,Off_Peak,Carrier_E,11,29937
SHP01704,Hyderabad,Shanghai,Road,Pharmaceuticals,9739,30.3,5278,40FT_HC,114.24,Peak,Carrier_C,13,281398
SHP01705,Visakhapatnam,Singapore,Sea,Automotive Parts,7881,15.19,10801,LCL,109.81,Peak,Carrier_E,24,114771
SHP01706,Visakhapatnam,Hamburg,Air,Machinery,4686,22.75,8159,AIR_CARGO,96.64,Normal,Carrier_D,9,602105
SHP01707,Delhi,Busan,Road,General Cargo,7277,25.74,8702,40FT_HC,99.42,Off_Peak,Carrier_B,21,191681
SHP01708,Pune,Antwerp,Air,Chemicals,3917,16.28,10237,AIR_CARGO,109.04,Peak,Carrier_B,11,1058772
SHP01709,Delhi,Singapore,Sea,Electronics,10849,20.54,4121,20FT,110.55,Normal,Carrier_B,12,96436
SHP01710,Chennai,Busan,Sea,Solar Panels,4978,20.22,6833,40FT_HC,91.95,Normal,Carrier_A,17,131942
SHP01711,Chennai,Busan,Sea,General Cargo,5402,20.98,10042,40FT,105.32,Off_Peak,Carrier_D,24,135522
SHP01712,Chennai,Antwerp,Air,Food Products,330,1.38,6787,AIR_CARGO,92.96,Peak,Carrier_C,8,371232
SHP01713,Pune,Dubai,Road,Solar Panels,11134,28.54,2011,LCL,86.91,Off_Peak,Carrier_A,7,58449
SHP01714,Kolkata,Los Angeles,Air,Solar Panels,1348,6.22,10828,AIR_CARGO,111.38,Peak,Carrier_B,12,844376
SHP01715,Kolkata,Jebel Ali,Road,Automotive Parts,4839,13.69,4265,20FT,80.92,Off_Peak,Carrier_C,12,64395
SHP01716,Kolkata,Busan,Sea,Pharmaceuticals,7327,24.34,11528,20FT,113.48,Normal,Carrier_C,27,178465
SHP01717,Pune,Hamburg,Air,Electronics,3668,18.01,10455,AIR_CARGO,104.55,Peak,Carrier_C,12,963131
SHP01718,Pune,Busan,Sea,Automotive Parts,22533,52.34,6955,40FT_HC,93.47,Normal,Carrier_A,17,257300
SHP01719,Kolkata,Rotterdam,Road,Furniture,4552,13.55,11846,20FT,105.96,Normal,Carrier_D,27,180635
SHP01720,Delhi,Los Angeles,Sea,Food Products,13648,31.03,8467,40FT,98.24,Peak,Carrier_B,20,208501
SHP01721,Mumbai,Singapore,Road,Electronics,2561,6.5,4226,40FT_HC,96.02,Normal,Carrier_B,11,106983
SHP01722,Ahmedabad,Rotterdam,Road,Food Products,7844,21.7,9758,LCL,93.4,Off_Peak,Carrier_C,22,102621
SHP01723,Visakhapatnam,Jebel Ali,Sea,Automotive Parts,27542,52.74,7402,40FT_HC,95.28,Off_Peak,Carrier_A,18,252769
SHP01724,Hyderabad,Dubai,Sea,Chemicals,14415,27.36,2741,20FT,107.73,Peak,Carrier_A,9,133244
SHP01725,Chennai,Dubai,Road,Electronics,1666,5.16,3364,20FT,77.96,Peak,Carrier_C,10,57775
SHP01726,Mumbai,Hamburg,Sea,Food Products,8410,19.35,9883,40FT_HC,97.1,Off_Peak,Carrier_E,23,138423
SHP01727,Bengaluru,London,Sea,Chemicals,12243,27.98,10778,40FT_HC,87.02,Peak,Carrier_D,25,271574
SHP01728,Kolkata,New York,Sea,Textiles,10505,26.21,14768,40FT_HC,100.87,Normal,Carrier_A,33,250958
SHP01729,Visakhapatnam,Singapore,Road,Food Products,13628,34.37,3708,40FT,77.7,Peak,Carrier_C,11,169648
SHP01730,Mumbai,Jebel Ali,Road,Textiles,3188,9.68,1932,40FT_HC,86.09,Peak,Carrier_D,7,66450
SHP01731,Ahmedabad,London,Road,Electronics,8870,25.73,8387,LCL,97.96,Off_Peak,Carrier_A,20,115372
SHP01732,Visakhapatnam,Singapore,Sea,Pharmaceuticals,27832,50.97,10753,40FT,110.57,Off_Peak,Carrier_B,26,323940
SHP01733,Bengaluru,Hamburg,Road,Pharmaceuticals,5070,15.54,6736,40FT_HC,92.49,Normal,Carrier_E,17,187751
SHP01734,Bengaluru,Dubai,Air,Furniture,1932,10.14,3167,AIR_CARGO,83.46,Off_Peak,Carrier_B,5,194738
SHP01735,Mumbai,Antwerp,Air,Electronics,1072,4.44,4932,AIR_CARGO,82.78,Off_Peak,Carrier_C,7,243971
SHP01736,Bengaluru,Busan,Sea,Furniture,13577,36.4,9723,40FT,102.85,Normal,Carrier_A,22,206364
SHP01737,Bengaluru,Los Angeles,Road,Pharmaceuticals,5033,16.76,16128,40FT_HC,89.61,Peak,Carrier_B,35,467583
SHP01738,Ahmedabad,Dubai,Road,Automotive Parts,9060,23.79,1791,40FT_HC,99.99,Peak,Carrier_D,6,125519
SHP01739,Pune,Singapore,Sea,Machinery,6022,11.74,4663,LCL,90.22,Normal,Carrier_A,14,46566
SHP01740,Cochin,Singapore,Air,Furniture,4117,22.23,3610,AIR_CARGO,77.66,Peak,Carrier_B,5,413802
SHP01741,Mumbai,Hamburg,Road,Furniture,3108,10.85,10363,40FT,102.4,Off_Peak,Carrier_C,23,176416
SHP01742,Ahmedabad,Singapore,Sea,Electronics,11073,20.18,11034,20FT,110.86,Off_Peak,Carrier_B,26,143886
SHP01743,Pune,Los Angeles,Sea,Automotive Parts,21430,45.94,5532,40FT_HC,86.92,Peak,Carrier_E,14,247558
SHP01744,Mumbai,Rotterdam,Air,General Cargo,764,3.84,10092,AIR_CARGO,77.92,Normal,Carrier_E,11,394242
SHP01745,Cochin,Singapore,Road,Chemicals,12169,30.79,4599,LCL,81.76,Off_Peak,Carrier_E,12,82749
SHP01746,Cochin,Colombo,Road,Electronics,13291,39.6,5466,20FT,85.74,Normal,Carrier_A,14,153594
SHP01747,Hyderabad,Los Angeles,Air,Automotive Parts,3200,14.7,15242,AIR_CARGO,109.84,Off_Peak,Carrier_C,16,888311
SHP01748,Kolkata,Hamburg,Sea,General Cargo,9943,22.11,8339,40FT_HC,99.03,Off_Peak,Carrier_B,21,137464
SHP01749,Cochin,Colombo,Road,Pharmaceuticals,13128,39.42,9187,LCL,101.01,Peak,Carrier_C,22,217513
SHP01750,Kolkata,Hamburg,Air,Furniture,1501,7.23,8968,AIR_CARGO,99.67,Normal,Carrier_E,10,475898
SHP01751,Bengaluru,Los Angeles,Air,Pharmaceuticals,1645,7.6,15757,AIR_CARGO,99,Peak,Carrier_C,16,1247901
SHP01752,Chennai,Shanghai,Road,Furniture,800,7.63,5529,LCL,104.92,Normal,Carrier_C,14,60341
SHP01753,Mumbai,Busan,Sea,Food Products,3992,18.98,10899,20FT,108.03,Normal,Carrier_B,24,113955
SHP01754,Delhi,Rotterdam,Sea,Machinery,14579,30.36,7168,40FT_HC,83.58,Off_Peak,Carrier_D,18,143486
SHP01755,Bengaluru,Dubai,Sea,Pharmaceuticals,13077,24.84,3088,40FT,109.61,Normal,Carrier_C,11,143700
SHP01756,Kolkata,Rotterdam,Road,Furniture,4708,14.35,12276,40FT_HC,106.88,Normal,Carrier_A,28,280961
SHP01757,Delhi,Singapore,Road,Chemicals,6404,16.51,4039,40FT_HC,87.4,Peak,Carrier_E,11,153839
SHP01758,Delhi,Antwerp,Air,Pharmaceuticals,2421,9.97,3933,AIR_CARGO,79.69,Off_Peak,Carrier_C,6,293269
SHP01759,Ahmedabad,Rotterdam,Air,Automotive Parts,2661,13.13,9658,AIR_CARGO,93.2,Normal,Carrier_A,11,632438
SHP01760,Kolkata,Colombo,Air,Furniture,1136,4.8,1995,AIR_CARGO,78.88,Off_Peak,Carrier_B,4,111265
SHP01761,Hyderabad,London,Air,General Cargo,3208,15.01,10168,AIR_CARGO,107.65,Peak,Carrier_C,12,820620
SHP01762,Pune,Jebel Ali,Sea,Textiles,22203,42.56,5235,40FT_HC,85.09,Off_Peak,Carrier_C,15,165581
SHP01763,Delhi,Singapore,Air,Textiles,2295,12.72,4005,AIR_CARGO,89.61,Off_Peak,Carrier_E,6,244054
SHP01764,Visakhapatnam,Jebel Ali,Sea,Chemicals,25907,49.92,7328,40FT,94.17,Off_Peak,Carrier_B,19,239150
SHP01765,Delhi,Jebel Ali,Sea,Automotive Parts,15841,31.5,5164,40FT_HC,85.77,Normal,Carrier_D,14,164684
SHP01766,Hyderabad,Hamburg,Air,Pharmaceuticals,3286,15.81,4389,AIR_CARGO,80.88,Off_Peak,Carrier_B,6,368658
SHP01767,Kolkata,Dubai,Road,Chemicals,3617,9.87,9222,20FT,102.3,Normal,Carrier_B,22,162607
SHP01768,Pune,New York,Air,General Cargo,3685,16.62,12796,AIR_CARGO,101.43,Off_Peak,Carrier_B,13,702967
SHP01769,Pune,Rotterdam,Road,Chemicals,11850,31.75,8188,40FT,99.93,Normal,Carrier_C,20,269887
SHP01770,Ahmedabad,Jebel Ali,Sea,General Cargo,17554,34.54,5812,40FT,88.08,Off_Peak,Carrier_A,16,144714
SHP01771,Pune,Dubai,Air,Food Products,3726,19.9,2026,AIR_CARGO,82.05,Peak,Carrier_D,4,326180
SHP01772,Visakhapatnam,Colombo,Road,Furniture,14332,42.25,5597,LCL,87.26,Off_Peak,Carrier_B,15,88669
SHP01773,Chennai,Antwerp,Sea,Furniture,5526,20.53,4228,40FT_HC,79.57,Peak,Carrier_D,12,100409
SHP01774,Pune,Rotterdam,Air,Pharmaceuticals,3772,18.62,9939,AIR_CARGO,104.93,Off_Peak,Carrier_A,11,795129
SHP01775,Pune,Shanghai,Sea,Machinery,14955,35.81,8758,20FT,98.91,Off_Peak,Carrier_B,21,122734
SHP01776,Kolkata,Antwerp,Sea,Pharmaceuticals,10390,29.69,9917,40FT,105.77,Normal,Carrier_C,23,229534
SHP01777,Visakhapatnam,Singapore,Air,Chemicals,4918,26.96,10710,AIR_CARGO,110.72,Peak,Carrier_D,12,1197356
SHP01778,Visakhapatnam,Rotterdam,Air,Textiles,4760,23.76,9869,AIR_CARGO,106.1,Off_Peak,Carrier_A,11,679055
SHP01779,Pune,Antwerp,Road,Pharmaceuticals,11283,35.34,4329,20FT,80.75,Normal,Carrier_A,12,139071
SHP01780,Chennai,Los Angeles,Sea,Solar Panels,6351,18.18,16433,40FT_HC,98.99,Normal,Carrier_B,35,254775
SHP01781,Hyderabad,London,Road,General Cargo,10231,29.38,4778,20FT,83.8,Peak,Carrier_A,12,129546
SHP01782,Visakhapatnam,Dubai,Road,Food Products,13682,35.22,10981,20FT,111.22,Off_Peak,Carrier_A,25,203450
SHP01783,Chennai,Los Angeles,Sea,Furniture,916,8.48,15204,LCL,101.09,Off_Peak,Carrier_D,32,84152
SHP01784,Pune,Los Angeles,Air,Machinery,4016,18.24,6559,AIR_CARGO,90.76,Off_Peak,Carrier_E,9,402245
SHP01785,Ahmedabad,Los Angeles,Air,Chemicals,2921,13.54,9684,AIR_CARGO,104.84,Normal,Carrier_D,11,769665
SHP01786,Mumbai,Hamburg,Sea,Textiles,4473,12.99,9821,20FT,76.61,Peak,Carrier_D,22,97564
SHP01787,Visakhapatnam,New York,Sea,Electronics,7641,21.73,5217,LCL,84.87,Off_Peak,Carrier_E,14,53643
SHP01788,Mumbai,Singapore,Air,Electronics,796,4.33,4174,AIR_CARGO,86.75,Off_Peak,Carrier_A,6,217945
SHP01789,Bengaluru,Jebel Ali,Air,Textiles,2020,10.29,7279,AIR_CARGO,93.89,Normal,Carrier_E,9,407618
SHP01790,Chennai,Los Angeles,Sea,Furniture,554,7.73,16258,LCL,92.2,Off_Peak,Carrier_E,35,76433
SHP01791,Visakhapatnam,Busan,Road,Pharmaceuticals,14777,44.89,8824,40FT_HC,102.01,Off_Peak,Carrier_A,22,319428
SHP01792,Kolkata,Busan,Air,Furniture,1145,4.67,4942,AIR_CARGO,84.75,Normal,Carrier_A,7,258413
SHP01793,Chennai,Los Angeles,Road,Electronics,2172,9.81,16165,40FT_HC,98.21,Peak,Carrier_D,36,432272
SHP01794,Pune,Rotterdam,Road,Electronics,11144,30.11,11889,LCL,112.03,Normal,Carrier_D,27,193624
SHP01795,Cochin,Antwerp,Sea,Textiles,16448,40.33,7690,20FT,96.17,Off_Peak,Carrier_A,19,125024
SHP01796,Bengaluru,Singapore,Sea,Furniture,2899,5.94,3530,LCL,89.27,Off_Peak,Carrier_D,10,24476
SHP01797,Chennai,Rotterdam,Air,Solar Panels,227,1.12,11246,AIR_CARGO,91.13,Off_Peak,Carrier_E,12,472858
SHP01798,Visakhapatnam,London,Road,General Cargo,14410,39.51,4981,40FT,82.77,Peak,Carrier_E,13,197553
SHP01799,Kolkata,Singapore,Air,Electronics,1312,7.13,2526,AIR_CARGO,92.09,Peak,Carrier_C,4,243419
SHP01800,Delhi,Dubai,Sea,Pharmaceuticals,14630,28.4,2247,40FT_HC,80.89,Peak,Carrier_A,10,183607
SHP01801,Visakhapatnam,Antwerp,Air,Solar Panels,4877,20.12,11917,AIR_CARGO,114.04,Normal,Carrier_A,13,1032081
SHP01802,Mumbai,Hamburg,Air,General Cargo,667,3.21,9618,AIR_CARGO,107.25,Normal,Carrier_A,10,531143
SHP01803,Mumbai,Busan,Sea,Pharmaceuticals,6547,23.43,7871,40FT_HC,95.3,Peak,Carrier_D,19,210088
SHP01804,Kolkata,Jebel Ali,Air,Pharmaceuticals,1177,5.99,6679,AIR_CARGO,92.48,Peak,Carrier_B,8,546654
SHP01805,Hyderabad,Hamburg,Sea,Furniture,20445,41.48,8496,40FT_HC,100.81,Normal,Carrier_E,20,219783
SHP01806,Delhi,Rotterdam,Road,Automotive Parts,7418,21.09,7057,40FT_HC,88.65,Normal,Carrier_D,18,182412
SHP01807,Hyderabad,Jebel Ali,Road,Solar Panels,9302,25.08,2856,40FT,79.68,Off_Peak,Carrier_C,9,100938
SHP01808,Ahmedabad,Jebel Ali,Air,Textiles,2720,13.92,10219,AIR_CARGO,108.31,Normal,Carrier_C,11,648395
SHP01809,Cochin,New York,Air,Solar Panels,4346,19.55,9408,AIR_CARGO,102.03,Normal,Carrier_D,10,745174
SHP01810,Visakhapatnam,Singapore,Air,Machinery,4979,26.8,8419,AIR_CARGO,99.21,Peak,Carrier_B,10,778523
SHP01811,Mumbai,Los Angeles,Air,Pharmaceuticals,702,3.19,15257,AIR_CARGO,84.39,Normal,Carrier_C,15,833448
SHP01812,Visakhapatnam,Hamburg,Sea,Pharmaceuticals,18277,37.86,6286,20FT,88.64,Normal,Carrier_C,16,162689
SHP01813,Delhi,Los Angeles,Air,Food Products,2292,10.47,4898,AIR_CARGO,83.66,Normal,Carrier_B,6,305001
SHP01814,Kolkata,Jebel Ali,Sea,Food Products,9385,19.81,9819,40FT,106.07,Peak,Carrier_D,22,194600
SHP01815,Delhi,Rotterdam,Air,Textiles,2520,12.57,7311,AIR_CARGO,99.13,Off_Peak,Carrier_B,9,418497
SHP01816,Bengaluru,Singapore,Sea,Textiles,8747,16.1,3484,20FT,79.41,Peak,Carrier_E,11,68537
SHP01817,Chennai,Busan,Sea,Food Products,4566,19.87,6660,40FT_HC,90.58,Normal,Carrier_B,17,107895
SHP01818,Mumbai,Dubai,Air,Food Products,769,4.04,2023,AIR_CARGO,94.84,Off_Peak,Carrier_E,5,110056
SHP01819,Mumbai,Hamburg,Air,Textiles,759,3.67,10037,AIR_CARGO,83.02,Peak,Carrier_A,11,533533
SHP01820,Chennai,Colombo,Road,Pharmaceuticals,1139,8.99,932,40FT_HC,90.21,Peak,Carrier_B,5,47487
SHP01821,Hyderabad,Busan,Sea,Automotive Parts,19669,46.87,10722,40FT,107.33,Normal,Carrier_B,25,264417
SHP01822,Pune,Jebel Ali,Air,General Cargo,3738,19.22,6692,AIR_CARGO,92.95,Peak,Carrier_A,8,590516
SHP01823,Mumbai,Busan,Air,Electronics,773,3.09,5679,AIR_CARGO,86.65,Off_Peak,Carrier_A,7,283117
SHP01824,Pune,Shanghai,Sea,General Cargo,22329,49.3,11348,40FT_HC,110.9,Normal,Carrier_D,26,289791
SHP01825,Visakhapatnam,Dubai,Air,Furniture,4711,24.76,8888,AIR_CARGO,103.14,Peak,Carrier_D,10,811453
SHP01826,Ahmedabad,Colombo,Sea,Food Products,12686,32.87,2049,20FT,95.95,Normal,Carrier_D,9,77058
SHP01827,Bengaluru,Rotterdam,Air,Chemicals,1927,9.52,11168,AIR_CARGO,93.78,Peak,Carrier_C,12,864969
SHP01828,Mumbai,Busan,Sea,Furniture,1940,14.88,8841,LCL,100.59,Off_Peak,Carrier_D,21,56901
SHP01829,Hyderabad,Singapore,Road,Electronics,9567,24.01,3761,40FT,88.9,Peak,Carrier_D,11,164732
SHP01830,Pune,Rotterdam,Road,Food Products,11398,30.64,3444,40FT_HC,76.69,Normal,Carrier_D,10,134307
SHP01831,Kolkata,Dubai,Air,Textiles,1423,7.46,9695,AIR_CARGO,104.63,Normal,Carrier_B,11,544256
SHP01832,Cochin,Jebel Ali,Air,Food Products,4495,22.94,4601,AIR_CARGO,81.49,Normal,Carrier_A,6,415124
SHP01833,Bengaluru,Singapore,Air,Chemicals,1956,10.82,3594,AIR_CARGO,91.36,Normal,Carrier_D,5,314349
SHP01834,Cochin,Colombo,Air,General Cargo,4451,18.69,3934,AIR_CARGO,78.7,Off_Peak,Carrier_E,6,299498
SHP01835,Pune,London,Air,Solar Panels,3613,17.12,9534,AIR_CARGO,82.77,Normal,Carrier_E,10,580502
SHP01836,Cochin,New York,Road,Electronics,12644,36.44,7371,LCL,95.35,Off_Peak,Carrier_B,18,115472
SHP01837,Hyderabad,New York,Road,Chemicals,9414,28.82,4432,40FT_HC,81.96,Peak,Carrier_B,12,206431
SHP01838,Hyderabad,Shanghai,Sea,Pharmaceuticals,5021,17.38,5283,LCL,98.75,Normal,Carrier_B,15,66676
SHP01839,Visakhapatnam,Colombo,Sea,Solar Panels,27030,58.51,8411,40FT_HC,100.2,Normal,Carrier_E,21,294303
SHP01840,Hyderabad,Jebel Ali,Sea,Chemicals,20498,39.75,2613,40FT_HC,78.13,Peak,Carrier_B,9,224626
SHP01841,Visakhapatnam,Antwerp,Sea,Textiles,27650,61.11,5121,40FT,84.19,Normal,Carrier_B,13,222297
SHP01842,Bengaluru,Busan,Road,Textiles,5186,20.35,7592,40FT_HC,94.36,Off_Peak,Carrier_E,18,145367
SHP01843,Kolkata,New York,Sea,Electronics,9813,25.43,14556,40FT_HC,107.75,Off_Peak,Carrier_C,31,243075
SHP01844,Delhi,Singapore,Sea,Pharmaceuticals,15037,28.23,4079,40FT_HC,104.42,Peak,Carrier_A,12,228103
SHP01845,Pune,London,Road,Chemicals,11206,31.46,9882,40FT_HC,77.11,Normal,Carrier_A,23,284163
SHP01846,Mumbai,Antwerp,Air,Furniture,1098,4.51,8431,AIR_CARGO,97.51,Off_Peak,Carrier_C,10,385036
SHP01847,Delhi,Singapore,Air,General Cargo,2260,12.24,4350,AIR_CARGO,104.27,Off_Peak,Carrier_D,6,289953
SHP01848,Visakhapatnam,Singapore,Sea,General Cargo,7910,14.43,8525,LCL,100.36,Normal,Carrier_C,20,74092
SHP01849,Cochin,London,Sea,Furniture,17035,36,3190,20FT,75.55,Peak,Carrier_A,10,120123
SHP01850,Pune,Singapore,Road,Automotive Parts,11744,29.68,4556,LCL,82.39,Off_Peak,Carrier_C,12,75770
SHP01851,Cochin,Los Angeles,Sea,Solar Panels,23987,50.46,9300,40FT,103.67,Off_Peak,Carrier_D,21,239294
SHP01852,Hyderabad,Antwerp,Sea,Textiles,5417,20.37,3701,LCL,77.45,Off_Peak,Carrier_E,11,34274
SHP01853,Ahmedabad,Jebel Ali,Air,Automotive Parts,2687,13.98,8257,AIR_CARGO,98.66,Off_Peak,Carrier_C,10,494740
SHP01854,Chennai,London,Air,Textiles,428,2.01,10847,AIR_CARGO,97.25,Off_Peak,Carrier_D,12,456293
SHP01855,Delhi,London,Air,Electronics,2378,11.08,6803,AIR_CARGO,109.11,Normal,Carrier_E,8,504068
SHP01856,Visakhapatnam,Rotterdam,Road,Furniture,14405,38.15,4249,20FT,80.72,Off_Peak,Carrier_E,12,95864
SHP01857,Delhi,Antwerp,Sea,Automotive Parts,14198,36.24,6684,40FT_HC,92.12,Peak,Carrier_D,17,219897
SHP01858,Kolkata,New York,Road,Furniture,4896,17.17,14591,40FT_HC,79.96,Off_Peak,Carrier_E,33,211654
SHP01859,Bengaluru,Shanghai,Air,Chemicals,1705,7.44,6684,AIR_CARGO,90.99,Off_Peak,Carrier_A,8,415942
SHP01860,Ahmedabad,Dubai,Air,General Cargo,2759,14.68,1755,AIR_CARGO,84.43,Peak,Carrier_B,4,251050
SHP01861,Mumbai,Dubai,Road,Electronics,2507,7.52,1999,40FT,78.72,Normal,Carrier_A,7,54284
SHP01862,Kolkata,Singapore,Sea,General Cargo,5688,11.15,2593,20FT,85,Off_Peak,Carrier_C,9,36285
SHP01863,Cochin,Jebel Ali,Air,Pharmaceuticals,4377,22.18,5813,AIR_CARGO,86.72,Off_Peak,Carrier_E,8,500035
SHP01864,Pune,Colombo,Sea,Automotive Parts,5789,20.34,7745,LCL,96.1,Normal,Carrier_E,20,68471
SHP01865,Hyderabad,Shanghai,Sea,Pharmaceuticals,19887,44.45,5489,40FT_HC,85.03,Normal,Carrier_E,14,225781
SHP01866,Visakhapatnam,Singapore,Air,Automotive Parts,4994,27.23,4661,AIR_CARGO,82.38,Peak,Carrier_A,6,576978
SHP01867,Bengaluru,Dubai,Air,Pharmaceuticals,1624,8.71,2970,AIR_CARGO,97.53,Normal,Carrier_B,5,283337
SHP01868,Ahmedabad,Singapore,Road,Chemicals,8631,21.63,11717,20FT,114,Peak,Carrier_D,26,307842
SHP01869,Hyderabad,Los Angeles,Sea,Food Products,19275,41.68,14908,40FT,103.61,Off_Peak,Carrier_A,32,256581
SHP01870,Kolkata,Jebel Ali,Road,Furniture,4964,14.14,4188,40FT_HC,79.9,Normal,Carrier_A,11,102568
SHP01871,Delhi,Singapore,Sea,Electronics,13923,25.58,4289,40FT_HC,79.44,Off_Peak,Carrier_D,14,126417
SHP01872,Hyderabad,Rotterdam,Sea,Electronics,5218,13.28,11232,LCL,80.47,Peak,Carrier_A,26,102609
SHP01873,Chennai,Antwerp,Air,General Cargo,429,1.79,9842,AIR_CARGO,105.88,Peak,Carrier_E,11,589937
SHP01874,Chennai,Antwerp,Road,Furniture,1702,11.54,4285,20FT,80.93,Peak,Carrier_B,13,68927
SHP01875,Hyderabad,Shanghai,Air,Food Products,3328,14.44,5527,AIR_CARGO,95.78,Off_Peak,Carrier_D,7,355497
SHP01876,Bengaluru,New York,Air,Electronics,1664,7.41,14175,AIR_CARGO,96.73,Off_Peak,Carrier_B,15,724040
SHP01877,Ahmedabad,Rotterdam,Air,Machinery,3044,15.06,9594,AIR_CARGO,87.56,Off_Peak,Carrier_E,11,469584
SHP01878,Delhi,Hamburg,Road,Machinery,6834,20.16,9388,LCL,104.43,Peak,Carrier_D,22,143565
SHP01879,Ahmedabad,Antwerp,Road,Textiles,9034,29.81,6458,LCL,91.62,Normal,Carrier_C,16,92835
SHP01880,Bengaluru,Jebel Ali,Air,Furniture,1949,10.1,11448,AIR_CARGO,111.03,Peak,Carrier_A,12,878066
SHP01881,Bengaluru,Hamburg,Road,Textiles,5182,16.08,3426,40FT_HC,77.09,Normal,Carrier_B,10,88829
SHP01882,Chennai,Dubai,Road,Machinery,1834,5.59,3538,LCL,94.56,Peak,Carrier_A,11,49039
SHP01883,Hyderabad,Rotterdam,Sea,Furniture,19973,39.89,10537,40FT_HC,84.76,Off_Peak,Carrier_A,24,208506
SHP01884,Hyderabad,Dubai,Air,Food Products,3110,16.29,2791,AIR_CARGO,93.24,Peak,Carrier_A,5,350432
SHP01885,Pune,Busan,Air,Automotive Parts,3974,16.06,5122,AIR_CARGO,83.37,Peak,Carrier_B,6,498703
SHP01886,Visakhapatnam,Los Angeles,Sea,Machinery,26591,55.34,6943,40FT_HC,93.64,Normal,Carrier_D,17,252015
SHP01887,Delhi,Antwerp,Road,Pharmaceuticals,7060,24.41,5952,40FT_HC,88.59,Normal,Carrier_B,15,197302
SHP01888,Hyderabad,Dubai,Sea,Automotive Parts,5540,11.86,2618,LCL,112.27,Peak,Carrier_E,10,44691
SHP01889,Visakhapatnam,Dubai,Road,Pharmaceuticals,13965,36,11589,40FT_HC,113.4,Peak,Carrier_C,27,512450
SHP01890,Pune,Shanghai,Road,Solar Panels,11862,35.39,8631,40FT_HC,101.45,Peak,Carrier_D,20,337312
SHP01891,Pune,Jebel Ali,Road,Textiles,10783,28.95,3232,40FT,75.84,Normal,Carrier_E,10,111245
SHP01892,Hyderabad,Singapore,Air,Machinery,3257,17.55,3823,AIR_CARGO,80.39,Normal,Carrier_A,6,319697
SHP01893,Delhi,Antwerp,Air,Chemicals,2303,9.51,6951,AIR_CARGO,93.87,Peak,Carrier_C,9,619523
SHP01894,Chennai,Rotterdam,Road,Automotive Parts,1506,6.11,10491,20FT,113.4,Normal,Carrier_D,25,167120
SHP01895,Hyderabad,Los Angeles,Sea,Pharmaceuticals,14126,32.49,15145,20FT,90.58,Peak,Carrier_E,32,253774
SHP01896,Visakhapatnam,Busan,Road,Chemicals,14264,43.56,11043,LCL,109.32,Normal,Carrier_B,26,209005
SHP01897,Pune,Antwerp,Air,Electronics,3975,16.45,3422,AIR_CARGO,77.36,Peak,Carrier_D,5,428776
SHP01898,Visakhapatnam,New York,Road,Solar Panels,14195,40.66,7018,20FT,93.77,Normal,Carrier_B,17,174229
SHP01899,Cochin,Jebel Ali,Sea,Automotive Parts,17097,33.77,4842,20FT,82.89,Normal,Carrier_C,14,115499
SHP01900,Pune,Hamburg,Air,Chemicals,3757,18.36,10524,AIR_CARGO,87.25,Off_Peak,Carrier_E,11,633800
SHP01901,Bengaluru,Jebel Ali,Road,Furniture,6247,17.32,7123,LCL,94.74,Peak,Carrier_C,17,104706
SHP01902,Kolkata,Rotterdam,Air,Chemicals,1545,7.77,11940,AIR_CARGO,81.6,Normal,Carrier_C,12,656767
SHP01903,Bengaluru,Singapore,Air,General Cargo,1825,9.84,3733,AIR_CARGO,103.07,Peak,Carrier_E,5,310867
SHP01904,Delhi,Jebel Ali,Air,Food Products,2136,11.12,4629,AIR_CARGO,81.58,Off_Peak,Carrier_C,6,248081
SHP01905,Pune,Shanghai,Air,Chemicals,3855,16.97,9510,AIR_CARGO,105.29,Off_Peak,Carrier_B,11,697695
SHP01906,Visakhapatnam,Busan,Sea,Food Products,26895,60.16,4914,40FT_HC,84.4,Off_Peak,Carrier_E,13,195026
SHP01907,Cochin,Singapore,Air,Solar Panels,4081,22.26,10742,AIR_CARGO,110.6,Normal,Carrier_B,12,852443
SHP01908,Chennai,Colombo,Sea,Pharmaceuticals,5645,19.87,1014,40FT_HC,83.77,Off_Peak,Carrier_D,7,64967
SHP01909,Bengaluru,Los Angeles,Sea,Electronics,12362,29.15,15727,40FT_HC,94.93,Peak,Carrier_E,34,337012
SHP01910,Chennai,New York,Sea,Textiles,1204,9.57,13865,LCL,107.12,Normal,Carrier_A,31,97994
SHP01911,Delhi,Dubai,Air,Food Products,2135,11.44,2295,AIR_CARGO,102.17,Normal,Carrier_C,4,215179
SHP01912,Pune,Los Angeles,Air,General Cargo,3833,17.7,4847,AIR_CARGO,82.84,Off_Peak,Carrier_E,7,317224
SHP01913,Chennai,Hamburg,Sea,Machinery,5035,13.66,11379,40FT_HC,104.78,Off_Peak,Carrier_B,26,145803
SHP01914,Cochin,London,Air,Furniture,4109,19.17,11025,AIR_CARGO,111.59,Peak,Carrier_B,12,922885
SHP01915,Pune,London,Road,Furniture,11216,31.59,9297,20FT,105.23,Peak,Carrier_D,22,219700
SHP01916,Chennai,Antwerp,Air,Textiles,612,2.51,4654,AIR_CARGO,82.77,Normal,Carrier_B,6,211787
SHP01917,Cochin,Hamburg,Air,Machinery,4117,19.84,3247,AIR_CARGO,75.9,Normal,Carrier_D,5,322696
SHP01918,Delhi,Jebel Ali,Road,Automotive Parts,7469,20.61,8745,40FT_HC,98.76,Normal,Carrier_A,21,238944
SHP01919,Visakhapatnam,Shanghai,Air,Chemicals,4545,19.56,7636,AIR_CARGO,95.36,Normal,Carrier_B,9,694568
SHP01920,Visakhapatnam,Dubai,Road,Food Products,13408,34.77,6041,40FT_HC,88.39,Peak,Carrier_D,15,230040
SHP01921,Mumbai,Rotterdam,Road,Machinery,3525,11.27,9970,LCL,79.74,Peak,Carrier_A,24,111302
SHP01922,Visakhapatnam,London,Road,Pharmaceuticals,13787,37.82,11688,20FT,111.8,Peak,Carrier_C,27,361276
SHP01923,Chennai,Shanghai,Road,Automotive Parts,891,7.92,5650,LCL,104.44,Normal,Carrier_E,14,64618
SHP01924,Hyderabad,Singapore,Sea,Electronics,19204,35.19,3673,40FT,105.8,Off_Peak,Carrier_B,11,151682
SHP01925,Ahmedabad,London,Sea,Machinery,17654,37.79,8409,40FT_HC,100.81,Off_Peak,Carrier_D,20,184625
SHP01926,Hyderabad,Singapore,Road,Electronics,9782,24.58,3880,40FT_HC,114.33,Normal,Carrier_B,11,174905
SHP01927,Hyderabad,Busan,Road,General Cargo,9818,32.37,6285,40FT_HC,90.7,Normal,Carrier_A,15,191332
SHP01928,Hyderabad,Colombo,Air,Machinery,3098,13.28,3346,AIR_CARGO,76.14,Peak,Carrier_D,5,322901
SHP01929,Bengaluru,Singapore,Air,Machinery,1631,8.86,3453,AIR_CARGO,88.56,Peak,Carrier_C,5,267768
SHP01930,Ahmedabad,Dubai,Sea,General Cargo,16639,31.77,1850,40FT_HC,82.25,Normal,Carrier_C,9,125832
SHP01931,Mumbai,Jebel Ali,Air,Chemicals,909,4.74,1850,AIR_CARGO,113.34,Normal,Carrier_C,4,178510
SHP01932,Ahmedabad,New York,Road,General Cargo,9104,27.88,10156,40FT,108.54,Normal,Carrier_A,23,264307
SHP01933,Delhi,Dubai,Sea,Food Products,15154,28.79,2285,40FT,93.94,Normal,Carrier_C,9,111260
SHP01934,Pune,New York,Road,Food Products,11933,34.7,12721,40FT_HC,93.74,Peak,Carrier_B,29,363319
SHP01935,Chennai,Jebel Ali,Sea,Chemicals,5485,12.55,3415,40FT_HC,101.94,Normal,Carrier_B,11,90796
SHP01936,Visakhapatnam,Jebel Ali,Road,General Cargo,14421,37.92,10461,40FT_HC,106.64,Peak,Carrier_B,25,363815
SHP01937,Kolkata,Busan,Air,Electronics,1214,4.94,11053,AIR_CARGO,108.68,Peak,Carrier_B,12,869375
SHP01938,Pune,Hamburg,Sea,Pharmaceuticals,22229,44.61,10696,40FT_HC,105.63,Peak,Carrier_C,25,412138
SHP01939,Visakhapatnam,Jebel Ali,Road,Pharmaceuticals,14680,38.38,9589,40FT,102.95,Peak,Carrier_C,22,413988
SHP01940,Ahmedabad,London,Air,Pharmaceuticals,2686,12.69,11551,AIR_CARGO,114.93,Normal,Carrier_D,13,984276
SHP01941,Bengaluru,Colombo,Sea,General Cargo,12014,31.75,5342,40FT,85.18,Peak,Carrier_E,15,149650
SHP01942,Pune,Jebel Ali,Sea,General Cargo,15593,30.47,4345,20FT,80.06,Peak,Carrier_C,13,113167
SHP01943,Chennai,Rotterdam,Air,Pharmaceuticals,418,2.06,10958,AIR_CARGO,98.26,Normal,Carrier_D,11,677247
SHP01944,Cochin,Dubai,Road,Textiles,12505,32.42,8410,40FT_HC,97.84,Peak,Carrier_A,20,301992
SHP01945,Kolkata,Rotterdam,Air,Automotive Parts,1326,6.52,11865,AIR_CARGO,107.19,Peak,Carrier_E,13,832249
SHP01946,Pune,Busan,Road,General Cargo,11516,36.75,8001,40FT,98.47,Off_Peak,Carrier_D,19,188155
SHP01947,Mumbai,Rotterdam,Road,Food Products,2940,9.79,9633,40FT,82.79,Peak,Carrier_A,23,198465
SHP01948,Delhi,Singapore,Air,Textiles,2458,13.31,4330,AIR_CARGO,108.52,Peak,Carrier_B,6,416989
SHP01949,Pune,Dubai,Sea,Textiles,15875,29.9,2021,20FT,80.34,Peak,Carrier_C,9,96632
SHP01950,Ahmedabad,Shanghai,Sea,Machinery,16820,39.46,8654,40FT_HC,101.13,Normal,Carrier_E,21,207474
SHP01951,Mumbai,Jebel Ali,Air,Chemicals,899,4.67,1895,AIR_CARGO,112.33,Off_Peak,Carrier_A,4,159746
SHP01952,Ahmedabad,Dubai,Air,Electronics,2698,14.43,1691,AIR_CARGO,105.24,Normal,Carrier_C,4,249133
SHP01953,Cochin,Los Angeles,Sea,Machinery,17692,38.84,3301,20FT,75.71,Normal,Carrier_E,10,98815
SHP01954,Mumbai,Los Angeles,Road,Chemicals,2462,10.55,14705,LCL,99.48,Peak,Carrier_A,33,227946
SHP01955,Mumbai,Hamburg,Road,Furniture,2364,9.11,10108,40FT_HC,104.11,Normal,Carrier_C,24,207610
SHP01956,Hyderabad,Antwerp,Sea,Electronics,20665,47.95,8659,40FT_HC,101.57,Peak,Carrier_D,21,335385
SHP01957,Hyderabad,Dubai,Air,Machinery,3077,16.11,2797,AIR_CARGO,113.93,Off_Peak,Carrier_A,5,276035
SHP01958,Mumbai,New York,Road,Furniture,2203,10.58,13235,20FT,104.49,Normal,Carrier_D,30,189339
SHP01959,Chennai,Colombo,Road,Electronics,1445,10.08,942,LCL,113.52,Off_Peak,Carrier_B,5,19429
SHP01960,Hyderabad,Hamburg,Road,General Cargo,10182,28.47,10738,40FT,109.43,Normal,Carrier_B,25,267399
SHP01961,Cochin,Rotterdam,Road,Furniture,12205,32.75,5202,40FT_HC,85.01,Off_Peak,Carrier_E,14,143337
SHP01962,Cochin,Antwerp,Road,General Cargo,12385,37.69,10446,40FT,108.02,Normal,Carrier_D,24,281209
SHP01963,Delhi,Dubai,Sea,Food Products,13859,26.91,2186,40FT,83.01,Off_Peak,Carrier_D,9,90397
SHP01964,Visakhapatnam,Busan,Air,Chemicals,4625,18.61,11948,AIR_CARGO,114.77,Off_Peak,Carrier_A,12,948152
SHP01965,Visakhapatnam,Rotterdam,Sea,Automotive Parts,7381,17.42,8999,LCL,101.16,Normal,Carrier_C,22,83985
SHP01966,Chennai,New York,Road,Chemicals,1313,8.35,13624,40FT_HC,89.84,Peak,Carrier_C,30,346944
SHP01967,Ahmedabad,Colombo,Air,Textiles,3052,13.12,2066,AIR_CARGO,112.53,Normal,Carrier_B,4,253621
SHP01968,Visakhapatnam,Rotterdam,Sea,Chemicals,27966,54.44,9696,40FT_HC,102.99,Peak,Carrier_E,23,406781
SHP01969,Delhi,Antwerp,Air,Furniture,2127,8.86,7095,AIR_CARGO,92.8,Off_Peak,Carrier_E,9,349785
SHP01970,Bengaluru,Los Angeles,Air,Automotive Parts,2011,9.2,16399,AIR_CARGO,93.55,Peak,Carrier_B,17,1064861
SHP01971,Pune,Dubai,Road,General Cargo,11210,28.96,2033,20FT,104.56,Normal,Carrier_B,8,82177
SHP01972,Ahmedabad,Los Angeles,Road,Automotive Parts,7881,24.13,3760,LCL,77.6,Off_Peak,Carrier_B,11,55673
SHP01973,Kolkata,Jebel Ali,Sea,Textiles,5971,13.31,8111,20FT,98.99,Normal,Carrier_B,21,89996
SHP01974,Cochin,Colombo,Air,Pharmaceuticals,4487,18.84,4418,AIR_CARGO,81.33,Off_Peak,Carrier_A,6,448309
SHP01975,Ahmedabad,New York,Sea,General Cargo,4408,15.55,8640,LCL,99.05,Normal,Carrier_E,20,64439
SHP01976,Visakhapatnam,Rotterdam,Air,Solar Panels,4887,24.58,11620,AIR_CARGO,114.72,Peak,Carrier_D,12,1162914
SHP01977,Ahmedabad,Singapore,Sea,Food Products,4288,8.16,10391,LCL,110.18,Normal,Carrier_B,25,80509
SHP01978,Bengaluru,Los Angeles,Road,Chemicals,5384,17.9,15222,LCL,100.3,Normal,Carrier_D,34,200791
SHP01979,Hyderabad,Rotterdam,Sea,Textiles,19836,39.85,10899,40FT_HC,103.23,Peak,Carrier_D,25,308099
SHP01980,Mumbai,Rotterdam,Sea,Chemicals,1413,6.37,9874,LCL,112.28,Peak,Carrier_D,23,100761
SHP01981,Hyderabad,Jebel Ali,Sea,Textiles,5015,11.79,2644,LCL,95.02,Normal,Carrier_E,10,31166
SHP01982,Bengaluru,Dubai,Road,Chemicals,6146,16.25,3226,40FT_HC,78.65,Normal,Carrier_D,10,111931
SHP01983,Hyderabad,Dubai,Sea,Textiles,18496,35.16,2775,40FT_HC,77.87,Peak,Carrier_C,10,170985
SHP01984,Mumbai,Singapore,Road,Pharmaceuticals,3502,9.4,4294,40FT,88.54,Peak,Carrier_B,12,134135
SHP01985,Mumbai,Dubai,Road,Automotive Parts,2248,6.81,1896,LCL,84.5,Peak,Carrier_E,7,29316
SHP01986,Cochin,London,Sea,Pharmaceuticals,6681,17.54,9840,LCL,107.14,Peak,Carrier_C,23,131708
SHP01987,Mumbai,Singapore,Sea,Food Products,7119,13.6,4310,40FT_HC,100.89,Off_Peak,Carrier_B,12,83702
SHP01988,Visakhapatnam,Colombo,Road,General Cargo,14123,41.5,10220,40FT_HC,107.27,Peak,Carrier_A,23,382975
SHP01989,Cochin,Antwerp,Road,Textiles,12491,38.44,8752,20FT,99.05,Normal,Carrier_C,21,177440
SHP01990,Chennai,Singapore,Sea,Furniture,4406,8.57,3371,40FT_HC,101.43,Off_Peak,Carrier_B,12,57277
SHP01991,Ahmedabad,London,Sea,Chemicals,16098,35.1,11821,40FT,113.74,Peak,Carrier_D,26,352202
SHP01992,Hyderabad,Busan,Sea,General Cargo,13074,35.57,8961,20FT,99.63,Normal,Carrier_E,21,131198
SHP01993,Ahmedabad,London,Road,Food Products,8337,24.45,10670,40FT,110.72,Normal,Carrier_D,25,261212
SHP01994,Hyderabad,Jebel Ali,Air,Automotive Parts,3270,17.01,2622,AIR_CARGO,109.83,Peak,Carrier_E,5,374294
SHP01995,Ahmedabad,Dubai,Sea,Solar Panels,11303,22.25,1793,20FT,107.46,Off_Peak,Carrier_E,8,62420
SHP01996,Cochin,Colombo,Road,Electronics,12827,38.3,9196,LCL,101.21,Off_Peak,Carrier_A,22,143416
SHP01997,Mumbai,Hamburg,Sea,Food Products,3952,11.19,9904,20FT,86.09,Off_Peak,Carrier_D,24,76150
SHP01998,Chennai,Dubai,Sea,Furniture,5369,11.13,3624,40FT,89.8,Normal,Carrier_A,12,68048
SHP01999,Visakhapatnam,Los Angeles,Sea,Chemicals,18261,39.7,4131,20FT,79.38,Normal,Carrier_C,13,132671
SHP02000,Chennai,Hamburg,Air,Machinery,177,0.85,10755,AIR_CARGO,105.81,Peak,Carrier_A,12,688556
SHP02001,Mumbai,Shanghai,Air,Chemicals,964,4.25,6202,AIR_CARGO,89.52,Off_Peak,Carrier_B,8,329228
SHP02002,Visakhapatnam,Antwerp,Road,Pharmaceuticals,13410,40.85,5429,LCL,85.34,Off_Peak,Carrier_A,15,113914
SHP02003,Chennai,Colombo,Sea,Machinery,5338,19.63,925,40FT_HC,92.58,Peak,Carrier_B,6,66857
SHP02004,Chennai,Antwerp,Sea,Food Products,3648,17.51,8792,20FT,100.67,Off_Peak,Carrier_A,21,85298
SHP02005,Visakhapatnam,New York,Road,Textiles,14170,40.67,4984,40FT_HC,84.65,Peak,Carrier_C,13,222905
SHP02006,Visakhapatnam,Los Angeles,Road,Furniture,14790,41.21,5439,LCL,85.25,Peak,Carrier_B,15,120871
SHP02007,Ahmedabad,Jebel Ali,Road,Electronics,8832,23.74,8400,20FT,98.22,Peak,Carrier_E,20,194701
SHP02008,Ahmedabad,Dubai,Sea,Electronics,17734,33.85,1837,40FT,84.07,Peak,Carrier_C,9,170815
SHP02009,Cochin,Antwerp,Air,Furniture,4162,17.26,3001,AIR_CARGO,75.67,Peak,Carrier_B,5,362014
SHP02010,Kolkata,Jebel Ali,Road,Textiles,4041,12.05,9912,20FT,107.74,Off_Peak,Carrier_B,23,137703
SHP02011,Mumbai,Shanghai,Sea,Food Products,7773,22.46,6128,40FT,113.43,Normal,Carrier_D,16,123630
SHP02012,Chennai,Jebel Ali,Road,Machinery,1050,4.32,3386,40FT,87.92,Normal,Carrier_B,10,58352
SHP02013,Cochin,Rotterdam,Air,Furniture,4415,22.34,4970,AIR_CARGO,84.91,Off_Peak,Carrier_A,7,376568
SHP02014,Cochin,Singapore,Air,Machinery,4356,24.11,9546,AIR_CARGO,102.42,Normal,Carrier_C,11,682309
SHP02015,Kolkata,Shanghai,Air,Automotive Parts,1453,6.28,4571,AIR_CARGO,96.21,Normal,Carrier_C,6,302599
SHP02016,Bengaluru,Colombo,Air,Electronics,2072,8.87,3052,AIR_CARGO,75.03,Peak,Carrier_C,5,283741
SHP02017,Kolkata,Rotterdam,Air,Electronics,1352,6.65,12200,AIR_CARGO,109.24,Peak,Carrier_C,13,974069
SHP02018,Hyderabad,London,Sea,Food Products,19781,41.54,3346,40FT_HC,76.17,Peak,Carrier_D,10,194410
SHP02019,Kolkata,Colombo,Sea,Furniture,8967,25.74,2010,40FT_HC,105.58,Peak,Carrier_E,8,104363
SHP02020,Ahmedabad,Busan,Air,Furniture,2580,10.5,10556,AIR_CARGO,110.67,Off_Peak,Carrier_A,11,616576
SHP02021,Delhi,Busan,Sea,Textiles,9437,28.54,5713,20FT,86.56,Off_Peak,Carrier_B,15,78716
SHP02022,Visakhapatnam,Antwerp,Air,General Cargo,4568,18.8,11339,AIR_CARGO,114.35,Normal,Carrier_D,12,815986
SHP02023,Mumbai,Los Angeles,Air,General Cargo,874,4.04,14442,AIR_CARGO,92.62,Off_Peak,Carrier_C,15,603681
SHP02024,Hyderabad,Los Angeles,Sea,Pharmaceuticals,19746,41.97,15140,40FT,108.45,Normal,Carrier_D,33,366723
SHP02025,Ahmedabad,Colombo,Sea,Machinery,11640,30.7,2081,20FT,83.46,Normal,Carrier_C,9,73220
SHP02026,Bengaluru,London,Road,Pharmaceuticals,5197,16.79,10635,20FT,77.29,Off_Peak,Carrier_B,25,150581
SHP02027,Delhi,Los Angeles,Road,Furniture,7300,22.51,10861,20FT,110.13,Peak,Carrier_B,26,224894
SHP02028,Cochin,London,Sea,Textiles,25312,51.79,7889,40FT_HC,98.21,Peak,Carrier_E,20,295190
SHP02029,Ahmedabad,Busan,Sea,Machinery,11691,32.56,7336,20FT,92.95,Normal,Carrier_C,19,110462
SHP02030,Chennai,Shanghai,Air,Chemicals,353,1.52,5375,AIR_CARGO,83.61,Peak,Carrier_B,7,334694
SHP02031,Cochin,Dubai,Air,Machinery,4416,23.08,7815,AIR_CARGO,94.77,Off_Peak,Carrier_E,9,475550
SHP02032,Pune,Jebel Ali,Sea,Food Products,21585,41.31,11481,40FT,113.4,Peak,Carrier_A,26,320594
SHP02033,Delhi,Antwerp,Road,Textiles,7575,26.25,5484,20FT,85.84,Off_Peak,Carrier_D,14,91303
SHP02034,Chennai,Shanghai,Sea,Chemicals,3699,15.42,5613,20FT,105.14,Normal,Carrier_B,14,84123
SHP02035,Visakhapatnam,London,Sea,Chemicals,27139,54.43,11308,40FT_HC,111.32,Peak,Carrier_A,26,473169
SHP02036,Ahmedabad,Busan,Sea,Machinery,4348,19.28,6794,LCL,91.08,Peak,Carrier_D,18,67651
SHP02037,Kolkata,Shanghai,Road,Pharmaceuticals,4606,17.32,4719,40FT_HC,92.75,Peak,Carrier_B,12,186464
SHP02038,Kolkata,Singapore,Sea,Pharmaceuticals,6825,12.71,2616,20FT,90.18,Off_Peak,Carrier_D,10,54198
SHP02039,Delhi,New York,Air,Pharmaceuticals,2133,9.47,11509,AIR_CARGO,95.43,Off_Peak,Carrier_D,13,685214
SHP02040,Mumbai,Busan,Road,Furniture,3477,16.28,4976,LCL,83.69,Normal,Carrier_B,13,56793
SHP02041,Bengaluru,Colombo,Air,Automotive Parts,1864,8.01,6730,AIR_CARGO,91.49,Off_Peak,Carrier_C,8,353748
SHP02042,Mumbai,London,Road,Solar Panels,3108,11.71,9070,40FT_HC,88.2,Peak,Carrier_D,21,226380
SHP02043,Visakhapatnam,Busan,Air,Chemicals,4912,19.9,4043,AIR_CARGO,79.06,Peak,Carrier_D,6,560373
SHP02044,Visakhapatnam,Jebel Ali,Air,General Cargo,4688,24.18,6950,AIR_CARGO,93.96,Off_Peak,Carrier_C,9,485133
SHP02045,Visakhapatnam,London,Air,Automotive Parts,4519,21.53,3861,AIR_CARGO,78.16,Peak,Carrier_E,5,459253
SHP02046,Visakhapatnam,Los Angeles,Road,Machinery,13950,38.94,8838,40FT,102.12,Peak,Carrier_C,20,303059
SHP02047,Mumbai,Rotterdam,Sea,Furniture,7452,16.82,9636,40FT,92.78,Off_Peak,Carrier_E,22,115609
SHP02048,Bengaluru,New York,Sea,Pharmaceuticals,13402,31.68,14899,40FT,92.04,Off_Peak,Carrier_A,33,268190
SHP02049,Cochin,Los Angeles,Sea,Textiles,6684,18.36,4975,LCL,83.69,Normal,Carrier_B,14,48823
SHP02050,Cochin,Dubai,Sea,Chemicals,16567,31.58,4422,20FT,81.38,Normal,Carrier_C,14,121223
SHP02051,Chennai,London,Road,Food Products,1394,6.88,10210,40FT,99.26,Peak,Carrier_D,24,217830
SHP02052,Delhi,Los Angeles,Sea,Chemicals,14422,32.27,10028,40FT_HC,104.31,Peak,Carrier_B,23,317722
SHP02053,Delhi,New York,Road,Food Products,7106,22.46,12337,40FT,83.88,Normal,Carrier_B,28,229587
SHP02054,Hyderabad,Dubai,Sea,Machinery,18928,35.98,2774,40FT_HC,85.59,Normal,Carrier_A,11,154126
SHP02055,Hyderabad,Busan,Sea,Electronics,5064,21.01,5736,LCL,87.34,Normal,Carrier_B,16,60738
SHP02056,Hyderabad,Singapore,Road,Textiles,9520,24.17,3825,20FT,106.97,Off_Peak,Carrier_D,11,87975
SHP02057,Bengaluru,Antwerp,Sea,Electronics,11976,32.45,3592,40FT_HC,78.19,Peak,Carrier_C,11,165018
SHP02058,Bengaluru,Colombo,Sea,Automotive Parts,8112,23.99,5082,20FT,83.41,Peak,Carrier_C,15,96023
SHP02059,Mumbai,Rotterdam,Sea,Electronics,7074,15.94,9358,40FT,83.69,Off_Peak,Carrier_B,23,124156
SHP02060,Mumbai,London,Road,General Cargo,3046,11.5,9155,40FT,105.83,Peak,Carrier_B,21,222117
SHP02061,Visakhapatnam,Dubai,Sea,Solar Panels,7480,15.05,8990,LCL,101.64,Peak,Carrier_A,22,106159
SHP02062,Pune,London,Air,Machinery,3569,16.98,9234,AIR_CARGO,100.73,Normal,Carrier_D,10,616214
SHP02063,Delhi,Dubai,Air,Machinery,2099,11.28,2257,AIR_CARGO,80.46,Normal,Carrier_C,4,195523
SHP02064,Delhi,Colombo,Air,Machinery,2115,8.88,4540,AIR_CARGO,81.42,Off_Peak,Carrier_C,6,242970
SHP02065,Mumbai,Jebel Ali,Road,Electronics,2885,8.58,1977,20FT,84.54,Normal,Carrier_B,8,41292
SHP02066,Pune,Antwerp,Sea,Machinery,6193,21.64,3695,LCL,78.51,Normal,Carrier_C,12,43256
SHP02067,Delhi,Los Angeles,Sea,Automotive Parts,9957,24.29,3051,20FT,75.63,Normal,Carrier_E,10,68255
SHP02068,Mumbai,Rotterdam,Sea,Chemicals,7092,16.1,10066,40FT,77.6,Peak,Carrier_C,22,184907
SHP02069,Delhi,Shanghai,Sea,Food Products,10590,27.28,4775,20FT,107.33,Peak,Carrier_A,14,112731
SHP02070,Hyderabad,Antwerp,Air,Pharmaceuticals,3076,12.7,3958,AIR_CARGO,78.9,Off_Peak,Carrier_E,6,311349
SHP02071,Chennai,Dubai,Road,General Cargo,1407,4.21,3530,20FT,108.43,Normal,Carrier_C,11,55236
SHP02072,Delhi,Shanghai,Sea,Furniture,14634,34.69,4673,40FT_HC,89.59,Peak,Carrier_A,14,184284
SHP02073,Cochin,Jebel Ali,Sea,Food Products,23780,46.15,8744,40FT,100.5,Off_Peak,Carrier_D,21,203143
SHP02074,Hyderabad,Hamburg,Road,General Cargo,9841,27.9,9824,40FT_HC,105.99,Off_Peak,Carrier_C,23,233695
SHP02075,Chennai,Hamburg,Road,Chemicals,1224,5.99,11660,LCL,91.54,Peak,Carrier_A,27,162270
SHP02076,Bengaluru,Dubai,Air,Machinery,1607,8.53,3253,AIR_CARGO,103.35,Peak,Carrier_C,5,289561
SHP02077,Ahmedabad,Jebel Ali,Road,Solar Panels,8897,24.1,6243,40FT_HC,88.45,Normal,Carrier_B,16,182337
SHP02078,Delhi,Jebel Ali,Air,Furniture,2484,12.93,6606,AIR_CARGO,90.3,Normal,Carrier_B,8,406897
SHP02079,Cochin,Hamburg,Road,Food Products,12113,33.44,11428,LCL,111.3,Normal,Carrier_B,26,164333
SHP02080,Visakhapatnam,Antwerp,Sea,Automotive Parts,18823,44.57,5714,20FT,85.97,Normal,Carrier_D,15,139807
SHP02081,Delhi,London,Road,Furniture,7761,22.81,6685,40FT_HC,88.51,Peak,Carrier_A,17,205510
SHP02082,Cochin,Shanghai,Sea,General Cargo,25504,54.37,5274,40FT,85.55,Normal,Carrier_D,14,203835
SHP02083,Mumbai,Rotterdam,Sea,General Cargo,6696,15.96,9436,40FT,100.09,Off_Peak,Carrier_C,23,122320
SHP02084,Visakhapatnam,Jebel Ali,Sea,Machinery,27634,52.88,7587,40FT_HC,96.95,Off_Peak,Carrier_E,18,222232
SHP02085,Ahmedabad,Dubai,Air,Furniture,2701,14.52,1825,AIR_CARGO,93.39,Off_Peak,Carrier_E,4,180601
SHP02086,Kolkata,Antwerp,Sea,Furniture,9553,28,4047,40FT_HC,80.07,Normal,Carrier_B,12,110596
SHP02087,Delhi,Singapore,Sea,Chemicals,3548,6.91,4333,LCL,80.69,Normal,Carrier_D,13,38543
SHP02088,Delhi,Los Angeles,Air,General Cargo,2220,10.25,9285,AIR_CARGO,101.93,Normal,Carrier_A,10,564240
SHP02089,Pune,Busan,Road,Furniture,11251,35.72,8497,LCL,99.59,Normal,Carrier_B,20,125854
SHP02090,Hyderabad,Hamburg,Road,Automotive Parts,9973,28.04,2996,40FT_HC,75.51,Off_Peak,Carrier_A,9,114584
SHP02091,Pune,Los Angeles,Air,Textiles,3843,17.43,3312,AIR_CARGO,76.71,Normal,Carrier_E,5,297498
SHP02092,Cochin,Hamburg,Sea,Furniture,25217,50.12,3081,40FT,75.74,Normal,Carrier_C,10,175554
SHP02093,Bengaluru,Dubai,Air,Furniture,1742,9.24,2953,AIR_CARGO,105.06,Normal,Carrier_C,5,233818
SHP02094,Delhi,Hamburg,Air,Machinery,2499,12.18,8379,AIR_CARGO,100.78,Normal,Carrier_E,10,491146
SHP02095,Chennai,Jebel Ali,Road,Food Products,1280,5,3363,40FT_HC,87.2,Normal,Carrier_B,10,63042
SHP02096,Bengaluru,Jebel Ali,Air,Chemicals,1830,9.34,9711,AIR_CARGO,106.36,Normal,Carrier_A,10,747850
SHP02097,Bengaluru,Singapore,Air,Automotive Parts,2025,11.2,3673,AIR_CARGO,96.09,Peak,Carrier_D,6,349165
SHP02098,Chennai,Singapore,Air,Automotive Parts,192,1.05,3403,AIR_CARGO,101.98,Peak,Carrier_C,6,226226
SHP02099,Pune,Busan,Sea,Furniture,22267,51.53,5424,40FT_HC,85.13,Normal,Carrier_C,14,203855
SHP02100,Ahmedabad,Busan,Air,Machinery,2618,10.55,7714,AIR_CARGO,95.72,Off_Peak,Carrier_D,9,419928
SHP02101,Kolkata,Hamburg,Air,Electronics,1349,6.59,9095,AIR_CARGO,103.79,Normal,Carrier_C,10,581290
SHP02102,Visakhapatnam,Shanghai,Air,Solar Panels,4675,20.36,9871,AIR_CARGO,105.77,Normal,Carrier_E,11,762159
SHP02103,Hyderabad,Dubai,Air,Chemicals,3219,17.03,2687,AIR_CARGO,108.71,Off_Peak,Carrier_B,5,320065
SHP02104,Ahmedabad,Jebel Ali,Air,Furniture,2699,13.8,3652,AIR_CARGO,78.47,Normal,Carrier_B,6,267473
SHP02105,Mumbai,Hamburg,Road,Textiles,2667,9.58,10534,20FT,84.25,Peak,Carrier_E,24,144228
SHP02106,Pune,New York,Sea,Electronics,22570,49.02,13553,40FT_HC,81.65,Normal,Carrier_C,29,312775
SHP02107,Delhi,New York,Air,Furniture,2465,10.97,11598,AIR_CARGO,103.56,Peak,Carrier_B,12,806804
SHP02108,Delhi,London,Air,Textiles,2158,10.21,6430,AIR_CARGO,98.87,Peak,Carrier_D,8,494698
SHP02109,Ahmedabad,Los Angeles,Air,Electronics,3008,13.75,6948,AIR_CARGO,91.52,Normal,Carrier_E,8,498671
SHP02110,Bengaluru,Rotterdam,Air,Food Products,1785,8.86,11094,AIR_CARGO,93.92,Normal,Carrier_D,12,588675
SHP02111,Visakhapatnam,Singapore,Road,Textiles,14643,36.87,11307,40FT_HC,112.3,Off_Peak,Carrier_A,26,309438
SHP02112,Chennai,Dubai,Air,Machinery,153,0.8,3697,AIR_CARGO,107.38,Off_Peak,Carrier_D,6,173969
SHP02113,Delhi,Antwerp,Air,Furniture,2264,9.5,3457,AIR_CARGO,76.75,Off_Peak,Carrier_D,6,206764
SHP02114,Mumbai,Shanghai,Sea,Furniture,8011,23.18,6293,40FT_HC,112.22,Normal,Carrier_B,16,136532
SHP02115,Ahmedabad,Shanghai,Road,Food Products,8920,27.78,4457,40FT_HC,82.34,Normal,Carrier_D,12,133943
SHP02116,Pune,Colombo,Road,Furniture,11108,33.82,11739,40FT_HC,114.65,Normal,Carrier_C,27,325058
SHP02117,Visakhapatnam,Busan,Air,Pharmaceuticals,4703,19.11,4301,AIR_CARGO,80.05,Peak,Carrier_B,6,577787
SHP02118,Hyderabad,Singapore,Air,Textiles,3260,17.86,3652,AIR_CARGO,106.06,Peak,Carrier_A,6,432351
SHP02119,Visakhapatnam,Busan,Sea,Electronics,25886,58.63,4671,40FT_HC,81.67,Off_Peak,Carrier_E,13,215420
SHP02120,Hyderabad,Hamburg,Sea,Chemicals,13885,29.75,12381,20FT,114.38,Normal,Carrier_C,28,208194
SHP02121,Ahmedabad,New York,Sea,Electronics,11864,29.05,3034,20FT,75.39,Off_Peak,Carrier_E,10,74414
SHP02122,Pune,Los Angeles,Road,Automotive Parts,11141,32.11,6846,20FT,93.01,Off_Peak,Carrier_B,17,131354
SHP02123,Ahmedabad,Shanghai,Air,General Cargo,2685,11.79,4604,AIR_CARGO,82.95,Peak,Carrier_C,6,371796
SHP02124,Chennai,Dubai,Sea,Automotive Parts,6346,13.29,3366,40FT_HC,85.72,Off_Peak,Carrier_E,11,67095
SHP02125,Visakhapatnam,Singapore,Sea,Automotive Parts,27487,50.86,5318,40FT,85.24,Peak,Carrier_D,14,273976
SHP02126,Mumbai,Colombo,Air,Automotive Parts,1007,4.3,1633,AIR_CARGO,98.15,Normal,Carrier_E,4,130375
SHP02127,Pune,Shanghai,Air,Food Products,3926,17.02,9604,AIR_CARGO,104.85,Peak,Carrier_E,10,764180
SHP02128,Cochin,Hamburg,Road,Pharmaceuticals,12274,33.96,11545,40FT,112.01,Peak,Carrier_B,26,471849
SHP02129,Ahmedabad,Colombo,Sea,Food Products,17333,41.04,2066,40FT_HC,81.87,Off_Peak,Carrier_A,8,125536
SHP02130,Bengaluru,Dubai,Sea,Solar Panels,9029,18.05,3007,20FT,95.84,Off_Peak,Carrier_D,10,61632
SHP02131,Kolkata,Dubai,Sea,Automotive Parts,10269,20.65,3169,40FT_HC,76.04,Normal,Carrier_D,11,100952
SHP02132,Cochin,Rotterdam,Road,Pharmaceuticals,12895,34.83,7222,40FT,94.77,Normal,Carrier_C,18,257537
SHP02133,Delhi,Busan,Sea,Furniture,14310,38,7422,40FT,95.44,Peak,Carrier_B,19,207175
SHP02134,Hyderabad,Hamburg,Sea,Chemicals,19585,39.73,3525,40FT_HC,78.07,Peak,Carrier_C,11,236701
SHP02135,Visakhapatnam,Hamburg,Sea,Machinery,19728,40.41,7107,20FT,92.94,Normal,Carrier_A,17,145985
SHP02136,Cochin,Shanghai,Sea,Pharmaceuticals,23656,51.14,9882,40FT,103.7,Off_Peak,Carrier_B,23,279060
SHP02137,Hyderabad,New York,Air,Textiles,3213,14.43,11308,AIR_CARGO,110.64,Normal,Carrier_C,13,743909
SHP02138,Chennai,London,Sea,Food Products,2152,9.01,10190,20FT,79.63,Peak,Carrier_E,24,85581
SHP02139,Visakhapatnam,Busan,Air,Food Products,4769,19.39,11395,AIR_CARGO,113.54,Peak,Carrier_A,12,1033996
SHP02140,Pune,Antwerp,Air,Textiles,3665,15.24,3719,AIR_CARGO,78.34,Normal,Carrier_D,5,307704
SHP02141,Kolkata,Singapore,Air,Automotive Parts,1511,8.16,2625,AIR_CARGO,100.39,Peak,Carrier_D,5,260020
SHP02142,Visakhapatnam,Los Angeles,Air,Automotive Parts,4781,22.18,10691,AIR_CARGO,109.77,Off_Peak,Carrier_A,11,782498
SHP02143,Ahmedabad,Colombo,Sea,Electronics,16951,40.76,2071,40FT,95.95,Off_Peak,Carrier_C,8,132880
SHP02144,Bengaluru,London,Road,Electronics,6026,18.45,11005,40FT_HC,76.01,Peak,Carrier_B,25,277641
SHP02145,Bengaluru,New York,Road,Machinery,5376,18.61,13998,LCL,96.67,Peak,Carrier_A,31,185293
SHP02146,Hyderabad,Singapore,Road,Pharmaceuticals,10097,25.53,3830,40FT,77.4,Peak,Carrier_B,10,180372
SHP02147,Cochin,Singapore,Air,Solar Panels,4263,23.24,4429,AIR_CARGO,82.22,Normal,Carrier_C,7,441038
SHP02148,Pune,Los Angeles,Road,Textiles,10690,31.01,11628,40FT_HC,111.9,Off_Peak,Carrier_B,27,275917
SHP02149,Delhi,Busan,Air,Automotive Parts,2130,8.66,8370,AIR_CARGO,99.27,Normal,Carrier_B,9,525920
SHP02150,Delhi,London,Sea,Solar Panels,13609,30.45,6409,40FT_HC,110.66,Normal,Carrier_D,18,191528
SHP02151,Hyderabad,Rotterdam,Road,Food Products,9787,26.73,10565,40FT,88.23,Off_Peak,Carrier_D,24,198564
SHP02152,Kolkata,London,Sea,Pharmaceuticals,2503,10.43,11042,LCL,102.68,Peak,Carrier_E,25,113065
SHP02153,Visakhapatnam,Shanghai,Road,Pharmaceuticals,14096,40.64,3853,40FT,78.29,Normal,Carrier_C,11,195460
SHP02154,Bengaluru,Colombo,Sea,Electronics,3018,15.29,9199,LCL,104.15,Peak,Carrier_B,21,95428
SHP02155,Delhi,Colombo,Road,Machinery,7719,25.78,7451,40FT_HC,94.83,Off_Peak,Carrier_E,18,162845
SHP02156,Pune,Los Angeles,Road,Furniture,11730,33.38,5928,40FT_HC,87.78,Peak,Carrier_E,16,210252
SHP02157,Pune,Singapore,Road,Textiles,11605,29.62,4232,40FT_HC,84.82,Normal,Carrier_C,11,145943
SHP02158,Mumbai,Los Angeles,Sea,Textiles,8256,22.01,14355,40FT,106.63,Off_Peak,Carrier_D,31,189577
SHP02159,Cochin,Colombo,Sea,Food Products,7017,22.27,4953,LCL,84.05,Normal,Carrier_E,15,49705
SHP02160,Cochin,Los Angeles,Road,Automotive Parts,12108,34.52,6636,20FT,91.72,Normal,Carrier_A,16,155088
SHP02161,Bengaluru,London,Sea,Machinery,12188,27.75,10736,40FT_HC,81.99,Off_Peak,Carrier_E,24,154087
SHP02162,Pune,Antwerp,Air,Chemicals,3773,15.53,7341,AIR_CARGO,94.88,Peak,Carrier_C,8,727834
SHP02163,Cochin,Shanghai,Road,Pharmaceuticals,12767,37.72,9489,LCL,102.68,Peak,Carrier_D,23,222061
SHP02164,Kolkata,London,Sea,Solar Panels,2142,9.88,11624,LCL,91.83,Peak,Carrier_D,26,97051
SHP02165,Ahmedabad,Singapore,Sea,Furniture,11229,20.61,10523,20FT,110.27,Off_Peak,Carrier_D,24,118456
SHP02166,Delhi,Los Angeles,Air,Automotive Parts,2406,11.14,7798,AIR_CARGO,96.18,Normal,Carrier_A,9,518075
SHP02167,Mumbai,Singapore,Sea,Furniture,5483,10.16,4332,20FT,105.56,Off_Peak,Carrier_A,13,52764
SHP02168,Bengaluru,Antwerp,Sea,Textiles,3065,16.19,9769,LCL,104.44,Peak,Carrier_A,23,93525
SHP02169,Chennai,London,Sea,Textiles,6399,17.34,11021,40FT_HC,84.5,Normal,Carrier_E,25,143856
SHP02170,Visakhapatnam,Colombo,Sea,Chemicals,7597,23.14,7227,LCL,92.66,Peak,Carrier_B,18,98886
SHP02171,Ahmedabad,Busan,Air,Automotive Parts,2743,11,9532,AIR_CARGO,103.44,Normal,Carrier_C,10,649113
SHP02172,Hyderabad,Busan,Sea,Automotive Parts,13466,36.01,3566,20FT,76.8,Peak,Carrier_E,11,112448
SHP02173,Hyderabad,Dubai,Air,Food Products,3090,16.32,2854,AIR_CARGO,100.9,Peak,Carrier_B,5,349446
SHP02174,Mumbai,Jebel Ali,Road,Furniture,3260,9.64,1898,LCL,86.39,Off_Peak,Carrier_E,8,24277
SHP02175,Hyderabad,Antwerp,Road,Electronics,9250,29.82,5390,40FT,85.61,Off_Peak,Carrier_E,14,145165
SHP02176,Bengaluru,Busan,Road,Chemicals,5984,22.71,9361,40FT_HC,102.4,Peak,Carrier_D,22,323606
SHP02177,Chennai,Shanghai,Road,Chemicals,1423,9.13,5387,20FT,100.12,Normal,Carrier_A,14,99541
SHP02178,Chennai,Antwerp,Air,Electronics,210,0.86,6063,AIR_CARGO,89.73,Peak,Carrier_C,8,365833
SHP02179,Delhi,Rotterdam,Air,General Cargo,2323,11.47,6928,AIR_CARGO,90.78,Peak,Carrier_A,8,510815
SHP02180,Chennai,Shanghai,Sea,Machinery,5044,17.77,5511,40FT_HC,89.57,Off_Peak,Carrier_D,14,84575
SHP02181,Pune,Hamburg,Sea,Pharmaceuticals,21294,43.68,9921,40FT_HC,104.86,Normal,Carrier_A,22,343902
SHP02182,Ahmedabad,Colombo,Air,Machinery,3013,12.8,2021,AIR_CARGO,83.3,Peak,Carrier_A,4,278370
SHP02183,Delhi,Singapore,Road,Electronics,6612,16.61,4016,40FT_HC,93.99,Peak,Carrier_C,11,158974
SHP02184,Bengaluru,London,Road,Automotive Parts,5473,17.3,10647,40FT,114.1,Normal,Carrier_C,24,264017
SHP02185,Chennai,Rotterdam,Road,Pharmaceuticals,913,4.46,11397,LCL,114.95,Peak,Carrier_C,26,193947
SHP02186,Hyderabad,London,Road,Electronics,9351,26.86,3151,40FT_HC,75.2,Normal,Carrier_D,9,132905
SHP02187,Bengaluru,Colombo,Road,General Cargo,5958,21.36,4705,40FT_HC,82.91,Normal,Carrier_D,13,121437
SHP02188,Hyderabad,Dubai,Air,Food Products,3443,18.19,2856,AIR_CARGO,82.41,Normal,Carrier_B,5,286416
SHP02189,Ahmedabad,Singapore,Road,Machinery,8804,22.44,6128,40FT_HC,88.94,Off_Peak,Carrier_E,16,139264
SHP02190,Chennai,Shanghai,Air,Chemicals,473,2.05,5745,AIR_CARGO,86.59,Peak,Carrier_B,7,383011
SHP02191,Delhi,Singapore,Air,Chemicals,2492,13.48,3989,AIR_CARGO,81.82,Peak,Carrier_E,6,388777
SHP02192,Pune,Singapore,Road,General Cargo,11384,28.48,4240,40FT_HC,108.96,Off_Peak,Carrier_A,11,153282
SHP02193,Delhi,Singapore,Air,Pharmaceuticals,2491,13.46,4162,AIR_CARGO,109.36,Off_Peak,Carrier_D,6,377520
SHP02194,Ahmedabad,Dubai,Air,Electronics,2889,15.23,1716,AIR_CARGO,84,Normal,Carrier_B,4,246572
SHP02195,Visakhapatnam,Colombo,Air,Automotive Parts,4607,19.35,2985,AIR_CARGO,75.33,Peak,Carrier_B,5,416101
SHP02196,Mumbai,Singapore,Air,Automotive Parts,859,4.67,4178,AIR_CARGO,93.62,Normal,Carrier_D,6,247947
SHP02197,Ahmedabad,Antwerp,Sea,Food Products,11078,30.47,6140,20FT,88.4,Off_Peak,Carrier_E,16,82438
SHP02198,Mumbai,Shanghai,Air,Pharmaceuticals,684,2.96,6679,AIR_CARGO,96.59,Normal,Carrier_C,8,427237
SHP02199,Visakhapatnam,Singapore,Road,Electronics,14682,37.07,3477,20FT,76.66,Off_Peak,Carrier_E,10,102502
SHP02200,Mumbai,Hamburg,Air,Machinery,967,4.66,9814,AIR_CARGO,104,Normal,Carrier_D,11,533511
SHP02201,Delhi,New York,Road,Automotive Parts,7136,22.79,11805,LCL,91.11,Normal,Carrier_B,27,142812
SHP02202,Kolkata,Los Angeles,Sea,Food Products,10576,26.09,5654,40FT,86.21,Off_Peak,Carrier_D,15,105390
SHP02203,Kolkata,London,Road,Pharmaceuticals,4726,15.54,11467,40FT_HC,100.21,Off_Peak,Carrier_B,26,276337
SHP02204,Pune,New York,Road,Food Products,11410,33.2,13737,20FT,83.98,Off_Peak,Carrier_D,31,179899
SHP02205,Kolkata,Jebel Ali,Air,Pharmaceuticals,1176,5.98,5531,AIR_CARGO,85.31,Peak,Carrier_E,7,416136
SHP02206,Visakhapatnam,Rotterdam,Sea,Solar Panels,7489,16.88,3135,LCL,75.77,Normal,Carrier_D,12,44068
SHP02207,Delhi,Jebel Ali,Air,Solar Panels,2475,12.86,4193,AIR_CARGO,79.75,Peak,Carrier_E,6,359420
SHP02208,Hyderabad,New York,Sea,Electronics,20747,44.97,5374,40FT_HC,85.66,Normal,Carrier_A,15,225108
SHP02209,Visakhapatnam,Jebel Ali,Road,Solar Panels,14083,37.2,7844,LCL,96.77,Peak,Carrier_E,18,160790
SHP02210,Cochin,Dubai,Sea,Electronics,17952,34.23,4465,20FT,80.65,Peak,Carrier_E,12,140796
SHP02211,Chennai,Shanghai,Sea,Automotive Parts,4472,16.17,5446,40FT_HC,101.67,Normal,Carrier_B,16,105468
SHP02212,Kolkata,Rotterdam,Air,Furniture,1187,5.92,12345,AIR_CARGO,79.22,Peak,Carrier_A,13,646246
SHP02213,Hyderabad,Rotterdam,Air,Automotive Parts,3498,17.67,10481,AIR_CARGO,107.41,Peak,Carrier_A,12,944363
SHP02214,Delhi,Singapore,Road,Machinery,7157,17.94,4055,20FT,91.98,Peak,Carrier_C,11,96808
SHP02215,Bengaluru,Hamburg,Road,Automotive Parts,5416,16.55,11424,40FT_HC,111.96,Normal,Carrier_B,26,295277
SHP02216,Mumbai,Busan,Air,Pharmaceuticals,747,3.02,3267,AIR_CARGO,76.84,Peak,Carrier_A,5,247550
SHP02217,Cochin,New York,Road,Automotive Parts,12233,35.58,3159,40FT_HC,75.47,Peak,Carrier_C,9,179672
SHP02218,Ahmedabad,Hamburg,Air,Chemicals,2828,13.83,6108,AIR_CARGO,89.19,Peak,Carrier_C,8,578364
SHP02219,Chennai,Antwerp,Sea,Textiles,5020,20.09,8536,40FT_HC,99.09,Normal,Carrier_D,21,137271
SHP02220,Hyderabad,New York,Sea,Pharmaceuticals,13546,32.54,4504,20FT,80.96,Off_Peak,Carrier_C,13,102976
SHP02221,Bengaluru,Busan,Air,Food Products,1894,7.73,8726,AIR_CARGO,98.71,Peak,Carrier_C,10,599695
SHP02222,Pune,Rotterdam,Sea,Furniture,22798,45.33,9542,40FT_HC,105.23,Normal,Carrier_E,22,251848
SHP02223,Visakhapatnam,Colombo,Air,Electronics,4908,20.86,6438,AIR_CARGO,89.59,Off_Peak,Carrier_B,8,511745
SHP02224,Visakhapatnam,Hamburg,Sea,Furniture,27943,55.51,7721,40FT_HC,94.9,Normal,Carrier_E,19,254242
SHP02225,Cochin,Shanghai,Air,Solar Panels,4361,19.23,12027,AIR_CARGO,112.62,Off_Peak,Carrier_B,13,829879
SHP02226,Delhi,Shanghai,Air,Pharmaceuticals,2275,9.79,4803,AIR_CARGO,102.14,Peak,Carrier_E,7,500582
SHP02227,Pune,Jebel Ali,Air,Chemicals,3792,19.73,4291,AIR_CARGO,80.6,Peak,Carrier_D,6,512446
SHP02228,Delhi,Dubai,Sea,Chemicals,13847,26.48,2192,40FT_HC,111.7,Normal,Carrier_E,9,137371
SHP02229,Cochin,Hamburg,Sea,General Cargo,24382,48.8,4718,40FT_HC,83.55,Peak,Carrier_A,15,248595
SHP02230,Visakhapatnam,Singapore,Air,Chemicals,4903,26.61,2930,AIR_CARGO,75.02,Normal,Carrier_C,5,434239
SHP02231,Bengaluru,Busan,Sea,Machinery,8689,27.76,4574,20FT,81.77,Off_Peak,Carrier_C,13,66752
SHP02232,Hyderabad,Rotterdam,Air,Chemicals,3248,16.14,10894,AIR_CARGO,98.26,Normal,Carrier_D,12,810573
SHP02233,Mumbai,Shanghai,Air,Textiles,769,3.32,6363,AIR_CARGO,113.42,Off_Peak,Carrier_B,8,336912
SHP02234,Bengaluru,New York,Road,Food Products,6053,20.39,14894,40FT_HC,77.44,Off_Peak,Carrier_E,34,215276
SHP02235,Bengaluru,London,Sea,Textiles,12982,29.4,10144,40FT_HC,103.62,Peak,Carrier_B,24,242853
SHP02236,Cochin,London,Road,Electronics,12230,34.03,10982,LCL,113.03,Normal,Carrier_B,25,187421
SHP02237,Mumbai,Dubai,Air,Automotive Parts,908,4.85,2008,AIR_CARGO,82.71,Peak,Carrier_C,4,162827
SHP02238,Bengaluru,New York,Sea,Electronics,12718,30.95,14246,40FT,78.11,Normal,Carrier_A,31,239678
SHP02239,Pune,Hamburg,Air,Chemicals,3870,18.64,9965,AIR_CARGO,96.25,Normal,Carrier_B,11,781015
SHP02240,Kolkata,Colombo,Sea,Chemicals,6282,20.81,1971,20FT,82.63,Off_Peak,Carrier_C,8,52074
SHP02241,Pune,Rotterdam,Road,Electronics,11007,29.55,3220,40FT_HC,76.42,Peak,Carrier_A,9,180235
SHP02242,Ahmedabad,Dubai,Sea,Automotive Parts,12046,23.68,1722,20FT,114.66,Off_Peak,Carrier_D,8,65259
SHP02243,Mumbai,Shanghai,Sea,Textiles,1339,10.46,6333,LCL,80.64,Peak,Carrier_E,16,44395
SHP02244,Visakhapatnam,Jebel Ali,Air,Electronics,4620,23.65,6336,AIR_CARGO,89.52,Normal,Carrier_C,8,566023
SHP02245,Delhi,Rotterdam,Road,Automotive Parts,6893,19.39,7140,40FT,106.21,Off_Peak,Carrier_A,18,171818
SHP02246,Kolkata,Dubai,Sea,Food Products,10684,21.28,8904,40FT_HC,101.3,Off_Peak,Carrier_C,20,148647
SHP02247,Pune,New York,Sea,Pharmaceuticals,15474,35.45,13398,20FT,80.38,Off_Peak,Carrier_B,30,177244
SHP02248,Kolkata,Shanghai,Air,Furniture,1464,6.44,4827,AIR_CARGO,86.71,Off_Peak,Carrier_B,7,230787
SHP02249,Kolkata,London,Air,Furniture,1255,5.92,10969,AIR_CARGO,83.42,Normal,Carrier_C,12,485111
SHP02250,Hyderabad,Los Angeles,Air,Chemicals,3409,15.58,15614,AIR_CARGO,98.41,Peak,Carrier_C,16,1287501
SHP02251,Mumbai,London,Sea,Food Products,1457,7.97,9222,LCL,110.78,Peak,Carrier_D,21,78770
SHP02252,Pune,Antwerp,Road,Electronics,11555,35.78,8709,40FT_HC,100.27,Normal,Carrier_A,21,293102
SHP02253,Pune,Rotterdam,Sea,Food Products,5789,13.72,4662,LCL,82.44,Normal,Carrier_B,14,41895
SHP02254,Bengaluru,Antwerp,Air,Solar Panels,1901,7.87,3496,AIR_CARGO,76.84,Peak,Carrier_B,5,296284
SHP02255,Mumbai,Los Angeles,Road,Automotive Parts,2788,11.59,14392,40FT,86.18,Normal,Carrier_A,33,264715
SHP02256,Chennai,London,Air,General Cargo,240,1.13,10739,AIR_CARGO,90.38,Normal,Carrier_C,12,471842
SHP02257,Mumbai,London,Road,General Cargo,3548,12.27,9843,40FT_HC,82.43,Peak,Carrier_D,23,211238
SHP02258,Ahmedabad,New York,Sea,Machinery,17677,39.98,3343,40FT_HC,76.26,Off_Peak,Carrier_E,11,125208
SHP02259,Kolkata,Busan,Sea,Furniture,9100,27.73,9715,40FT_HC,103.32,Normal,Carrier_B,23,183772
SHP02260,Cochin,Jebel Ali,Air,Solar Panels,4487,23.22,3701,AIR_CARGO,77.62,Peak,Carrier_A,6,503398
SHP02261,Kolkata,Rotterdam,Road,General Cargo,4278,12.94,11563,40FT,113.57,Peak,Carrier_A,26,313542
SHP02262,Pune,Busan,Road,Automotive Parts,10790,34.74,4331,40FT,80.89,Normal,Carrier_D,12,151737
SHP02263,Cochin,Shanghai,Road,Automotive Parts,12912,38.06,5711,40FT_HC,86.21,Peak,Carrier_D,15,239172
SHP02264,Bengaluru,Singapore,Air,General Cargo,1981,10.84,3675,AIR_CARGO,101.22,Normal,Carrier_A,6,290120
SHP02265,Chennai,Antwerp,Sea,Automotive Parts,4725,19.2,5249,40FT_HC,84.68,Peak,Carrier_A,15,123936
SHP02266,Cochin,Colombo,Sea,Solar Panels,23932,52.97,4473,40FT_HC,82.18,Normal,Carrier_B,13,222648
SHP02267,Kolkata,New York,Road,Machinery,4889,16.98,14495,40FT_HC,114.5,Off_Peak,Carrier_B,32,294819
SHP02268,Bengaluru,Busan,Road,Food Products,5923,22.22,3322,40FT_HC,76.38,Normal,Carrier_D,10,95837
SHP02269,Kolkata,Rotterdam,Air,Automotive Parts,1338,6.59,12252,AIR_CARGO,90.55,Normal,Carrier_E,13,616483
SHP02270,Visakhapatnam,Los Angeles,Road,Pharmaceuticals,14208,39.96,9730,40FT_HC,105.58,Normal,Carrier_D,23,369469
SHP02271,Visakhapatnam,Singapore,Sea,Electronics,26371,48.82,8587,40FT_HC,99.05,Normal,Carrier_E,20,287305
SHP02272,Visakhapatnam,Los Angeles,Air,General Cargo,4877,22.55,9331,AIR_CARGO,102.35,Off_Peak,Carrier_C,11,600213
SHP02273,Bengaluru,Los Angeles,Road,Electronics,6114,19.91,15878,40FT,91.74,Normal,Carrier_D,35,338714
SHP02274,Kolkata,Antwerp,Air,Textiles,1601,6.61,7804,AIR_CARGO,95.27,Off_Peak,Carrier_B,9,373774
SHP02275,Chennai,London,Air,Automotive Parts,446,2.09,10665,AIR_CARGO,111,Off_Peak,Carrier_C,12,547228
SHP02276,Mumbai,Antwerp,Road,Pharmaceuticals,3039,14.89,3787,40FT_HC,78.93,Off_Peak,Carrier_C,10,93800
SHP02277,Pune,London,Road,Textiles,11360,32.27,9801,40FT_HC,103.85,Normal,Carrier_E,23,261278
SHP02278,Kolkata,Hamburg,Road,Furniture,4255,13.61,7243,LCL,93.08,Peak,Carrier_B,18,97113
SHP02279,Hyderabad,Singapore,Air,Pharmaceuticals,3543,19.47,3664,AIR_CARGO,95.85,Peak,Carrier_C,5,522827
SHP02280,Ahmedabad,Dubai,Sea,Textiles,16546,32.08,1840,40FT,86.5,Peak,Carrier_C,7,139548
SHP02281,Visakhapatnam,London,Road,Solar Panels,13850,38.47,4141,40FT_HC,80.47,Normal,Carrier_E,12,175599
SHP02282,Chennai,London,Air,Furniture,372,1.75,10679,AIR_CARGO,82.38,Off_Peak,Carrier_A,12,393764
SHP02283,Hyderabad,Rotterdam,Sea,Food Products,13267,27.17,10593,20FT,111.58,Normal,Carrier_D,24,152156
SHP02284,Hyderabad,Singapore,Air,Furniture,3129,17.07,3914,AIR_CARGO,75.77,Off_Peak,Carrier_A,6,274777
SHP02285,Visakhapatnam,Singapore,Road,Solar Panels,13516,34.17,5382,LCL,86.8,Peak,Carrier_B,14,125944
SHP02286,Bengaluru,Shanghai,Road,Electronics,5606,19.85,8633,20FT,100.66,Normal,Carrier_E,20,156979
SHP02287,Bengaluru,London,Road,Textiles,5329,16.86,10898,40FT_HC,96.03,Off_Peak,Carrier_B,25,203799
SHP02288,Mumbai,Colombo,Air,Automotive Parts,847,3.64,1627,AIR_CARGO,83.29,Normal,Carrier_B,4,114599
SHP02289,Cochin,Rotterdam,Road,Textiles,12522,33.62,9642,LCL,104.87,Off_Peak,Carrier_B,23,122764
SHP02290,Mumbai,Shanghai,Road,Pharmaceuticals,2303,11.67,6275,40FT_HC,87.86,Peak,Carrier_C,16,192336
SHP02291,Ahmedabad,Hamburg,Sea,General Cargo,16397,33.95,10222,40FT_HC,109.06,Normal,Carrier_E,24,224767
SHP02292,Hyderabad,New York,Road,Solar Panels,10389,30.68,3534,40FT_HC,77.87,Off_Peak,Carrier_D,10,127427
SHP02293,Visakhapatnam,Busan,Air,General Cargo,4745,19.06,7736,AIR_CARGO,96.38,Off_Peak,Carrier_B,9,497541
SHP02294,Mumbai,Shanghai,Air,Food Products,769,3.33,6547,AIR_CARGO,76.92,Off_Peak,Carrier_A,8,249765
SHP02295,Pune,London,Sea,Solar Panels,21447,44.95,9517,40FT,111.93,Peak,Carrier_C,23,322803
SHP02296,Pune,Rotterdam,Sea,Food Products,6055,14.16,7141,LCL,93.31,Normal,Carrier_A,19,60715
SHP02297,Hyderabad,Los Angeles,Sea,Furniture,20459,44.15,14790,40FT_HC,83.65,Off_Peak,Carrier_A,32,253446
SHP02298,Chennai,Singapore,Road,Food Products,1368,3.93,3401,LCL,88.33,Peak,Carrier_A,10,41311
SHP02299,Cochin,Jebel Ali,Air,Solar Panels,4500,22.93,11082,AIR_CARGO,113.04,Normal,Carrier_E,12,879434
SHP02300,Cochin,Colombo,Road,Furniture,12097,36.78,7730,40FT_HC,96.15,Peak,Carrier_C,19,279092
SHP02301,Chennai,Dubai,Sea,Food Products,2646,5.98,3646,20FT,113.18,Peak,Carrier_B,11,51557
SHP02302,Hyderabad,Shanghai,Air,Pharmaceuticals,3529,15.21,5232,AIR_CARGO,100.23,Off_Peak,Carrier_C,7,471276
SHP02303,Pune,Antwerp,Air,Furniture,3590,14.71,9595,AIR_CARGO,105.5,Off_Peak,Carrier_C,10,564526
SHP02304,Mumbai,Singapore,Sea,Furniture,7851,15.2,4219,40FT,75.28,Normal,Carrier_E,13,75870
SHP02305,Pune,Busan,Sea,General Cargo,22858,53.41,5971,40FT,88.69,Off_Peak,Carrier_D,15,176216
SHP02306,Delhi,Shanghai,Air,Chemicals,2550,11.12,4960,AIR_CARGO,75.45,Peak,Carrier_D,7,433103
SHP02307,Pune,Busan,Sea,Pharmaceuticals,20878,49.81,6271,40FT_HC,88.32,Normal,Carrier_A,16,275915
SHP02308,Delhi,Busan,Air,Furniture,2329,9.42,10883,AIR_CARGO,108.48,Peak,Carrier_C,12,797815
SHP02309,Visakhapatnam,Antwerp,Air,Furniture,4882,20.21,8682,AIR_CARGO,101.49,Normal,Carrier_B,10,641469
SHP02310,Delhi,Singapore,Air,Pharmaceuticals,2473,13.47,3963,AIR_CARGO,104.99,Normal,Carrier_C,6,417856
SHP02311,Chennai,Dubai,Road,Electronics,1133,3.72,3477,40FT_HC,85.82,Off_Peak,Carrier_C,11,62867
SHP02312,Hyderabad,New York,Air,Solar Panels,3373,14.93,7053,AIR_CARGO,94.01,Off_Peak,Carrier_D,8,475426
SHP02313,Cochin,London,Road,Pharmaceuticals,12743,35.81,8752,20FT,101.8,Off_Peak,Carrier_B,21,197821
SHP02314,Delhi,Singapore,Air,Solar Panels,2168,11.77,4099,AIR_CARGO,95.23,Peak,Carrier_B,6,387590
SHP02315,Cochin,Antwerp,Road,Solar Panels,12631,38.9,3794,40FT_HC,78.4,Normal,Carrier_B,11,172075
SHP02316,Mumbai,Singapore,Sea,Chemicals,1272,2.78,4422,LCL,78.37,Peak,Carrier_B,14,35500
SHP02317,Pune,London,Road,Furniture,11543,32.4,9657,LCL,109.88,Off_Peak,Carrier_E,22,122216
SHP02318,Mumbai,Busan,Air,Furniture,1100,4.48,9408,AIR_CARGO,105.34,Normal,Carrier_A,11,534114
SHP02319,Kolkata,Busan,Air,General Cargo,1184,4.81,9020,AIR_CARGO,102.73,Peak,Carrier_A,10,607472
SHP02320,Ahmedabad,Shanghai,Air,Furniture,2757,11.91,9720,AIR_CARGO,104.03,Peak,Carrier_D,11,719417
SHP02321,Cochin,New York,Road,Electronics,12535,36.2,6856,40FT_HC,92.81,Normal,Carrier_A,17,250360
SHP02322,Chennai,Antwerp,Air,Textiles,585,2.44,10288,AIR_CARGO,107.7,Peak,Carrier_E,12,621498
SHP02323,Mumbai,Los Angeles,Air,Machinery,712,3.23,14295,AIR_CARGO,81.76,Normal,Carrier_A,15,605411
SHP02324,Cochin,Hamburg,Air,Furniture,4284,20.87,11333,AIR_CARGO,111.26,Peak,Carrier_B,12,952034
SHP02325,Pune,Antwerp,Road,General Cargo,10800,34.19,3659,LCL,78,Normal,Carrier_C,11,71617
SHP02326,Pune,Jebel Ali,Road,Pharmaceuticals,11011,29.24,10343,40FT_HC,105.8,Off_Peak,Carrier_A,24,320991
SHP02327,Hyderabad,Singapore,Sea,Chemicals,13248,24.27,3779,20FT,90.65,Peak,Carrier_E,11,116476
SHP02328,Ahmedabad,Colombo,Road,Machinery,8410,27.44,2204,40FT_HC,75.62,Normal,Carrier_A,8,102900
SHP02329,Mumbai,Antwerp,Road,Food Products,3278,14.95,3736,40FT,77.76,Peak,Carrier_E,11,91190
SHP02330,Kolkata,Los Angeles,Air,Electronics,1550,7.11,7331,AIR_CARGO,93.45,Off_Peak,Carrier_A,8,423233
SHP02331,Cochin,Shanghai,Sea,Chemicals,17590,40.52,7460,20FT,94.17,Peak,Carrier_D,19,197756
SHP02332,Hyderabad,Dubai,Air,General Cargo,3350,17.54,2838,AIR_CARGO,88.13,Normal,Carrier_D,5,283682
SHP02333,Ahmedabad,Shanghai,Sea,General Cargo,17765,40.82,5185,40FT,84.28,Peak,Carrier_E,15,185404
SHP02334,Hyderabad,Dubai,Sea,Pharmaceuticals,19008,35.8,2851,40FT,100.31,Normal,Carrier_C,10,184816
SHP02335,Delhi,Shanghai,Air,Chemicals,2550,11.01,4862,AIR_CARGO,84.24,Off_Peak,Carrier_B,6,342689
SHP02336,Hyderabad,Los Angeles,Road,Chemicals,9230,27.69,15607,20FT,80.7,Peak,Carrier_B,35,307226
SHP02337,Visakhapatnam,Singapore,Road,Solar Panels,13782,34.82,4431,20FT,80.86,Peak,Carrier_A,12,156108
SHP02338,Delhi,Jebel Ali,Air,Automotive Parts,2543,13.16,4106,AIR_CARGO,79.78,Normal,Carrier_A,6,313524
SHP02339,Delhi,Hamburg,Air,Chemicals,2163,10.44,9546,AIR_CARGO,104.69,Peak,Carrier_B,10,844302
SHP02340,Hyderabad,Shanghai,Air,Textiles,3269,14.16,5303,AIR_CARGO,102.61,Off_Peak,Carrier_E,7,355185
SHP02341,Delhi,Antwerp,Sea,Pharmaceuticals,10606,30.1,3091,20FT,75.2,Normal,Carrier_E,11,90950
SHP02342,Cochin,Rotterdam,Air,Automotive Parts,4307,21.24,3236,AIR_CARGO,76.24,Peak,Carrier_E,5,403769
SHP02343,Ahmedabad,London,Sea,Food Products,16898,36.29,10261,40FT_HC,108.71,Normal,Carrier_D,24,234671
SHP02344,Hyderabad,Colombo,Air,Furniture,3522,14.98,8420,AIR_CARGO,97.57,Normal,Carrier_D,10,544631
SHP02345,Visakhapatnam,Busan,Air,Pharmaceuticals,4522,18.15,5547,AIR_CARGO,85.46,Normal,Carrier_A,8,582071
SHP02346,Chennai,Singapore,Air,Solar Panels,522,2.84,3390,AIR_CARGO,77.8,Normal,Carrier_A,6,175267
SHP02347,Visakhapatnam,Jebel Ali,Sea,General Cargo,7740,16.91,6189,LCL,90.43,Normal,Carrier_B,16,59298
SHP02348,Ahmedabad,New York,Air,Chemicals,2886,12.84,3004,AIR_CARGO,75.6,Peak,Carrier_A,5,366968
SHP02349,Pune,Antwerp,Air,Chemicals,3920,16.11,6546,AIR_CARGO,91.43,Normal,Carrier_A,8,600768
SHP02350,Bengaluru,Singapore,Road,General Cargo,5404,14.1,3779,40FT_HC,97.9,Peak,Carrier_D,10,126957
SHP02351,Cochin,Colombo,Road,General Cargo,12149,36.56,7542,40FT,94.28,Off_Peak,Carrier_D,19,179578
SHP02352,Chennai,Shanghai,Sea,Chemicals,4040,15.71,5766,40FT,108.58,Normal,Carrier_D,16,120517
SHP02353,Kolkata,Los Angeles,Sea,Furniture,5844,17.39,7656,20FT,95.61,Normal,Carrier_A,19,89403
SHP02354,Kolkata,Shanghai,Road,Chemicals,3852,15.27,4453,40FT_HC,103.88,Peak,Carrier_A,12,176806
SHP02355,Delhi,Busan,Sea,Furniture,15988,40.76,11571,40FT,114.26,Off_Peak,Carrier_D,27,213038
SHP02356,Visakhapatnam,Shanghai,Road,General Cargo,14766,42.28,11613,20FT,114.69,Normal,Carrier_A,26,253946
SHP02357,Cochin,Busan,Road,Machinery,13322,40.99,8330,40FT,98.69,Peak,Carrier_B,20,283494
SHP02358,Chennai,New York,Sea,Automotive Parts,777,9.27,13622,LCL,82.85,Peak,Carrier_D,30,91504
SHP02359,Pune,Hamburg,Sea,Pharmaceuticals,5945,15.63,10499,LCL,96.23,Off_Peak,Carrier_C,25,90506
SHP02360,Cochin,London,Road,Pharmaceuticals,13133,36.77,7192,40FT_HC,95.15,Off_Peak,Carrier_C,18,252006
SHP02361,Mumbai,Rotterdam,Road,Textiles,2829,9.33,10054,LCL,88.12,Normal,Carrier_E,23,90255
SHP02362,Kolkata,Antwerp,Road,Chemicals,4954,19.18,5359,40FT,86.72,Normal,Carrier_C,13,143823
SHP02363,Hyderabad,Rotterdam,Sea,Chemicals,5587,13.42,10398,LCL,99.64,Off_Peak,Carrier_B,23,84167
SHP02364,Pune,Hamburg,Air,General Cargo,3821,18.39,10387,AIR_CARGO,86.74,Peak,Carrier_D,11,728474
SHP02365,Visakhapatnam,Busan,Road,Automotive Parts,14077,42.83,10206,LCL,107.08,Normal,Carrier_A,23,180896
SHP02366,Mumbai,Rotterdam,Road,Solar Panels,2766,9.12,9633,40FT_HC,93.12,Normal,Carrier_D,23,209480
SHP02367,Chennai,Busan,Air,General Cargo,552,2.24,4774,AIR_CARGO,83.56,Off_Peak,Carrier_D,6,191689
SHP02368,Pune,London,Sea,Food Products,21909,45.08,9080,40FT,88.15,Normal,Carrier_D,21,216609
SHP02369,Visakhapatnam,Busan,Sea,Pharmaceuticals,7309,25.21,7884,LCL,95.5,Off_Peak,Carrier_D,20,84772
SHP02370,Chennai,Colombo,Air,Machinery,479,2.02,1000,AIR_CARGO,101.16,Normal,Carrier_E,3,67255
SHP02371,Hyderabad,Los Angeles,Air,Pharmaceuticals,3178,14.42,15942,AIR_CARGO,84.39,Peak,Carrier_E,16,1171771
SHP02372,Kolkata,Dubai,Road,Electronics,4551,12.37,9664,40FT_HC,103.91,Normal,Carrier_A,22,259043
SHP02373,Cochin,Shanghai,Sea,Automotive Parts,17982,41.59,5587,20FT,87.57,Off_Peak,Carrier_D,16,114713
SHP02374,Pune,Dubai,Air,Electronics,3602,19.31,2090,AIR_CARGO,85.3,Normal,Carrier_A,4,321400
SHP02375,Chennai,Shanghai,Air,Food Products,468,2.06,5739,AIR_CARGO,91.71,Off_Peak,Carrier_B,7,242335
SHP02376,Mumbai,Rotterdam,Road,Pharmaceuticals,2775,9.22,9404,40FT_HC,90.27,Peak,Carrier_B,23,273463
SHP02377,Mumbai,Dubai,Sea,Electronics,7796,16.09,1895,40FT_HC,77.12,Peak,Carrier_E,8,87818
SHP02378,Kolkata,Hamburg,Air,Food Products,1299,6.21,4226,AIR_CARGO,79.8,Off_Peak,Carrier_C,6,194218
SHP02379,Mumbai,Los Angeles,Air,Machinery,929,4.22,15015,AIR_CARGO,103.66,Normal,Carrier_A,15,813291
SHP02380,Mumbai,London,Sea,Machinery,1369,8.2,8954,LCL,90.6,Peak,Carrier_D,22,64540
SHP02381,Pune,Antwerp,Sea,Electronics,23007,52.03,10994,40FT,112.98,Normal,Carrier_D,26,319149
SHP02382,Cochin,Colombo,Sea,Solar Panels,23611,52.18,9073,40FT_HC,103.4,Off_Peak,Carrier_B,22,259665
SHP02383,Kolkata,Hamburg,Sea,Food Products,10171,23.03,3618,40FT,77.97,Off_Peak,Carrier_C,11,83171
SHP02384,Visakhapatnam,Jebel Ali,Air,Chemicals,4995,25.91,10395,AIR_CARGO,105.87,Off_Peak,Carrier_C,11,812225
SHP02385,Mumbai,Singapore,Air,Furniture,918,4.95,4171,AIR_CARGO,99.75,Normal,Carrier_A,6,248057
SHP02386,Visakhapatnam,Colombo,Road,General Cargo,14051,41.6,8319,40FT,100.53,Peak,Carrier_C,21,285606
SHP02387,Bengaluru,Rotterdam,Road,Electronics,6136,17.48,10817,LCL,113.79,Normal,Carrier_C,25,156583
SHP02388,Bengaluru,Los Angeles,Sea,Chemicals,12193,28.45,16654,40FT_HC,101.38,Off_Peak,Carrier_E,35,276740
SHP02389,Pune,Colombo,Air,Machinery,3711,15.74,8303,AIR_CARGO,98.23,Normal,Carrier_B,10,561741
SHP02390,Mumbai,New York,Sea,Automotive Parts,7821,22.02,12797,40FT_HC,87.96,Peak,Carrier_D,28,240138
SHP02391,Bengaluru,Busan,Road,Electronics,5374,20.95,3017,40FT,75.31,Peak,Carrier_A,10,118130
SHP02392,Visakhapatnam,Singapore,Air,Machinery,4728,26.13,5427,AIR_CARGO,85.46,Peak,Carrier_C,7,541435
SHP02393,Kolkata,Dubai,Road,General Cargo,4771,12.97,3784,LCL,77.84,Normal,Carrier_C,10,45599
SHP02394,Pune,Rotterdam,Sea,Food Products,21928,43.78,8415,40FT,98.62,Normal,Carrier_A,20,230024
SHP02395,Chennai,Dubai,Road,Automotive Parts,2132,6.23,3504,LCL,92.45,Normal,Carrier_D,10,40950
SHP02396,Pune,Hamburg,Road,Pharmaceuticals,11314,31,10703,40FT,109.67,Peak,Carrier_A,25,441993
SHP02397,Delhi,New York,Sea,Electronics,15486,35.88,11384,40FT,105.77,Peak,Carrier_C,25,312155
SHP02398,Cochin,London,Sea,Food Products,23730,48.26,4084,40FT_HC,79.78,Normal,Carrier_B,12,188140
SHP02399,Delhi,Jebel Ali,Air,Furniture,2260,11.62,5448,AIR_CARGO,85.75,Normal,Carrier_A,7,346217
SHP02400,Mumbai,Rotterdam,Road,Food Products,2946,9.91,9630,40FT,113.2,Normal,Carrier_B,23,208479
SHP02401,Hyderabad,Los Angeles,Road,Chemicals,9244,27.72,15631,LCL,104.62,Normal,Carrier_E,35,221526
SHP02402,Delhi,Shanghai,Air,Machinery,2169,9.5,4798,AIR_CARGO,94.71,Normal,Carrier_E,7,310219
SHP02403,Ahmedabad,Rotterdam,Air,Pharmaceuticals,2706,13.33,9533,AIR_CARGO,92.26,Normal,Carrier_E,10,670952
SHP02404,Pune,Colombo,Air,Textiles,3678,15.56,3341,AIR_CARGO,76.04,Peak,Carrier_C,5,351125
SHP02405,Pune,Hamburg,Sea,General Cargo,21244,43.6,10202,40FT_HC,97.15,Off_Peak,Carrier_C,23,222966
SHP02406,Visakhapatnam,Dubai,Sea,Chemicals,27837,52.53,8993,40FT_HC,103.68,Normal,Carrier_D,21,340787
SHP02407,Visakhapatnam,London,Sea,Pharmaceuticals,26021,52.55,10283,40FT_HC,109.6,Normal,Carrier_E,25,364863
SHP02408,Bengaluru,Rotterdam,Sea,Machinery,12100,25.74,11387,40FT,89.01,Off_Peak,Carrier_E,25,150675
SHP02409,Chennai,Shanghai,Road,Machinery,961,8.29,5649,20FT,109.22,Normal,Carrier_D,14,87425
SHP02410,Delhi,Dubai,Sea,Textiles,10888,20.89,2212,20FT,77.36,Peak,Carrier_B,9,72877
SHP02411,Hyderabad,Antwerp,Air,Machinery,3398,14.21,4131,AIR_CARGO,80.08,Normal,Carrier_C,6,310361
SHP02412,Cochin,Rotterdam,Road,General Cargo,12514,33.66,11518,40FT,113.07,Peak,Carrier_B,26,370754
SHP02413,Kolkata,Hamburg,Air,Chemicals,1266,6.22,7998,AIR_CARGO,95.92,Normal,Carrier_A,10,542582
SHP02414,Mumbai,Shanghai,Road,Automotive Parts,2296,11.71,6479,LCL,98.29,Normal,Carrier_E,16,74924
SHP02415,Hyderabad,Busan,Air,Machinery,3527,14.28,7932,AIR_CARGO,98.54,Peak,Carrier_D,9,639296
SHP02416,Kolkata,Hamburg,Sea,Machinery,8901,20.81,4019,40FT,80.16,Peak,Carrier_A,12,111686
SHP02417,Mumbai,Jebel Ali,Sea,Machinery,1458,5.03,2007,LCL,78.92,Peak,Carrier_B,9,18014
SHP02418,Delhi,Busan,Air,Food Products,2184,8.84,10804,AIR_CARGO,110.31,Off_Peak,Carrier_D,12,576279
SHP02419,Hyderabad,Rotterdam,Road,Machinery,10557,28.51,10391,LCL,106.25,Normal,Carrier_D,24,144217
SHP02420,Hyderabad,Shanghai,Road,Electronics,10041,30.93,5626,40FT,79.41,Off_Peak,Carrier_A,15,159412
SHP02421,Delhi,Hamburg,Air,Solar Panels,2196,10.77,3582,AIR_CARGO,77.15,Normal,Carrier_A,5,275115
SHP02422,Chennai,Dubai,Sea,Automotive Parts,3393,7.64,3519,20FT,96.32,Normal,Carrier_C,12,45521
SHP02423,Chennai,Hamburg,Sea,Automotive Parts,4075,11.92,10818,40FT_HC,97.31,Normal,Carrier_E,25,151105
SHP02424,Pune,Dubai,Sea,Pharmaceuticals,23156,43.76,2093,40FT_HC,94.57,Peak,Carrier_C,9,259435
SHP02425,Ahmedabad,Singapore,Road,Machinery,7868,19.86,8528,40FT,100.67,Normal,Carrier_D,21,195121
SHP02426,Hyderabad,Antwerp,Road,Machinery,9455,30.89,6511,40FT_HC,90.27,Peak,Carrier_C,16,219728
SHP02427,Bengaluru,Rotterdam,Road,Food Products,6256,18.18,11237,40FT_HC,95.69,Peak,Carrier_A,26,302094
SHP02428,Ahmedabad,Los Angeles,Air,Furniture,2968,13.51,5642,AIR_CARGO,86.07,Off_Peak,Carrier_D,7,329386
SHP02429,Delhi,Antwerp,Air,Chemicals,2293,9.43,9226,AIR_CARGO,101.58,Peak,Carrier_C,10,816387
SHP02430,Ahmedabad,Colombo,Road,Textiles,8339,26.85,2078,40FT,99.1,Normal,Carrier_D,8,98615
SHP02431,Kolkata,Shanghai,Sea,Automotive Parts,2556,13.64,4812,LCL,76.94,Peak,Carrier_C,14,45930
SHP02432,Bengaluru,Rotterdam,Road,General Cargo,5562,16.09,11210,40FT_HC,109.95,Off_Peak,Carrier_D,26,228658
SHP02433,Chennai,London,Road,Solar Panels,1583,7.41,10199,40FT_HC,103.96,Peak,Carrier_A,24,285269
SHP02434,Hyderabad,Dubai,Air,Electronics,3511,18.66,2634,AIR_CARGO,89.74,Off_Peak,Carrier_B,5,291332
SHP02435,Chennai,Dubai,Road,Solar Panels,1744,5.58,3393,LCL,90.13,Normal,Carrier_B,11,40322
SHP02436,Cochin,Colombo,Sea,Electronics,23686,52.74,10184,40FT,105.75,Normal,Carrier_E,23,291735
SHP02437,Cochin,Jebel Ali,Road,Furniture,12886,33.74,4685,40FT_HC,82.09,Off_Peak,Carrier_A,12,152167
SHP02438,Ahmedabad,Colombo,Sea,Solar Panels,16084,38.58,2061,40FT_HC,78.65,Normal,Carrier_E,9,140242
SHP02439,Mumbai,Los Angeles,Sea,Pharmaceuticals,6739,18.52,14104,40FT_HC,108.78,Off_Peak,Carrier_D,30,242845
SHP02440,Pune,New York,Sea,Food Products,6335,18.88,13919,LCL,106.68,Normal,Carrier_C,30,107472
SHP02441,Visakhapatnam,Colombo,Sea,Pharmaceuticals,27085,58.68,4758,40FT,82.42,Off_Peak,Carrier_C,13,232700
SHP02442,Mumbai,Antwerp,Sea,General Cargo,8698,26.52,10676,40FT,107.48,Normal,Carrier_B,25,179856
SHP02443,Cochin,New York,Sea,Automotive Parts,17171,38.36,4972,20FT,84.25,Peak,Carrier_D,14,144661
SHP02444,Mumbai,Busan,Road,Solar Panels,2771,14.57,7777,20FT,96.75,Off_Peak,Carrier_B,19,111637
SHP02445,Ahmedabad,Hamburg,Road,General Cargo,7806,22.28,10520,LCL,106.81,Normal,Carrier_B,25,136367
SHP02446,Chennai,Antwerp,Sea,General Cargo,1088,12.37,4797,LCL,83.13,Peak,Carrier_B,13,38945
SHP02447,Visakhapatnam,Colombo,Sea,General Cargo,7469,22.78,8854,LCL,99.47,Normal,Carrier_D,21,80575
SHP02448,Pune,New York,Sea,General Cargo,22061,47.49,13171,40FT_HC,109.37,Normal,Carrier_B,30,311078
SHP02449,Kolkata,Jebel Ali,Road,Electronics,4912,13.98,6372,40FT_HC,88.68,Peak,Carrier_A,16,203147
SHP02450,Mumbai,London,Road,Automotive Parts,2367,9.71,8976,40FT_HC,87.54,Off_Peak,Carrier_E,21,147327
SHP02451,Mumbai,Dubai,Air,Furniture,833,4.35,2008,AIR_CARGO,105.2,Off_Peak,Carrier_C,4,125417
SHP02452,Pune,Busan,Air,Furniture,3651,14.71,3255,AIR_CARGO,76.72,Normal,Carrier_B,6,286537
SHP02453,Kolkata,Rotterdam,Road,Pharmaceuticals,4386,13.53,11350,40FT_HC,89.25,Peak,Carrier_A,26,350966
SHP02454,Bengaluru,Antwerp,Air,Pharmaceuticals,1854,7.65,6889,AIR_CARGO,91.77,Off_Peak,Carrier_A,8,451086
SHP02455,Mumbai,Singapore,Sea,Food Products,5078,9.35,4220,20FT,106.76,Peak,Carrier_C,12,68314
SHP02456,Hyderabad,London,Sea,Solar Panels,18750,40.01,5498,40FT,86.83,Peak,Carrier_E,16,210644
SHP02457,Ahmedabad,Singapore,Air,Solar Panels,2607,14.24,8417,AIR_CARGO,98.38,Normal,Carrier_D,10,578403
SHP02458,Delhi,Hamburg,Air,Pharmaceuticals,2518,12.07,9047,AIR_CARGO,103.87,Normal,Carrier_A,11,742222
SHP02459,Chennai,Shanghai,Road,General Cargo,1773,10.28,5770,40FT_HC,81.64,Peak,Carrier_E,15,120651
SHP02460,Delhi,Antwerp,Sea,Solar Panels,10195,29.05,11013,20FT,112.31,Off_Peak,Carrier_B,25,146527
SHP02461,Mumbai,Dubai,Sea,Pharmaceuticals,7462,15.36,1877,40FT_HC,77.18,Peak,Carrier_B,8,101125
SHP02462,Chennai,Singapore,Air,Furniture,367,2.02,3423,AIR_CARGO,108.52,Normal,Carrier_E,5,185991
SHP02463,Chennai,Dubai,Sea,Food Products,952,3.25,3656,LCL,113.63,Off_Peak,Carrier_B,12,23935
SHP02464,Bengaluru,Los Angeles,Road,Chemicals,6106,19.83,16436,LCL,113.99,Off_Peak,Carrier_B,37,215770
SHP02465,Visakhapatnam,Rotterdam,Road,Solar Panels,14047,37.5,4580,40FT,81.94,Off_Peak,Carrier_A,12,164849
SHP02466,Pune,New York,Air,General Cargo,3749,16.84,12977,AIR_CARGO,89.1,Normal,Carrier_E,13,687810
SHP02467,Ahmedabad,New York,Road,Automotive Parts,9171,28.11,3641,40FT_HC,77.28,Off_Peak,Carrier_D,11,118130
SHP02468,Hyderabad,London,Sea,Electronics,5449,15.14,10201,LCL,107.32,Peak,Carrier_A,24,117111
SHP02469,Mumbai,Jebel Ali,Sea,General Cargo,4674,11.38,1976,20FT,101.92,Peak,Carrier_C,9,46157
SHP02470,Hyderabad,Colombo,Sea,Automotive Parts,19303,44.92,7975,40FT,96.81,Off_Peak,Carrier_C,19,195508
SHP02471,Cochin,Singapore,Air,Machinery,4507,24.96,4967,AIR_CARGO,82.77,Off_Peak,Carrier_D,7,377410
SHP02472,Bengaluru,Busan,Air,General Cargo,1924,7.85,7707,AIR_CARGO,95.02,Normal,Carrier_E,9,421949
SHP02473,Kolkata,Busan,Air,Automotive Parts,1491,6.1,3766,AIR_CARGO,78.17,Off_Peak,Carrier_E,5,191615
SHP02474,Kolkata,Antwerp,Road,Furniture,4500,17.95,4797,20FT,82.52,Off_Peak,Carrier_E,12,64397
SHP02475,Mumbai,Singapore,Air,General Cargo,1054,5.8,4176,AIR_CARGO,105.55,Normal,Carrier_C,6,261390
SHP02476,Kolkata,Hamburg,Air,Pharmaceuticals,1397,6.82,10643,AIR_CARGO,108.17,Peak,Carrier_A,11,984157
SHP02477,Bengaluru,Colombo,Air,Machinery,1704,7.16,7140,AIR_CARGO,91.94,Normal,Carrier_A,9,409748
SHP02478,Kolkata,Singapore,Road,Textiles,3940,10.17,2572,40FT_HC,112.32,Normal,Carrier_D,8,82200
SHP02479,Chennai,London,Road,Machinery,991,6.02,10995,LCL,109.05,Normal,Carrier_D,25,117217
SHP02480,Delhi,New York,Air,General Cargo,2462,10.98,11960,AIR_CARGO,80.95,Normal,Carrier_B,13,580743
SHP02481,Visakhapatnam,Hamburg,Road,Pharmaceuticals,13516,36.58,8859,40FT,102.19,Peak,Carrier_B,21,370531
SHP02482,Delhi,Colombo,Air,Pharmaceuticals,2457,10.56,4911,AIR_CARGO,82.46,Normal,Carrier_D,6,398424
SHP02483,Kolkata,Rotterdam,Air,Food Products,1593,7.91,11919,AIR_CARGO,77.01,Peak,Carrier_D,13,601533
SHP02484,Mumbai,Dubai,Air,Furniture,843,4.53,1950,AIR_CARGO,110.72,Peak,Carrier_D,4,172134
SHP02485,Ahmedabad,Singapore,Air,Machinery,2578,14.25,6478,AIR_CARGO,90.02,Off_Peak,Carrier_B,8,351064
SHP02486,Kolkata,Colombo,Air,Automotive Parts,1182,5.05,2136,AIR_CARGO,81.57,Normal,Carrier_A,5,156579
SHP02487,Kolkata,Rotterdam,Road,Solar Panels,4866,14.68,11697,20FT,80.29,Normal,Carrier_B,27,162359
SHP02488,Mumbai,Shanghai,Sea,Food Products,8594,24.2,6135,40FT_HC,82.53,Off_Peak,Carrier_B,17,104671
SHP02489,Visakhapatnam,London,Sea,General Cargo,26875,53.96,9230,40FT_HC,103.53,Normal,Carrier_E,21,271725
SHP02490,Visakhapatnam,Shanghai,Air,General Cargo,4671,20.48,7735,AIR_CARGO,94.79,Off_Peak,Carrier_C,9,491096
SHP02491,Hyderabad,Jebel Ali,Road,Textiles,10427,27.42,2606,20FT,89.06,Off_Peak,Carrier_C,9,71309
SHP02492,Cochin,New York,Road,Food Products,12218,35.81,5563,40FT_HC,87.32,Off_Peak,Carrier_D,14,158347
SHP02493,Visakhapatnam,Los Angeles,Air,Pharmaceuticals,4642,21.03,4073,AIR_CARGO,79.74,Off_Peak,Carrier_C,6,426394
SHP02494,Kolkata,Los Angeles,Air,Machinery,1589,7.3,9526,AIR_CARGO,102.16,Off_Peak,Carrier_E,11,456527
SHP02495,Visakhapatnam,Colombo,Road,Automotive Parts,14488,42.33,3830,20FT,78.37,Peak,Carrier_D,11,147276
SHP02496,Bengaluru,London,Road,Furniture,5010,16.11,10123,LCL,102.81,Peak,Carrier_A,23,145748
SHP02497,Mumbai,Rotterdam,Sea,Furniture,7313,17.25,10036,40FT_HC,75.31,Peak,Carrier_E,22,151113
SHP02498,Pune,Rotterdam,Air,Solar Panels,3972,19.83,8729,AIR_CARGO,101.72,Peak,Carrier_D,10,838602
SHP02499,Cochin,Busan,Sea,Furniture,24855,56.27,7344,40FT_HC,93.63,Normal,Carrier_C,17,247032
SHP02500,Bengaluru,Dubai,Sea,Electronics,12172,23.87,3186,40FT_HC,94.96,Off_Peak,Carrier_D,11,115546
SHP02501,Hyderabad,Busan,Air,Furniture,3424,13.95,4771,AIR_CARGO,82.64,Off_Peak,Carrier_A,7,321478
SHP02502,Mumbai,Busan,Sea,Pharmaceuticals,6401,23.33,6897,40FT,91.38,Normal,Carrier_A,17,151169
SHP02503,Delhi,Hamburg,Sea,Machinery,15759,33.22,8181,40FT_HC,97.4,Normal,Carrier_E,21,184118
SHP02504,Delhi,Colombo,Air,Furniture,2308,9.69,10587,AIR_CARGO,110.04,Peak,Carrier_D,11,796811
SHP02505,Bengaluru,Jebel Ali,Sea,Textiles,13509,26.75,9034,40FT_HC,101.91,Normal,Carrier_D,21,187214
SHP02506,Bengaluru,Hamburg,Air,Automotive Parts,2068,10.01,11535,AIR_CARGO,114.84,Off_Peak,Carrier_D,13,677902
SHP02507,Delhi,Shanghai,Sea,Textiles,3865,15.29,4921,LCL,82.99,Off_Peak,Carrier_C,14,36670
SHP02508,Mumbai,Jebel Ali,Air,Chemicals,766,3.93,1904,AIR_CARGO,101.12,Peak,Carrier_A,4,195875
SHP02509,Chennai,Rotterdam,Air,Solar Panels,575,2.85,10706,AIR_CARGO,79.19,Peak,Carrier_A,12,594025
SHP02510,Ahmedabad,Jebel Ali,Sea,Food Products,4757,11.39,10622,LCL,109.78,Peak,Carrier_A,24,105435
SHP02511,Delhi,Dubai,Air,Machinery,2398,12.86,2139,AIR_CARGO,90.15,Off_Peak,Carrier_B,4,183328
SHP02512,Bengaluru,London,Sea,Machinery,12403,28.01,11102,40FT_HC,103.27,Normal,Carrier_E,26,203895
SHP02513,Ahmedabad,Antwerp,Air,Textiles,2769,11.48,11269,AIR_CARGO,111.38,Peak,Carrier_D,12,849193
SHP02514,Chennai,Jebel Ali,Sea,Furniture,887,3.74,3353,LCL,79.39,Normal,Carrier_A,10,20283
SHP02515,Pune,Los Angeles,Air,Electronics,3549,16.1,7472,AIR_CARGO,95.89,Normal,Carrier_D,8,591403
SHP02516,Cochin,Colombo,Road,Textiles,12650,37.65,5694,LCL,87.15,Off_Peak,Carrier_B,15,86484
SHP02517,Cochin,Busan,Air,Machinery,4513,18.2,11002,AIR_CARGO,110.87,Normal,Carrier_D,12,778747
SHP02518,Pune,Rotterdam,Road,General Cargo,11458,31.28,9674,40FT_HC,105.94,Peak,Carrier_A,22,342340
SHP02519,Hyderabad,Hamburg,Air,Pharmaceuticals,3531,16.98,7640,AIR_CARGO,94.77,Off_Peak,Carrier_E,9,559643
SHP02520,Visakhapatnam,Antwerp,Sea,General Cargo,7837,24.87,8378,LCL,99.72,Off_Peak,Carrier_B,20,69145
SHP02521,Visakhapatnam,Hamburg,Air,Automotive Parts,4780,23.03,9030,AIR_CARGO,103.81,Peak,Carrier_B,10,859896
SHP02522,Pune,Los Angeles,Air,Textiles,3580,16.21,3927,AIR_CARGO,79.64,Off_Peak,Carrier_B,6,286065
SHP02523,Cochin,Shanghai,Sea,Food Products,24952,53.48,5820,40FT_HC,88.07,Normal,Carrier_D,15,220784
SHP02524,Ahmedabad,Colombo,Road,Pharmaceuticals,8843,28.65,2148,LCL,104.32,Normal,Carrier_D,7,74367
SHP02525,Hyderabad,Dubai,Sea,Chemicals,18835,36.05,2787,40FT_HC,96.14,Off_Peak,Carrier_E,10,156821
SHP02526,Ahmedabad,Singapore,Sea,Furniture,12001,21.86,7111,20FT,93.14,Peak,Carrier_E,18,118496
SHP02527,Pune,Dubai,Air,Automotive Parts,3560,18.93,2008,AIR_CARGO,96.34,Off_Peak,Carrier_E,5,251778
SHP02528,Hyderabad,Los Angeles,Sea,General Cargo,19860,43.1,15016,40FT_HC,82.91,Normal,Carrier_C,32,268539
SHP02529,Ahmedabad,Jebel Ali,Air,Chemicals,2693,13.66,5335,AIR_CARGO,84.6,Off_Peak,Carrier_A,8,392479
SHP02530,Pune,Los Angeles,Air,Pharmaceuticals,3885,17.73,3884,AIR_CARGO,78.25,Off_Peak,Carrier_E,6,358195
SHP02531,Hyderabad,Dubai,Sea,Solar Panels,18590,35.41,2792,40FT_HC,108.09,Off_Peak,Carrier_B,11,150287
SHP02532,Mumbai,Hamburg,Road,Automotive Parts,3207,11.23,10362,40FT_HC,86.69,Normal,Carrier_C,23,200557
SHP02533,Cochin,Jebel Ali,Air,Furniture,4258,22.11,11387,AIR_CARGO,113.92,Normal,Carrier_E,12,795571
SHP02534,Bengaluru,New York,Road,Electronics,5557,18.95,15113,40FT_HC,87.6,Normal,Carrier_A,34,343213
SHP02535,Visakhapatnam,London,Air,Solar Panels,4863,23.23,7898,AIR_CARGO,97.56,Normal,Carrier_E,9,642943
SHP02536,Visakhapatnam,Hamburg,Road,Machinery,14293,38.59,11769,40FT_HC,114.58,Peak,Carrier_E,27,396272
SHP02537,Delhi,Dubai,Air,Pharmaceuticals,2340,12.52,2135,AIR_CARGO,79.29,Off_Peak,Carrier_A,4,229336
SHP02538,Visakhapatnam,Singapore,Air,Electronics,4885,26.82,6494,AIR_CARGO,91.85,Normal,Carrier_B,8,605253
SHP02539,Pune,Dubai,Air,General Cargo,3570,19.2,2052,AIR_CARGO,102.42,Peak,Carrier_B,4,338380
SHP02540,Kolkata,Jebel Ali,Air,Furniture,1248,6.46,11741,AIR_CARGO,113.93,Off_Peak,Carrier_A,13,627855
SHP02541,Ahmedabad,Busan,Road,Furniture,8027,27.86,5245,LCL,84.4,Off_Peak,Carrier_B,14,65500
SHP02542,Bengaluru,Dubai,Sea,Furniture,12833,25.21,3096,40FT_HC,93.3,Peak,Carrier_B,10,137173
SHP02543,Kolkata,Shanghai,Road,Electronics,4597,17.31,4799,40FT_HC,83.2,Off_Peak,Carrier_D,13,114905
SHP02544,Visakhapatnam,Singapore,Road,Machinery,14400,36.48,4917,20FT,84.02,Peak,Carrier_B,13,148576
SHP02545,Mumbai,Dubai,Air,Machinery,897,4.79,1834,AIR_CARGO,83.46,Off_Peak,Carrier_B,4,105143
SHP02546,Mumbai,Rotterdam,Sea,Pharmaceuticals,5412,12.94,9840,20FT,81.57,Normal,Carrier_A,23,115278
SHP02547,Cochin,Hamburg,Road,Solar Panels,13026,35.25,4128,40FT,79.62,Peak,Carrier_B,11,193714
SHP02548,Delhi,Dubai,Road,Machinery,6845,18.43,2233,20FT,102.97,Off_Peak,Carrier_B,8,56615
SHP02549,Visakhapatnam,Busan,Road,Electronics,13545,41.41,11219,40FT,111.43,Peak,Carrier_C,26,423742
SHP02550,Delhi,Dubai,Road,Machinery,7426,19.66,2213,40FT_HC,111.49,Off_Peak,Carrier_A,8,89049
SHP02551,Pune,Busan,Sea,Solar Panels,21294,50.47,10190,40FT,108.37,Peak,Carrier_B,24,340170
SHP02552,Hyderabad,Hamburg,Road,Textiles,10271,28.51,10908,LCL,108.95,Peak,Carrier_C,25,178587
SHP02553,Ahmedabad,Antwerp,Sea,Electronics,11656,32.19,4047,20FT,79.06,Normal,Carrier_C,12,95451
SHP02554,Ahmedabad,Antwerp,Sea,Automotive Parts,17349,41.58,4401,40FT,82.16,Normal,Carrier_B,14,162885
SHP02555,Visakhapatnam,Colombo,Air,Food Products,4610,19.65,7682,AIR_CARGO,95.07,Peak,Carrier_B,9,682817
SHP02556,Cochin,Antwerp,Air,Chemicals,4515,18.83,9027,AIR_CARGO,100,Peak,Carrier_A,11,977551
SHP02557,Chennai,Colombo,Sea,Pharmaceuticals,4436,17.59,977,40FT_HC,103.68,Peak,Carrier_D,7,77753
SHP02558,Delhi,Singapore,Air,Chemicals,2345,12.72,4189,AIR_CARGO,78.78,Peak,Carrier_A,6,420016
SHP02559,Hyderabad,Hamburg,Sea,Automotive Parts,5379,14.72,8037,LCL,96.98,Normal,Carrier_C,19,69732
SHP02560,Pune,London,Air,Machinery,4014,18.77,9502,AIR_CARGO,86.44,Off_Peak,Carrier_D,11,521674
SHP02561,Bengaluru,Antwerp,Air,Pharmaceuticals,1626,6.72,5542,AIR_CARGO,85.37,Peak,Carrier_E,7,443764
SHP02562,Bengaluru,Colombo,Sea,Electronics,8943,25.42,9150,20FT,102.45,Peak,Carrier_A,21,165985
SHP02563,Chennai,New York,Sea,Chemicals,1107,9.45,14457,LCL,110.64,Off_Peak,Carrier_C,30,107949
SHP02564,Chennai,Singapore,Sea,Textiles,5056,9.6,3240,40FT,88.61,Peak,Carrier_C,11,70559
SHP02565,Pune,Jebel Ali,Air,Solar Panels,3868,19.66,10840,AIR_CARGO,110.16,Normal,Carrier_A,12,867622
SHP02566,Visakhapatnam,Hamburg,Road,Electronics,14623,39.7,7298,20FT,95.39,Off_Peak,Carrier_C,17,162845
SHP02567,Mumbai,Los Angeles,Road,General Cargo,2844,11.52,15158,40FT_HC,89.93,Peak,Carrier_A,33,341748
SHP02568,Bengaluru,Antwerp,Sea,Chemicals,11825,31.92,5101,40FT,84.79,Off_Peak,Carrier_E,14,131296
SHP02569,Pune,Rotterdam,Road,Food Products,11593,31.26,10175,LCL,105.4,Normal,Carrier_E,24,140121
SHP02570,Cochin,Dubai,Road,General Cargo,12039,31.2,11147,40FT,111.4,Normal,Carrier_B,26,289967
SHP02571,Hyderabad,Antwerp,Sea,Electronics,5247,20.46,10890,LCL,107.76,Peak,Carrier_C,24,124708
SHP02572,Mumbai,Shanghai,Air,Electronics,942,4.14,6667,AIR_CARGO,103.98,Peak,Carrier_C,9,506908
SHP02573,Chennai,Singapore,Air,Electronics,274,1.49,3277,AIR_CARGO,114.87,Off_Peak,Carrier_A,5,199546
SHP02574,Kolkata,Hamburg,Sea,Electronics,9069,20.77,5286,40FT_HC,85.83,Peak,Carrier_D,14,152350
SHP02575,Chennai,Busan,Road,Machinery,1587,11.88,7082,40FT_HC,92.84,Off_Peak,Carrier_B,17,124638
SHP02576,Kolkata,Dubai,Road,Machinery,4758,12.68,8801,LCL,100.51,Normal,Carrier_A,21,104251
SHP02577,Mumbai,Rotterdam,Air,Electronics,778,3.92,9756,AIR_CARGO,111.62,Peak,Carrier_E,10,728116
SHP02578,Delhi,Hamburg,Road,Furniture,7488,22.03,5498,LCL,87.27,Peak,Carrier_E,15,85055
SHP02579,Bengaluru,New York,Road,Textiles,5939,20.13,13892,LCL,86.08,Off_Peak,Carrier_A,30,126613
SHP02580,Visakhapatnam,London,Air,Automotive Parts,4828,22.84,3033,AIR_CARGO,75.42,Peak,Carrier_C,5,447452
SHP02581,Pune,London,Air,General Cargo,3587,16.77,9980,AIR_CARGO,95.69,Off_Peak,Carrier_D,11,551966
SHP02582,Cochin,Rotterdam,Air,Food Products,4359,21.44,8781,AIR_CARGO,98.94,Normal,Carrier_B,10,627073
SHP02583,Mumbai,Busan,Sea,Automotive Parts,6908,23.73,6520,40FT_HC,90.11,Normal,Carrier_B,17,132962
SHP02584,Kolkata,Hamburg,Air,Chemicals,1299,6.36,6911,AIR_CARGO,92.57,Off_Peak,Carrier_C,8,390582
SHP02585,Bengaluru,Dubai,Air,Textiles,2020,10.59,3175,AIR_CARGO,93.61,Peak,Carrier_B,5,287427
SHP02586,Visakhapatnam,Hamburg,Air,Automotive Parts,4737,23.04,4146,AIR_CARGO,80.25,Off_Peak,Carrier_D,6,364893
SHP02587,Mumbai,Singapore,Air,Solar Panels,767,4.13,4278,AIR_CARGO,95.45,Peak,Carrier_C,6,305489
SHP02588,Bengaluru,Dubai,Sea,General Cargo,11569,22.65,3215,40FT,89.14,Normal,Carrier_D,11,98935
SHP02589,Hyderabad,Colombo,Air,Chemicals,3364,14.34,6909,AIR_CARGO,93.17,Normal,Carrier_D,8,557982
SHP02590,Cochin,Antwerp,Road,Solar Panels,13140,39.66,8665,40FT,101.98,Normal,Carrier_B,21,274229
SHP02591,Chennai,Shanghai,Air,Furniture,414,1.78,5663,AIR_CARGO,76.7,Peak,Carrier_E,7,258803
SHP02592,Hyderabad,New York,Road,Food Products,9382,28.78,4208,20FT,80.07,Peak,Carrier_A,12,115462
SHP02593,Hyderabad,Hamburg,Air,Electronics,3094,14.89,8797,AIR_CARGO,99.07,Normal,Carrier_D,10,651421
SHP02594,Cochin,Singapore,Road,Chemicals,12759,32.35,7608,40FT_HC,94.13,Peak,Carrier_B,18,323400
SHP02595,Pune,London,Air,Solar Panels,3711,17.43,9831,AIR_CARGO,91.6,Off_Peak,Carrier_D,11,599847
SHP02596,Ahmedabad,Antwerp,Air,Chemicals,3056,12.55,7057,AIR_CARGO,93.2,Off_Peak,Carrier_B,9,477927
SHP02597,Delhi,Antwerp,Road,Automotive Parts,6900,24.13,9017,40FT,102.5,Normal,Carrier_B,21,226136
SHP02598,Mumbai,Los Angeles,Air,Textiles,654,3.03,14220,AIR_CARGO,105.99,Peak,Carrier_B,15,881735
SHP02599,Kolkata,London,Road,Pharmaceuticals,3833,12.97,11183,20FT,88.09,Peak,Carrier_B,26,221407
SHP02600,Bengaluru,Shanghai,Air,General Cargo,1801,7.76,9411,AIR_CARGO,105.56,Off_Peak,Carrier_A,10,514419
SHP02601,Pune,London,Sea,Chemicals,21549,44.51,9465,40FT_HC,102.15,Normal,Carrier_A,22,311266
SHP02602,Cochin,Shanghai,Road,Food Products,12893,37.82,8070,LCL,98.24,Off_Peak,Carrier_C,19,112005
SHP02603,Chennai,Colombo,Air,Chemicals,226,0.97,950,AIR_CARGO,113.32,Normal,Carrier_E,3,73282
SHP02604,Delhi,Colombo,Sea,Electronics,15880,38.42,8577,40FT_HC,99.18,Normal,Carrier_A,21,247212
SHP02605,Visakhapatnam,Rotterdam,Road,Electronics,14563,39,6993,40FT,93.15,Normal,Carrier_B,17,243719
SHP02606,Pune,Dubai,Sea,General Cargo,6372,13.06,2066,LCL,88.6,Peak,Carrier_C,8,38713
SHP02607,Hyderabad,Hamburg,Air,General Cargo,3419,16.45,9446,AIR_CARGO,102.54,Normal,Carrier_A,11,645277
SHP02608,Hyderabad,Colombo,Road,Food Products,9643,30.69,4495,40FT,80.98,Off_Peak,Carrier_E,13,112113
SHP02609,Delhi,Singapore,Road,Furniture,6930,17.41,4306,40FT,103.73,Normal,Carrier_E,12,116432
SHP02610,Visakhapatnam,London,Road,Automotive Parts,14393,39.93,4220,LCL,80.16,Off_Peak,Carrier_D,11,84175
SHP02611,Ahmedabad,Antwerp,Sea,Pharmaceuticals,17745,42.4,9654,40FT,104.61,Off_Peak,Carrier_C,23,242645
SHP02612,Bengaluru,Antwerp,Road,Solar Panels,5268,20.21,7117,40FT,93.52,Off_Peak,Carrier_B,17,152078
SHP02613,Ahmedabad,New York,Air,Solar Panels,2646,11.87,5242,AIR_CARGO,84.34,Off_Peak,Carrier_C,7,325372
SHP02614,Mumbai,Busan,Road,Textiles,3125,15.54,6780,20FT,91.95,Off_Peak,Carrier_D,17,85971
SHP02615,Delhi,Busan,Sea,Electronics,14767,38.25,3826,40FT,79.22,Normal,Carrier_B,13,151915
SHP02616,Ahmedabad,London,Air,Furniture,2821,13.13,10379,AIR_CARGO,108.8,Peak,Carrier_E,12,764794
SHP02617,Pune,Singapore,Road,Electronics,11496,28.84,4539,LCL,107.21,Peak,Carrier_C,12,120818
SHP02618,Kolkata,Colombo,Sea,Food Products,5644,19.35,2022,20FT,84.29,Peak,Carrier_E,8,51022
SHP02619,Cochin,Hamburg,Road,Textiles,13365,36.34,4454,LCL,82.1,Off_Peak,Carrier_E,12,72108
SHP02620,Cochin,New York,Sea,Solar Panels,24300,51.56,9524,40FT,104.09,Off_Peak,Carrier_D,22,252867
SHP02621,Visakhapatnam,Rotterdam,Air,General Cargo,4657,22.92,11743,AIR_CARGO,112.88,Peak,Carrier_D,12,1038251
SHP02622,Hyderabad,Rotterdam,Sea,Furniture,5415,13.33,11201,LCL,108.77,Off_Peak,Carrier_D,24,77462
SHP02623,Kolkata,Colombo,Road,Furniture,3930,15.98,1999,40FT,81.85,Peak,Carrier_B,8,73002
SHP02624,Hyderabad,Antwerp,Air,Electronics,3509,14.63,6139,AIR_CARGO,87.9,Off_Peak,Carrier_D,8,421319
SHP02625,Bengaluru,London,Air,Pharmaceuticals,1795,8.49,10140,AIR_CARGO,103.05,Normal,Carrier_E,11,719494
SHP02626,Chennai,Busan,Air,Furniture,341,1.39,8357,AIR_CARGO,99.63,Peak,Carrier_D,9,486618
SHP02627,Kolkata,Los Angeles,Sea,Pharmaceuticals,9572,24.25,8803,40FT_HC,98.97,Peak,Carrier_B,21,251746
SHP02628,Pune,New York,Air,Chemicals,3859,17.36,12712,AIR_CARGO,98.12,Peak,Carrier_D,13,1143238
SHP02629,Delhi,London,Sea,Automotive Parts,4222,13.34,6884,LCL,93.82,Normal,Carrier_E,18,55095
SHP02630,Visakhapatnam,Antwerp,Road,Pharmaceuticals,14503,43.44,10457,LCL,109.79,Off_Peak,Carrier_B,24,183152
SHP02631,Delhi,Antwerp,Air,Pharmaceuticals,2512,10.42,9434,AIR_CARGO,102.31,Off_Peak,Carrier_E,11,612217
SHP02632,Ahmedabad,New York,Air,Chemicals,2891,12.97,8840,AIR_CARGO,100.5,Normal,Carrier_D,10,687989
SHP02633,Ahmedabad,Los Angeles,Air,Solar Panels,2580,11.84,6532,AIR_CARGO,89.5,Peak,Carrier_D,8,530985
SHP02634,Visakhapatnam,Busan,Sea,Textiles,19420,46.37,4670,20FT,82.3,Normal,Carrier_D,13,124104
SHP02635,Bengaluru,Jebel Ali,Road,Electronics,6196,17.06,9852,LCL,106.48,Normal,Carrier_B,23,139249
SHP02636,Delhi,Singapore,Sea,Food Products,15841,29.06,4233,40FT_HC,104.36,Off_Peak,Carrier_A,14,135024
SHP02637,Kolkata,Dubai,Sea,Automotive Parts,10311,20.01,5276,40FT_HC,84.98,Peak,Carrier_C,15,150096
SHP02638,Mumbai,Shanghai,Sea,Machinery,7330,22.12,6466,40FT_HC,80.19,Peak,Carrier_E,17,131134
SHP02639,Delhi,Antwerp,Road,Furniture,7309,25.05,8570,40FT,100.46,Off_Peak,Carrier_A,20,185525
SHP02640,Hyderabad,Colombo,Road,Chemicals,9978,31.15,4723,LCL,83.56,Peak,Carrier_E,13,106985
SHP02641,Mumbai,Hamburg,Road,Furniture,2989,10.46,9812,40FT_HC,105.95,Peak,Carrier_C,23,257117
SHP02642,Pune,London,Road,Solar Panels,11438,32.41,9355,40FT_HC,78.8,Normal,Carrier_C,22,242117
SHP02643,Kolkata,Hamburg,Road,Automotive Parts,4275,13.82,4249,20FT,80.07,Normal,Carrier_A,12,75030
SHP02644,Ahmedabad,Colombo,Air,Food Products,2727,11.51,2014,AIR_CARGO,75.93,Off_Peak,Carrier_B,4,178664
SHP02645,Pune,Rotterdam,Sea,Furniture,21398,42.62,8846,40FT,102.87,Off_Peak,Carrier_D,22,192935
SHP02646,Visakhapatnam,Singapore,Air,Electronics,4978,26.86,7077,AIR_CARGO,94.76,Normal,Carrier_E,9,616254
SHP02647,Delhi,Antwerp,Road,Chemicals,6570,23.49,3278,LCL,76,Normal,Carrier_B,10,63038
SHP02648,Bengaluru,Shanghai,Road,Automotive Parts,5652,19.61,4300,LCL,81.28,Normal,Carrier_E,11,58455
SHP02649,Pune,Rotterdam,Sea,Solar Panels,22080,44.09,5003,40FT,83.47,Off_Peak,Carrier_B,15,172940
SHP02650,Chennai,Los Angeles,Road,General Cargo,1119,7.23,16461,40FT,81.06,Off_Peak,Carrier_B,37,206404
SHP02651,Mumbai,New York,Sea,Pharmaceuticals,5306,17.45,12899,20FT,108.26,Peak,Carrier_D,29,204772
SHP02652,Cochin,Shanghai,Air,Machinery,4379,19.32,7192,AIR_CARGO,92.68,Off_Peak,Carrier_B,9,455196
SHP02653,Cochin,Los Angeles,Road,General Cargo,12868,36.48,10094,20FT,104.96,Peak,Carrier_A,23,251971
SHP02654,Bengaluru,Hamburg,Sea,Textiles,12848,28.06,8178,40FT_HC,96.31,Peak,Carrier_E,19,195783
SHP02655,Mumbai,Singapore,Air,Solar Panels,842,4.61,4352,AIR_CARGO,80.21,Peak,Carrier_B,6,277841
SHP02656,Mumbai,Colombo,Sea,Pharmaceuticals,7898,24.07,1550,40FT_HC,95.55,Normal,Carrier_E,8,96945
SHP02657,Delhi,Jebel Ali,Sea,Furniture,10172,20.97,7624,20FT,96.29,Off_Peak,Carrier_A,20,93882
SHP02658,Mumbai,Dubai,Road,Chemicals,2289,6.57,1953,40FT_HC,101,Peak,Carrier_E,7,75002
SHP02659,Visakhapatnam,Colombo,Sea,Pharmaceuticals,25829,56.1,10290,40FT,108.54,Off_Peak,Carrier_D,24,308746
SHP02660,Cochin,Rotterdam,Road,Pharmaceuticals,13343,35.62,8745,LCL,102.09,Off_Peak,Carrier_D,21,150758
SHP02661,Cochin,Hamburg,Air,Chemicals,4308,20.65,3349,AIR_CARGO,76.17,Peak,Carrier_C,5,480210
SHP02662,Chennai,Busan,Sea,Electronics,5661,21.43,7976,40FT,98.74,Peak,Carrier_B,19,176856
SHP02663,Kolkata,Los Angeles,Road,Solar Panels,4024,14.25,5571,40FT,86.74,Off_Peak,Carrier_B,14,109432
SHP02664,Visakhapatnam,Shanghai,Road,Chemicals,13817,40.07,3560,LCL,78.12,Normal,Carrier_C,11,98587
SHP02665,Visakhapatnam,Los Angeles,Sea,Chemicals,26307,53.85,9748,40FT_HC,105.38,Normal,Carrier_C,23,343974
SHP02666,Kolkata,Antwerp,Road,Furniture,4395,18.31,9940,40FT_HC,107.25,Peak,Carrier_B,24,282610
SHP02667,Chennai,Los Angeles,Air,Furniture,470,2.16,16506,AIR_CARGO,77.65,Off_Peak,Carrier_C,17,561075
SHP02668,Mumbai,Hamburg,Air,Pharmaceuticals,1082,5.24,10602,AIR_CARGO,112.22,Normal,Carrier_C,12,788096
SHP02669,Mumbai,Singapore,Sea,Chemicals,1405,3.43,4148,LCL,75.8,Normal,Carrier_B,13,28316
SHP02670,Hyderabad,Colombo,Sea,Pharmaceuticals,13503,34.03,11578,20FT,113.9,Peak,Carrier_A,27,264751
SHP02671,Visakhapatnam,New York,Air,Machinery,4900,21.79,8041,AIR_CARGO,98.22,Normal,Carrier_C,9,597846
SHP02672,Hyderabad,Rotterdam,Road,Machinery,9738,26.55,10559,40FT,92.15,Peak,Carrier_B,24,272871
SHP02673,Mumbai,Busan,Road,Chemicals,3581,16.88,5533,20FT,86.46,Peak,Carrier_B,14,124029
SHP02674,Hyderabad,Dubai,Road,General Cargo,9932,25.87,2877,20FT,99.52,Normal,Carrier_D,9,85061
SHP02675,Chennai,Jebel Ali,Road,General Cargo,927,3.92,3623,40FT_HC,111.12,Normal,Carrier_A,11,84016
SHP02676,Kolkata,Dubai,Road,Automotive Parts,4834,13.3,9390,40FT_HC,104.14,Normal,Carrier_C,22,230794
SHP02677,Kolkata,Los Angeles,Sea,Machinery,6012,17.56,7159,20FT,92.54,Off_Peak,Carrier_E,19,69230
SHP02678,Pune,Los Angeles,Road,Pharmaceuticals,11577,33.27,11699,20FT,112.95,Normal,Carrier_E,27,280204
SHP02679,Cochin,London,Sea,Machinery,25290,51.05,9381,40FT_HC,105.26,Off_Peak,Carrier_D,23,245364
SHP02680,Mumbai,New York,Road,Machinery,3415,13.74,12799,40FT_HC,89.85,Normal,Carrier_C,29,234876
SHP02681,Pune,London,Air,Textiles,4012,18.96,9773,AIR_CARGO,104.46,Normal,Carrier_D,11,671933
SHP02682,Kolkata,London,Sea,General Cargo,9830,22.89,10958,40FT,80.49,Normal,Carrier_A,24,157404
SHP02683,Hyderabad,Jebel Ali,Sea,Machinery,20581,39.73,2837,40FT_HC,90.35,Normal,Carrier_C,10,161998
SHP02684,Pune,London,Road,Furniture,11313,32.1,9921,LCL,102.6,Normal,Carrier_A,23,146877
SHP02685,Visakhapatnam,Rotterdam,Sea,General Cargo,25633,50.02,7576,40FT,94.56,Normal,Carrier_E,19,215461
SHP02686,Kolkata,Rotterdam,Sea,Machinery,10990,23.7,11635,40FT_HC,76.5,Normal,Carrier_D,27,169894
SHP02687,Mumbai,New York,Road,Solar Panels,3268,13.4,12877,40FT_HC,93.93,Off_Peak,Carrier_C,29,244086
SHP02688,Ahmedabad,Singapore,Road,Solar Panels,8176,20.63,11096,LCL,110.85,Normal,Carrier_B,26,165102
SHP02689,Chennai,London,Air,General Cargo,591,2.77,10697,AIR_CARGO,76.35,Peak,Carrier_C,12,491982
SHP02690,Cochin,Jebel Ali,Road,Textiles,13259,34.8,8817,40FT,99.12,Peak,Carrier_E,21,268583
SHP02691,Mumbai,New York,Road,Food Products,3527,13.79,13227,20FT,83.59,Off_Peak,Carrier_D,30,140018
SHP02692,Pune,Colombo,Air,Electronics,3856,16.34,8624,AIR_CARGO,99.71,Normal,Carrier_A,9,707738
SHP02693,Delhi,London,Sea,Machinery,13817,31.09,6526,40FT_HC,102.4,Normal,Carrier_B,17,170521
SHP02694,Visakhapatnam,Dubai,Sea,Textiles,27427,51.54,4835,40FT_HC,82.35,Peak,Carrier_E,14,253547
SHP02695,Hyderabad,Hamburg,Air,Electronics,3104,14.94,6056,AIR_CARGO,89.92,Off_Peak,Carrier_B,7,421083
SHP02696,Kolkata,Colombo,Air,Machinery,1208,5.2,2068,AIR_CARGO,82.89,Peak,Carrier_E,4,159330
SHP02697,Mumbai,Rotterdam,Road,Pharmaceuticals,2963,9.74,10163,40FT_HC,86.14,Normal,Carrier_E,24,225011
SHP02698,Visakhapatnam,Rotterdam,Road,Chemicals,14412,38.4,7431,20FT,95.84,Off_Peak,Carrier_C,18,174577
SHP02699,Pune,Los Angeles,Sea,Chemicals,22565,47.32,5165,40FT_HC,85.23,Peak,Carrier_E,14,274138
SHP02700,Mumbai,Busan,Air,Food Products,1024,4.12,10515,AIR_CARGO,108.25,Off_Peak,Carrier_C,11,513691
SHP02701,Bengaluru,Hamburg,Road,Textiles,5602,17.22,11233,40FT_HC,110.04,Normal,Carrier_A,26,276743
SHP02702,Delhi,Los Angeles,Air,Chemicals,2358,10.81,8979,AIR_CARGO,100.12,Normal,Carrier_D,10,657774
SHP02703,Bengaluru,Rotterdam,Air,Chemicals,1773,8.91,11297,AIR_CARGO,77.51,Off_Peak,Carrier_A,12,550061
SHP02704,Cochin,Singapore,Road,Solar Panels,12052,30.23,5829,20FT,87.84,Normal,Carrier_E,14,133398
SHP02705,Cochin,Shanghai,Air,Food Products,4159,18.1,3262,AIR_CARGO,76.26,Normal,Carrier_C,5,312647
SHP02706,Ahmedabad,Shanghai,Air,Electronics,2674,11.77,6584,AIR_CARGO,90.64,Normal,Carrier_D,8,473756
SHP02707,Cochin,Rotterdam,Sea,Textiles,25322,49.3,3177,40FT,76.4,Normal,Carrier_E,11,168037
SHP02708,Ahmedabad,Colombo,Air,Furniture,2650,11.38,2034,AIR_CARGO,99.25,Peak,Carrier_D,4,260696
SHP02709,Hyderabad,Singapore,Sea,Chemicals,13872,25.81,3650,20FT,92.69,Off_Peak,Carrier_C,11,92771
SHP02710,Visakhapatnam,New York,Road,General Cargo,14716,41.91,5343,40FT_HC,85.76,Off_Peak,Carrier_D,14,168345
SHP02711,Cochin,Busan,Road,Solar Panels,12497,39.16,8742,40FT_HC,101.12,Off_Peak,Carrier_C,21,253301
SHP02712,Bengaluru,Dubai,Sea,Food Products,2817,7.08,3038,LCL,97.17,Normal,Carrier_B,11,27077
SHP02713,Cochin,Antwerp,Air,Chemicals,4367,18.15,4686,AIR_CARGO,81.93,Peak,Carrier_A,6,597578
SHP02714,Delhi,Rotterdam,Sea,Solar Panels,3920,10.59,7548,LCL,86.57,Peak,Carrier_D,18,70736
SHP02715,Kolkata,Hamburg,Sea,Solar Panels,2626,9.08,10111,LCL,105.43,Peak,Carrier_D,24,97765
SHP02716,Pune,Antwerp,Air,Solar Panels,3602,14.79,3778,AIR_CARGO,78.06,Normal,Carrier_E,6,334736
SHP02717,Cochin,Dubai,Road,Pharmaceuticals,12478,31.95,10388,20FT,108.85,Normal,Carrier_B,24,254803
SHP02718,Chennai,Rotterdam,Air,Food Products,503,2.48,11417,AIR_CARGO,96.09,Off_Peak,Carrier_D,12,474681
SHP02719,Hyderabad,Hamburg,Air,Chemicals,3352,16.48,6831,AIR_CARGO,91.44,Off_Peak,Carrier_C,9,484481
SHP02720,Cochin,Antwerp,Road,Furniture,13020,39.35,8421,40FT,97.49,Off_Peak,Carrier_C,20,204416
SHP02721,Ahmedabad,Colombo,Sea,General Cargo,4719,17.6,2050,LCL,80.94,Peak,Carrier_A,9,37655
SHP02722,Cochin,Antwerp,Sea,Automotive Parts,16693,40.86,5032,20FT,84.36,Peak,Carrier_B,15,149259
SHP02723,Hyderabad,Antwerp,Air,Automotive Parts,3193,13.23,4180,AIR_CARGO,79.36,Peak,Carrier_C,6,402358
SHP02724,Bengaluru,Singapore,Road,Pharmaceuticals,5221,13.08,3558,40FT,86.04,Normal,Carrier_B,11,111355
SHP02725,Ahmedabad,New York,Air,Textiles,3032,13.58,4404,AIR_CARGO,81.95,Peak,Carrier_C,7,377457
SHP02726,Bengaluru,Dubai,Air,Textiles,1865,10.03,3139,AIR_CARGO,95.79,Peak,Carrier_D,5,278545
SHP02727,Kolkata,London,Sea,Solar Panels,9160,21.71,11759,40FT_HC,103.27,Normal,Carrier_B,26,222739
SHP02728,Ahmedabad,Singapore,Air,Automotive Parts,2895,15.78,5770,AIR_CARGO,88.46,Peak,Carrier_E,7,490186
SHP02729,Bengaluru,Singapore,Road,Chemicals,5974,15.15,3536,LCL,103.98,Normal,Carrier_D,11,68246
SHP02730,Bengaluru,Shanghai,Road,Pharmaceuticals,5959,20.64,5410,40FT_HC,85.86,Peak,Carrier_C,14,205268
SHP02731,Bengaluru,London,Road,Electronics,5081,16.54,10181,40FT_HC,112.86,Peak,Carrier_A,24,355437
SHP02732,Pune,Colombo,Air,General Cargo,3905,16.65,10977,AIR_CARGO,111.55,Peak,Carrier_C,11,921945
SHP02733,Bengaluru,New York,Air,Food Products,1985,8.8,15043,AIR_CARGO,87.55,Normal,Carrier_C,15,713620
SHP02734,Chennai,Hamburg,Road,Chemicals,1134,5.64,10908,20FT,104.55,Off_Peak,Carrier_B,25,161101
SHP02735,Kolkata,Rotterdam,Air,Textiles,1282,6.49,11861,AIR_CARGO,114.95,Off_Peak,Carrier_A,12,641569
SHP02736,Mumbai,Colombo,Air,Food Products,645,2.71,1590,AIR_CARGO,77.23,Off_Peak,Carrier_C,4,76931
SHP02737,Visakhapatnam,Busan,Air,Automotive Parts,4520,18.45,8938,AIR_CARGO,102.54,Normal,Carrier_A,10,723881
SHP02738,Ahmedabad,Colombo,Air,Chemicals,3044,13.05,2030,AIR_CARGO,86.42,Normal,Carrier_A,4,289757
SHP02739,Delhi,Shanghai,Road,Solar Panels,7274,23.72,4586,LCL,114.71,Peak,Carrier_D,13,107213
SHP02740,Hyderabad,Dubai,Air,Textiles,3254,17.4,2810,AIR_CARGO,97.5,Off_Peak,Carrier_C,5,256926
SHP02741,Kolkata,Jebel Ali,Air,Food Products,1247,6.39,5167,AIR_CARGO,83.56,Normal,Carrier_B,7,266251
SHP02742,Ahmedabad,Rotterdam,Road,Machinery,7856,21.98,9277,40FT_HC,79.62,Normal,Carrier_D,22,195482
SHP02743,Cochin,Singapore,Sea,Food Products,23991,44.11,6547,40FT_HC,90.84,Peak,Carrier_C,17,258595
SHP02744,Delhi,Shanghai,Road,Automotive Parts,6923,22.76,4649,40FT_HC,78.91,Peak,Carrier_B,13,155414
SHP02745,Pune,Rotterdam,Air,Machinery,3634,18.25,7114,AIR_CARGO,92.29,Peak,Carrier_D,9,575988
SHP02746,Cochin,Jebel Ali,Road,Food Products,12488,32.61,8383,LCL,98.68,Off_Peak,Carrier_E,20,105849
SHP02747,Cochin,Jebel Ali,Air,Food Products,4233,21.44,3113,AIR_CARGO,76.01,Normal,Carrier_C,5,327759
SHP02748,Mumbai,Shanghai,Air,Machinery,955,4.15,6334,AIR_CARGO,94.36,Normal,Carrier_C,8,327579
SHP02749,Chennai,Shanghai,Sea,Solar Panels,6358,19.95,5588,40FT,87.2,Off_Peak,Carrier_B,15,94005
SHP02750,Hyderabad,Colombo,Road,Textiles,9466,30.31,11340,20FT,111.44,Off_Peak,Carrier_B,25,183304
SHP02751,Mumbai,Los Angeles,Road,Automotive Parts,2823,11.59,14808,40FT_HC,109.24,Normal,Carrier_B,33,346769
SHP02752,Cochin,Jebel Ali,Road,General Cargo,13081,34.44,4128,20FT,80.09,Off_Peak,Carrier_C,12,92565
SHP02753,Bengaluru,Jebel Ali,Air,Electronics,1958,10.12,8651,AIR_CARGO,101.63,Off_Peak,Carrier_C,10,513543
SHP02754,Mumbai,Hamburg,Air,Automotive Parts,1084,5.23,10440,AIR_CARGO,114.2,Peak,Carrier_B,12,785410
SHP02755,Pune,Busan,Air,Machinery,3987,16.24,3181,AIR_CARGO,75.87,Normal,Carrier_D,6,299139
SHP02756,Cochin,Hamburg,Air,Furniture,4288,21.05,10456,AIR_CARGO,108.16,Normal,Carrier_E,11,710070
SHP02757,Chennai,Hamburg,Road,Solar Panels,1122,5.63,11152,20FT,98.33,Peak,Carrier_B,25,197668
SHP02758,Ahmedabad,Shanghai,Road,Furniture,8560,27.27,9063,40FT_HC,102.88,Off_Peak,Carrier_A,22,216009
SHP02759,Pune,Antwerp,Sea,Pharmaceuticals,21309,49.19,9987,40FT,104.83,Peak,Carrier_C,23,367453
SHP02760,Pune,Singapore,Road,Solar Panels,11369,28.83,4506,20FT,103.72,Off_Peak,Carrier_B,12,113983
SHP02761,Visakhapatnam,Rotterdam,Road,Textiles,14417,38.1,12104,LCL,113.99,Off_Peak,Carrier_A,28,170400
SHP02762,Pune,New York,Sea,Furniture,21572,46.66,13950,40FT_HC,95.91,Off_Peak,Carrier_A,31,267028
SHP02763,Cochin,Colombo,Sea,Pharmaceuticals,25021,54.98,3813,40FT,78.65,Off_Peak,Carrier_E,12,201162
SHP02764,Bengaluru,Hamburg,Sea,General Cargo,12537,27.59,3019,40FT_HC,75.47,Peak,Carrier_D,10,133711
SHP02765,Delhi,Colombo,Air,Automotive Parts,2110,8.85,8210,AIR_CARGO,98.38,Peak,Carrier_E,10,600822
SHP02766,Chennai,Rotterdam,Road,Machinery,1321,5.41,10938,20FT,112.51,Off_Peak,Carrier_A,25,150589
SHP02767,Visakhapatnam,Los Angeles,Air,Electronics,4967,22.96,3353,AIR_CARGO,75.95,Normal,Carrier_E,6,403198
SHP02768,Mumbai,Los Angeles,Air,Solar Panels,1114,5.09,14506,AIR_CARGO,104.56,Normal,Carrier_B,15,855732
SHP02769,Hyderabad,Jebel Ali,Sea,General Cargo,19759,38.91,2797,40FT_HC,99.83,Normal,Carrier_E,11,153076
SHP02770,Delhi,New York,Air,Solar Panels,2311,10.4,11899,AIR_CARGO,77.09,Peak,Carrier_C,13,741503
SHP02771,Hyderabad,Dubai,Air,Furniture,3351,17.85,2660,AIR_CARGO,77.93,Peak,Carrier_D,5,318319
SHP02772,Chennai,Jebel Ali,Sea,Electronics,794,3.5,3630,LCL,81.62,Off_Peak,Carrier_D,11,20657
SHP02773,Pune,Busan,Air,Automotive Parts,3836,15.38,3819,AIR_CARGO,78.63,Normal,Carrier_E,6,334744
SHP02774,Kolkata,New York,Road,Electronics,3626,14.2,14243,40FT_HC,86.44,Off_Peak,Carrier_A,31,262926
SHP02775,Ahmedabad,Hamburg,Sea,Solar Panels,16775,34.96,7693,40FT,96.2,Peak,Carrier_B,18,242562
SHP02776,Bengaluru,London,Road,Machinery,6382,19.54,10262,40FT_HC,107.68,Peak,Carrier_A,24,316617
SHP02777,Delhi,Jebel Ali,Air,Chemicals,2112,10.73,11539,AIR_CARGO,111.18,Peak,Carrier_A,12,1099440
SHP02778,Cochin,Busan,Air,Automotive Parts,4350,17.49,10925,AIR_CARGO,108.36,Normal,Carrier_E,12,788831
SHP02779,Visakhapatnam,Singapore,Air,Furniture,4645,25.29,4559,AIR_CARGO,82.93,Peak,Carrier_D,6,488213
SHP02780,Bengaluru,Singapore,Air,Chemicals,2025,10.98,3733,AIR_CARGO,100.37,Off_Peak,Carrier_D,6,297620
SHP02781,Pune,Dubai,Air,Solar Panels,3640,19.44,2007,AIR_CARGO,90.43,Off_Peak,Carrier_C,4,263091
SHP02782,Pune,Shanghai,Road,Automotive Parts,11668,34.69,8465,40FT,99.61,Off_Peak,Carrier_C,20,214774
SHP02783,Chennai,New York,Road,Textiles,973,7.39,14807,40FT_HC,106.82,Normal,Carrier_A,33,309046
SHP02784,Delhi,Colombo,Sea,Automotive Parts,15255,37.16,10713,40FT_HC,111.34,Peak,Carrier_D,25,307696
SHP02785,Cochin,Dubai,Sea,Pharmaceuticals,7186,14.66,6214,LCL,89.85,Normal,Carrier_D,16,71903
SHP02786,Mumbai,Hamburg,Sea,Chemicals,7616,18.39,10047,40FT,83.1,Peak,Carrier_B,23,199392
SHP02787,Pune,Jebel Ali,Road,Textiles,11179,29.72,11698,LCL,111.39,Normal,Carrier_A,26,172975
SHP02788,Delhi,Busan,Road,Pharmaceuticals,6506,24,4729,40FT,81.96,Off_Peak,Carrier_B,12,130114
SHP02789,Cochin,Hamburg,Sea,Pharmaceuticals,16527,34.5,5938,20FT,89.15,Off_Peak,Carrier_A,16,136850
SHP02790,Visakhapatnam,Colombo,Road,Solar Panels,13849,41.29,12110,40FT_HC,113.75,Peak,Carrier_D,28,485000
SHP02791,Cochin,Busan,Sea,Electronics,24731,56.53,4348,40FT_HC,80.12,Normal,Carrier_E,12,233656
SHP02792,Bengaluru,Busan,Air,Automotive Parts,1987,8.06,6256,AIR_CARGO,90.04,Off_Peak,Carrier_A,8,357061
SHP02793,Cochin,Dubai,Air,Food Products,4425,23.44,4664,AIR_CARGO,82.91,Peak,Carrier_C,6,492059
SHP02794,Pune,Shanghai,Road,Automotive Parts,11821,35.46,10035,20FT,105.11,Peak,Carrier_C,23,252812
SHP02795,Visakhapatnam,Shanghai,Sea,Automotive Parts,26020,55.57,11492,40FT,113.7,Off_Peak,Carrier_A,27,295847
SHP02796,Cochin,Los Angeles,Road,Food Products,12613,35.84,7276,LCL,94.57,Peak,Carrier_E,18,132632
SHP02797,Kolkata,Jebel Ali,Air,Furniture,1124,5.84,5138,AIR_CARGO,84.9,Peak,Carrier_D,7,316220
SHP02798,Cochin,Rotterdam,Sea,Solar Panels,25263,49.42,10833,40FT_HC,108.99,Off_Peak,Carrier_C,25,287009
SHP02799,Visakhapatnam,Dubai,Sea,Machinery,27292,51.29,6018,40FT_HC,87.51,Off_Peak,Carrier_B,17,204738
SHP02800,Bengaluru,Busan,Air,Automotive Parts,1813,7.42,6227,AIR_CARGO,90.27,Off_Peak,Carrier_A,8,341110
SHP02801,Chennai,Shanghai,Air,Electronics,545,2.38,5797,AIR_CARGO,97.62,Off_Peak,Carrier_D,7,297675
SHP02802,Kolkata,Dubai,Air,Chemicals,1401,7.46,10118,AIR_CARGO,104.76,Peak,Carrier_A,12,861747
SHP02803,Mumbai,New York,Road,Food Products,3147,13.03,12644,40FT_HC,96.73,Peak,Carrier_A,29,314143
SHP02804,Visakhapatnam,Jebel Ali,Road,Food Products,13815,36.27,8494,LCL,101.39,Off_Peak,Carrier_A,21,119222
SHP02805,Pune,Colombo,Air,Automotive Parts,3756,15.78,3778,AIR_CARGO,78.12,Off_Peak,Carrier_D,6,301310
SHP02806,Bengaluru,London,Air,Chemicals,1961,9.3,10119,AIR_CARGO,102.92,Normal,Carrier_A,11,748340
SHP02807,Mumbai,Singapore,Sea,General Cargo,1781,3.74,4167,LCL,90.7,Normal,Carrier_D,13,27918
SHP02808,Delhi,Rotterdam,Road,Machinery,7514,21.29,7509,20FT,99.38,Peak,Carrier_A,18,166483
SHP02809,Ahmedabad,Rotterdam,Sea,Chemicals,16862,34.19,9954,40FT_HC,111.37,Peak,Carrier_A,22,354899
SHP02810,Mumbai,Singapore,Sea,Machinery,7559,13.8,4141,40FT,110.82,Normal,Carrier_A,13,94675
SHP02811,Ahmedabad,New York,Road,Chemicals,8112,25.57,9152,LCL,102.4,Peak,Carrier_D,22,176814
SHP02812,Chennai,Jebel Ali,Air,Automotive Parts,404,2.08,3356,AIR_CARGO,77.72,Off_Peak,Carrier_D,5,134997
SHP02813,Bengaluru,Singapore,Sea,Furniture,13341,24.87,3669,40FT_HC,103.21,Peak,Carrier_C,12,150903
SHP02814,Bengaluru,Rotterdam,Air,Chemicals,1772,8.76,10806,AIR_CARGO,98.65,Off_Peak,Carrier_A,12,666998
SHP02815,Visakhapatnam,Antwerp,Sea,Electronics,26931,59.6,11272,40FT_HC,110.65,Off_Peak,Carrier_D,25,329086
SHP02816,Visakhapatnam,Singapore,Air,General Cargo,4698,25.75,9973,AIR_CARGO,104.51,Normal,Carrier_D,11,718208
SHP02817,Delhi,Rotterdam,Road,Machinery,6874,19.71,7450,40FT_HC,98.83,Normal,Carrier_D,18,188335
SHP02818,Delhi,Rotterdam,Sea,Textiles,10402,22.54,7003,20FT,94.47,Off_Peak,Carrier_D,18,87355
SHP02819,Hyderabad,Rotterdam,Road,Food Products,9959,27.34,10796,40FT_HC,99.89,Peak,Carrier_B,25,316182
SHP02820,Pune,Dubai,Sea,General Cargo,6291,12.55,2035,LCL,82.81,Peak,Carrier_B,8,36977
SHP02821,Ahmedabad,Shanghai,Sea,Electronics,16682,39.32,5855,40FT_HC,88.91,Off_Peak,Carrier_B,16,177356
SHP02822,Cochin,Los Angeles,Air,Food Products,4052,18.47,3735,AIR_CARGO,78.61,Peak,Carrier_E,6,384659
SHP02823,Kolkata,Rotterdam,Road,Textiles,4224,12.89,11727,40FT_HC,88.1,Off_Peak,Carrier_E,27,182139
SHP02824,Ahmedabad,Colombo,Air,Food Products,2746,11.63,2025,AIR_CARGO,104.39,Off_Peak,Carrier_E,4,192097
SHP02825,Mumbai,Shanghai,Sea,Automotive Parts,4585,16.5,6569,20FT,103.66,Normal,Carrier_B,17,84207
SHP02826,Delhi,Jebel Ali,Sea,Electronics,15172,30.3,8857,40FT_HC,100.12,Off_Peak,Carrier_B,21,196623
SHP02827,Bengaluru,Jebel Ali,Sea,Automotive Parts,11881,23.93,10869,40FT_HC,109.7,Peak,Carrier_E,26,259209
SHP02828,Cochin,Dubai,Road,Furniture,12061,31.17,3642,LCL,77.72,Off_Peak,Carrier_A,10,65053
SHP02829,Ahmedabad,Hamburg,Air,Pharmaceuticals,2860,13.92,7219,AIR_CARGO,93.29,Off_Peak,Carrier_C,9,522067
SHP02830,Visakhapatnam,Los Angeles,Sea,Solar Panels,19400,42.1,7640,20FT,94.45,Normal,Carrier_D,18,162685
SHP02831,Visakhapatnam,Shanghai,Sea,Textiles,26517,56.23,5930,40FT_HC,88.45,Normal,Carrier_A,16,244665
SHP02832,Hyderabad,Colombo,Sea,Chemicals,18911,44.12,9581,40FT,102.84,Normal,Carrier_D,22,276247
SHP02833,Chennai,Jebel Ali,Sea,Furniture,4724,11.42,3499,40FT_HC,112.76,Normal,Carrier_B,11,76191
SHP02834,Cochin,Busan,Air,Textiles,4401,17.77,3030,AIR_CARGO,75.76,Off_Peak,Carrier_C,5,280058
SHP02835,Chennai,Shanghai,Road,Automotive Parts,1774,9.77,5375,40FT_HC,93.34,Normal,Carrier_C,14,119223
SHP02836,Chennai,Los Angeles,Road,Pharmaceuticals,909,6.49,16361,40FT,76.93,Normal,Carrier_B,36,287608
SHP02837,Kolkata,Colombo,Road,Machinery,4586,17.62,2076,LCL,110.81,Normal,Carrier_C,7,42978
SHP02838,Ahmedabad,Busan,Air,Solar Panels,2989,12.02,11194,AIR_CARGO,113.36,Peak,Carrier_A,12,1014756
SHP02839,Mumbai,Singapore,Sea,Electronics,1683,3.44,4335,LCL,77.3,Normal,Carrier_C,13,28107
SHP02840,Hyderabad,Antwerp,Road,Solar Panels,9298,29.94,9402,40FT_HC,103.52,Off_Peak,Carrier_D,22,245948
SHP02841,Bengaluru,Rotterdam,Road,Pharmaceuticals,5162,15.25,11482,40FT,101.39,Peak,Carrier_A,26,365009
SHP02842,Ahmedabad,Singapore,Air,Solar Panels,2836,15.46,5285,AIR_CARGO,84.11,Peak,Carrier_E,7,449400
SHP02843,Mumbai,Los Angeles,Sea,Automotive Parts,1898,10.32,14792,LCL,79.99,Off_Peak,Carrier_A,33,77179
SHP02844,Delhi,Colombo,Road,Furniture,7013,23.98,7273,LCL,94.43,Peak,Carrier_D,18,112861
SHP02845,Mumbai,Jebel Ali,Road,Automotive Parts,2910,9.26,1954,40FT,97.85,Normal,Carrier_E,7,55343
SHP02846,Cochin,Busan,Road,Chemicals,12089,38.1,7771,40FT,97.9,Peak,Carrier_E,19,301497
SHP02847,Pune,Singapore,Road,Textiles,11139,28.43,4647,LCL,94.9,Off_Peak,Carrier_E,12,70914
SHP02848,Mumbai,Hamburg,Air,Machinery,833,3.99,10363,AIR_CARGO,100.81,Peak,Carrier_A,12,667066
SHP02849,Delhi,Busan,Air,Chemicals,2361,9.49,9395,AIR_CARGO,102.13,Peak,Carrier_A,10,843846
SHP02850,Bengaluru,New York,Sea,Furniture,7778,21.43,13987,20FT,105.03,Off_Peak,Carrier_D,30,134630
SHP02851,Mumbai,Singapore,Sea,General Cargo,6849,12.8,4159,40FT_HC,113.8,Peak,Carrier_B,12,112351
SHP02852,Pune,Antwerp,Air,Solar Panels,3881,16.27,3958,AIR_CARGO,79.91,Off_Peak,Carrier_E,6,310936
SHP02853,Cochin,New York,Road,Chemicals,13172,37.67,4076,40FT,80.24,Off_Peak,Carrier_E,12,154336
SHP02854,Cochin,Shanghai,Sea,Pharmaceuticals,7157,21.75,3548,LCL,77.16,Peak,Carrier_C,12,69024
SHP02855,Visakhapatnam,Singapore,Road,Food Products,14670,37.19,6827,LCL,92.9,Off_Peak,Carrier_B,17,100771
SHP02856,Visakhapatnam,Dubai,Sea,Textiles,19719,37.03,7905,20FT,97.88,Off_Peak,Carrier_B,19,129306
SHP02857,Visakhapatnam,Busan,Sea,Textiles,26814,60.74,11643,40FT_HC,114.42,Normal,Carrier_C,27,334284
SHP02858,Bengaluru,Shanghai,Air,Pharmaceuticals,1667,7.28,12187,AIR_CARGO,113.92,Normal,Carrier_E,13,914987
SHP02859,Pune,Hamburg,Road,Solar Panels,10624,29.74,9892,40FT_HC,100.03,Off_Peak,Carrier_B,23,252240
SHP02860,Cochin,Dubai,Air,Solar Panels,4067,21.28,10464,AIR_CARGO,106.11,Off_Peak,Carrier_A,11,754035
SHP02861,Ahmedabad,Busan,Sea,Pharmaceuticals,17640,43.53,8895,40FT,101.52,Peak,Carrier_D,20,317422
SHP02862,Cochin,Dubai,Air,Textiles,4209,22.22,10838,AIR_CARGO,111.88,Peak,Carrier_A,12,976925
SHP02863,Pune,Antwerp,Sea,Textiles,23152,52.86,8335,40FT,98.99,Off_Peak,Carrier_C,20,202720
SHP02864,Delhi,Los Angeles,Road,Chemicals,7668,23.59,3589,40FT_HC,77.87,Peak,Carrier_D,11,160663
SHP02865,Bengaluru,Shanghai,Road,Machinery,6002,20.87,10195,LCL,105.27,Normal,Carrier_E,24,120930
SHP02866,Kolkata,Rotterdam,Sea,Electronics,2695,8.62,12336,LCL,112.17,Off_Peak,Carrier_D,28,90629
SHP02867,Ahmedabad,Singapore,Road,Automotive Parts,8189,20.57,5750,LCL,88.49,Normal,Carrier_D,15,83838
SHP02868,Pune,Shanghai,Sea,Pharmaceuticals,6063,19.02,6578,LCL,90.67,Normal,Carrier_D,16,73966
SHP02869,Chennai,Antwerp,Air,Textiles,279,1.16,7848,AIR_CARGO,97.2,Peak,Carrier_A,10,464095
SHP02870,Pune,Rotterdam,Air,Chemicals,3977,19.7,7646,AIR_CARGO,96.37,Normal,Carrier_C,9,652500
SHP02871,Visakhapatnam,Singapore,Sea,Electronics,7734,14.37,5020,LCL,83.95,Peak,Carrier_B,14,67977
SHP02872,Delhi,Dubai,Road,Pharmaceuticals,7134,19.12,2265,20FT,103.06,Normal,Carrier_B,8,83186
SHP02873,Hyderabad,New York,Air,Furniture,3167,14.18,10211,AIR_CARGO,105.84,Normal,Carrier_A,12,678904
SHP02874,Bengaluru,Shanghai,Sea,Chemicals,3403,14.59,8439,LCL,98.17,Peak,Carrier_C,20,94320
SHP02875,Ahmedabad,Jebel Ali,Air,Food Products,2728,14,10847,AIR_CARGO,110.8,Peak,Carrier_D,12,843689
SHP02876,Hyderabad,Shanghai,Air,Pharmaceuticals,3189,13.92,5361,AIR_CARGO,75.63,Off_Peak,Carrier_B,7,393052
SHP02877,Bengaluru,Colombo,Air,General Cargo,2059,8.68,3052,AIR_CARGO,75.74,Normal,Carrier_C,5,203298
SHP02878,Visakhapatnam,Colombo,Air,Chemicals,4581,19.64,8567,AIR_CARGO,98.81,Normal,Carrier_D,10,764552
SHP02879,Pune,Antwerp,Air,General Cargo,3799,15.67,5831,AIR_CARGO,87.46,Peak,Carrier_D,7,495965
SHP02880,Cochin,Busan,Air,Textiles,4118,16.84,7639,AIR_CARGO,94.47,Peak,Carrier_D,9,634137
SHP02881,Bengaluru,Busan,Sea,General Cargo,12499,34.72,6414,40FT,90.84,Normal,Carrier_C,17,148336
SHP02882,Visakhapatnam,Colombo,Road,Food Products,14191,41.97,10816,40FT,110.01,Normal,Carrier_B,24,298574
SHP02883,Chennai,Shanghai,Sea,Furniture,3277,14.4,5678,20FT,113.74,Normal,Carrier_D,16,70987
SHP02884,Pune,Rotterdam,Road,Machinery,11636,31.67,5264,40FT_HC,84.02,Peak,Carrier_E,13,190848
SHP02885,Cochin,Singapore,Sea,General Cargo,6909,13.08,8351,LCL,98.19,Peak,Carrier_B,19,81584
SHP02886,Delhi,Colombo,Road,General Cargo,6576,22.57,9306,40FT,101.19,Off_Peak,Carrier_C,21,186254
SHP02887,Hyderabad,Los Angeles,Road,Machinery,9351,27.39,15172,40FT_HC,106.63,Peak,Carrier_D,33,436982
SHP02888,Kolkata,Shanghai,Air,Food Products,1573,6.82,4695,AIR_CARGO,102.39,Normal,Carrier_E,7,287528
SHP02889,Cochin,London,Road,Solar Panels,13019,35.88,12238,LCL,113.95,Normal,Carrier_D,28,199707
SHP02890,Chennai,London,Road,Machinery,998,6.07,10107,LCL,95.47,Off_Peak,Carrier_B,24,85826
SHP02891,Bengaluru,Antwerp,Air,Textiles,1863,7.74,5167,AIR_CARGO,85.73,Off_Peak,Carrier_E,7,253125
SHP02892,Ahmedabad,Singapore,Air,Pharmaceuticals,2615,14.47,8239,AIR_CARGO,98.46,Normal,Carrier_C,10,648253
SHP02893,Hyderabad,Busan,Air,Furniture,3223,13.15,9218,AIR_CARGO,101.9,Peak,Carrier_E,10,695706
SHP02894,Kolkata,Hamburg,Sea,Automotive Parts,10167,23,8912,40FT_HC,101.55,Normal,Carrier_D,22,179509
SHP02895,Ahmedabad,Hamburg,Road,Electronics,8354,23.66,3248,20FT,76.64,Normal,Carrier_A,10,87945
SHP02896,Bengaluru,New York,Air,Pharmaceuticals,1879,8.42,14626,AIR_CARGO,96.57,Peak,Carrier_E,15,1095462
SHP02897,Cochin,Antwerp,Sea,Automotive Parts,7209,23.68,11049,LCL,109.89,Off_Peak,Carrier_C,25,94548
SHP02898,Pune,Hamburg,Sea,Automotive Parts,6330,16.45,10340,LCL,91.8,Peak,Carrier_A,23,105356
SHP02899,Delhi,Colombo,Road,Electronics,7575,25.55,4874,40FT,82.41,Normal,Carrier_D,13,144448
SHP02900,Hyderabad,Singapore,Air,Food Products,3175,17.2,3696,AIR_CARGO,87.07,Off_Peak,Carrier_E,5,261481
SHP02901,Mumbai,Hamburg,Sea,Solar Panels,1528,7.71,10421,LCL,94.5,Off_Peak,Carrier_A,24,66667
SHP02902,Delhi,Rotterdam,Road,Food Products,7755,21.99,7236,20FT,112.3,Off_Peak,Carrier_B,18,123628
SHP02903,Hyderabad,New York,Road,Chemicals,9953,29.69,9276,LCL,104.26,Normal,Carrier_E,22,150929
SHP02904,Hyderabad,Busan,Road,General Cargo,9415,31.33,12024,40FT_HC,113.51,Off_Peak,Carrier_D,27,285688
SHP02905,Mumbai,Antwerp,Road,Textiles,2698,13.9,4509,40FT_HC,81.41,Normal,Carrier_D,12,94473
SHP02906,Delhi,Busan,Sea,Solar Panels,13938,37.16,10826,40FT,109.83,Off_Peak,Carrier_D,24,217161
SHP02907,Mumbai,London,Sea,Food Products,7460,18.76,9671,40FT,113.6,Off_Peak,Carrier_B,22,140408
SHP02908,Cochin,London,Air,Food Products,4119,19.55,5258,AIR_CARGO,85.29,Off_Peak,Carrier_D,7,362277
SHP02909,Cochin,Rotterdam,Air,General Cargo,4499,22.52,8101,AIR_CARGO,99.1,Off_Peak,Carrier_C,10,525611
SHP02910,Visakhapatnam,Singapore,Road,Automotive Parts,14693,37.12,5314,40FT_HC,85.67,Off_Peak,Carrier_C,14,179692
SHP02911,Pune,Shanghai,Road,Electronics,11257,33.51,6192,40FT_HC,89.17,Off_Peak,Carrier_C,16,191197
SHP02912,Hyderabad,Antwerp,Air,Furniture,3489,14.61,5294,AIR_CARGO,86.08,Normal,Carrier_D,7,380936
SHP02913,Cochin,Hamburg,Air,Textiles,4093,19.6,4606,AIR_CARGO,82.66,Normal,Carrier_C,6,377564
SHP02914,Visakhapatnam,New York,Road,Automotive Parts,13954,39.63,9383,40FT_HC,101.55,Normal,Carrier_B,23,301221
SHP02915,Mumbai,Colombo,Air,Food Products,1090,4.63,1555,AIR_CARGO,82.35,Peak,Carrier_C,4,134152
SHP02916,Delhi,Busan,Road,Chemicals,7221,25.73,7267,LCL,92.91,Off_Peak,Carrier_B,18,102277
SHP02917,Pune,Rotterdam,Air,Electronics,3782,18.84,7512,AIR_CARGO,95.96,Off_Peak,Carrier_D,9,533651
SHP02918,Mumbai,Dubai,Road,Pharmaceuticals,2770,8.16,1865,40FT_HC,112.46,Normal,Carrier_E,7,74032
SHP02919,Visakhapatnam,Shanghai,Road,Solar Panels,14298,41.2,10514,40FT_HC,106.62,Off_Peak,Carrier_A,24,324578
SHP02920,Ahmedabad,Hamburg,Sea,Chemicals,12473,27.38,3656,20FT,78.45,Peak,Carrier_A,11,120215
SHP02921,Chennai,Los Angeles,Sea,Chemicals,554,7.55,15889,LCL,88.08,Normal,Carrier_D,35,105892
SHP02922,Delhi,New York,Road,Food Products,7738,24.18,11663,40FT_HC,80.43,Off_Peak,Carrier_D,27,200235
SHP02923,Hyderabad,Singapore,Air,Electronics,3345,18.52,3680,AIR_CARGO,103.42,Peak,Carrier_E,5,470399
SHP02924,Chennai,London,Sea,Automotive Parts,534,6.09,10024,LCL,76.88,Off_Peak,Carrier_D,24,45907
SHP02925,Chennai,Hamburg,Air,Automotive Parts,463,2.27,11161,AIR_CARGO,85.51,Peak,Carrier_B,12,610526
SHP02926,Hyderabad,Jebel Ali,Air,Food Products,3110,15.96,2858,AIR_CARGO,87.46,Normal,Carrier_D,5,271543
SHP02927,Cochin,Singapore,Sea,Pharmaceuticals,17402,31.83,7878,20FT,96.64,Peak,Carrier_D,19,206512
SHP02928,Bengaluru,Los Angeles,Air,Furniture,2067,9.5,16314,AIR_CARGO,101.08,Peak,Carrier_A,17,1114563
SHP02929,Ahmedabad,Hamburg,Air,Furniture,2738,13.29,11121,AIR_CARGO,109.13,Peak,Carrier_E,12,810996
SHP02930,Kolkata,Hamburg,Air,Chemicals,1338,6.51,12168,AIR_CARGO,113.56,Normal,Carrier_A,13,900429
SHP02931,Chennai,Antwerp,Sea,Chemicals,5786,21.06,4271,40FT_HC,79.98,Off_Peak,Carrier_C,12,93029
SHP02932,Visakhapatnam,Dubai,Sea,Electronics,7685,15.73,7039,LCL,91.9,Off_Peak,Carrier_B,18,63192
SHP02933,Chennai,Hamburg,Air,Automotive Parts,461,2.23,10839,AIR_CARGO,75.41,Off_Peak,Carrier_E,12,377629
SHP02934,Kolkata,Rotterdam,Air,Electronics,1457,7.28,12265,AIR_CARGO,113.45,Normal,Carrier_E,13,811675
SHP02935,Kolkata,London,Air,Textiles,1140,5.42,11304,AIR_CARGO,75.98,Peak,Carrier_E,13,527970
SHP02936,Mumbai,Rotterdam,Air,Machinery,858,4.3,9781,AIR_CARGO,87.07,Peak,Carrier_D,11,527037
SHP02937,Ahmedabad,Dubai,Sea,Electronics,4360,9.89,1774,LCL,100.91,Normal,Carrier_C,8,29525
SHP02938,Bengaluru,Singapore,Air,Automotive Parts,1838,10.1,3474,AIR_CARGO,88.68,Normal,Carrier_C,5,258191
SHP02939,Hyderabad,Busan,Road,Automotive Parts,10276,33.13,10530,40FT_HC,110.71,Normal,Carrier_E,25,299071
SHP02940,Kolkata,New York,Air,Pharmaceuticals,1355,6.04,14572,AIR_CARGO,78.32,Peak,Carrier_E,15,897174
SHP02941,Pune,Rotterdam,Sea,Chemicals,15241,30.98,8047,20FT,97.21,Off_Peak,Carrier_A,20,142008
SHP02942,Mumbai,Los Angeles,Air,Electronics,661,3.04,15059,AIR_CARGO,91.32,Off_Peak,Carrier_A,16,713501
SHP02943,Kolkata,Busan,Sea,General Cargo,9763,29.62,6079,40FT_HC,87.9,Off_Peak,Carrier_C,16,116522
SHP02944,Kolkata,Colombo,Sea,Textiles,7364,22.84,2081,20FT,76.54,Normal,Carrier_D,9,51818
SHP02945,Cochin,Colombo,Road,Electronics,12868,38.68,11731,40FT_HC,112.19,Normal,Carrier_E,26,372562
SHP02946,Chennai,Singapore,Sea,Pharmaceuticals,3343,6.96,3389,20FT,113.72,Normal,Carrier_D,11,56644
SHP02947,Hyderabad,Los Angeles,Air,Solar Panels,3147,14.32,15842,AIR_CARGO,97.1,Peak,Carrier_C,17,1169260
SHP02948,Delhi,Los Angeles,Road,Solar Panels,6733,21.27,9652,40FT,103.69,Off_Peak,Carrier_D,22,216805
SHP02949,Ahmedabad,London,Sea,Chemicals,16622,36.08,7975,40FT_HC,95.64,Normal,Carrier_A,19,248285
SHP02950,Kolkata,Rotterdam,Road,Electronics,4930,14.56,11537,20FT,113.93,Peak,Carrier_E,26,254115
SHP02951,Chennai,Busan,Sea,Pharmaceuticals,5773,21.72,3703,40FT_HC,77.51,Peak,Carrier_C,12,124821
SHP02952,Ahmedabad,Dubai,Air,Pharmaceuticals,2922,15.45,1727,AIR_CARGO,99.94,Off_Peak,Carrier_D,4,257124
SHP02953,Hyderabad,Rotterdam,Road,Pharmaceuticals,10329,28.22,10556,20FT,87.85,Peak,Carrier_B,24,262969
SHP02954,Hyderabad,Busan,Air,General Cargo,3277,13.34,12054,AIR_CARGO,113.78,Normal,Carrier_D,13,809851
SHP02955,Cochin,Jebel Ali,Sea,Pharmaceuticals,25196,48.73,9371,40FT_HC,103.23,Peak,Carrier_D,23,404785
SHP02956,Kolkata,Busan,Air,Chemicals,1400,5.67,11936,AIR_CARGO,113.8,Off_Peak,Carrier_B,13,742705
SHP02957,Ahmedabad,Busan,Sea,Furniture,16538,42.01,9752,40FT,103.75,Normal,Carrier_D,23,211582
SHP02958,Hyderabad,Colombo,Road,Furniture,10547,32.87,10127,LCL,106.05,Normal,Carrier_D,23,141146
SHP02959,Pune,Busan,Sea,Chemicals,22746,52.75,8414,40FT_HC,98.82,Normal,Carrier_A,20,314156
SHP02960,Bengaluru,Colombo,Road,Furniture,5860,21.04,7535,LCL,94.73,Off_Peak,Carrier_A,18,83270
SHP02961,Bengaluru,Rotterdam,Road,Machinery,5092,15.23,11138,40FT_HC,92.52,Normal,Carrier_B,26,224364
SHP02962,Cochin,Hamburg,Road,Electronics,13181,35.68,12311,40FT,114.19,Normal,Carrier_D,28,369905
SHP02963,Chennai,Dubai,Sea,Solar Panels,745,2.38,3645,LCL,95.99,Peak,Carrier_D,11,30233
SHP02964,Pune,Dubai,Air,Automotive Parts,3860,20.65,2050,AIR_CARGO,95.4,Normal,Carrier_A,5,328701
SHP02965,Visakhapatnam,London,Road,Chemicals,13647,37.61,7161,20FT,93.7,Normal,Carrier_B,17,186440
SHP02966,Cochin,Antwerp,Sea,Chemicals,24095,53.84,4113,40FT_HC,80.28,Normal,Carrier_C,12,240985
SHP02967,Mumbai,Colombo,Air,Food Products,956,4.03,1548,AIR_CARGO,110.56,Peak,Carrier_E,4,145827
SHP02968,Delhi,Dubai,Sea,Furniture,13617,26.23,2257,40FT_HC,95.13,Peak,Carrier_B,8,133225
SHP02969,Delhi,Dubai,Road,General Cargo,7166,19,2137,LCL,92.6,Normal,Carrier_A,8,46623
SHP02970,Kolkata,Antwerp,Road,Electronics,3703,16.54,9853,20FT,104.21,Normal,Carrier_A,23,184954
SHP02971,Hyderabad,Shanghai,Sea,Pharmaceuticals,5366,18.49,5201,LCL,88.47,Off_Peak,Carrier_A,14,58656
SHP02972,Pune,Singapore,Air,Food Products,3821,21.2,4274,AIR_CARGO,85.12,Normal,Carrier_B,6,367128
SHP02973,Pune,Colombo,Road,Furniture,11001,33.59,5154,40FT_HC,84.72,Off_Peak,Carrier_C,14,147475
SHP02974,Cochin,Jebel Ali,Sea,Solar Panels,23842,46.14,3151,40FT,75.13,Off_Peak,Carrier_A,10,169918
SHP02975,Kolkata,Antwerp,Air,Solar Panels,1498,6.19,5540,AIR_CARGO,86.56,Off_Peak,Carrier_D,7,291778
SHP02976,Bengaluru,Los Angeles,Road,Textiles,5161,17.27,15750,20FT,112.67,Off_Peak,Carrier_B,35,219028
SHP02977,Bengaluru,Colombo,Sea,Solar Panels,9169,26.58,5504,20FT,87.35,Peak,Carrier_C,16,113100
SHP02978,Mumbai,Los Angeles,Sea,Textiles,8519,21.95,15391,40FT,100.52,Peak,Carrier_D,33,260346
SHP02979,Bengaluru,Busan,Sea,Chemicals,12919,35.03,11367,40FT_HC,113.07,Normal,Carrier_C,27,290980
SHP02980,Bengaluru,Los Angeles,Sea,Furniture,12770,29.79,15941,40FT,108.86,Normal,Carrier_D,35,257223
SHP02981,Visakhapatnam,Singapore,Sea,Food Products,27758,50.96,4485,40FT_HC,81.19,Off_Peak,Carrier_C,12,192373
SHP02982,Ahmedabad,Hamburg,Road,Textiles,8658,24.37,4079,20FT,80.15,Peak,Carrier_A,12,108039
SHP02983,Chennai,Jebel Ali,Sea,Food Products,1180,4.67,3427,LCL,91.66,Off_Peak,Carrier_A,12,21406
SHP02984,Pune,Jebel Ali,Road,Solar Panels,10703,28.1,8142,LCL,97.37,Normal,Carrier_D,20,127440
SHP02985,Visakhapatnam,Shanghai,Air,Pharmaceuticals,4903,21.19,5929,AIR_CARGO,89.22,Peak,Carrier_E,8,710479
SHP02986,Cochin,Hamburg,Sea,Machinery,17561,36.02,7555,20FT,96.54,Peak,Carrier_D,18,161878
SHP02987,Mumbai,Rotterdam,Sea,Food Products,6734,15.69,10287,40FT_HC,75.15,Peak,Carrier_D,24,159126
SHP02988,Pune,Los Angeles,Sea,Automotive Parts,22005,46.57,10255,40FT,107.82,Normal,Carrier_B,24,274591
SHP02989,Bengaluru,Dubai,Air,Chemicals,1917,10.14,3169,AIR_CARGO,79.75,Off_Peak,Carrier_A,5,240280
SHP02990,Pune,London,Air,Furniture,3577,16.97,9664,AIR_CARGO,80.26,Normal,Carrier_E,10,521505
SHP02991,Chennai,London,Air,Automotive Parts,547,2.56,10340,AIR_CARGO,91.18,Peak,Carrier_E,11,594438
SHP02992,Delhi,Rotterdam,Sea,Textiles,14307,30.01,7013,40FT,87.23,Normal,Carrier_E,17,145515
SHP02993,Chennai,Rotterdam,Air,Food Products,626,3.14,10939,AIR_CARGO,108.53,Normal,Carrier_C,11,579145
SHP02994,Delhi,Rotterdam,Sea,Machinery,3931,10.26,7232,LCL,102.77,Peak,Carrier_C,18,69612
SHP02995,Pune,Hamburg,Sea,Automotive Parts,22763,46.24,10548,40FT_HC,86.66,Normal,Carrier_A,24,280566
SHP02996,Bengaluru,Los Angeles,Air,Automotive Parts,1822,8.41,15464,AIR_CARGO,106.84,Normal,Carrier_A,15,985258
SHP02997,Mumbai,New York,Air,Chemicals,911,4.1,13280,AIR_CARGO,86.99,Normal,Carrier_E,14,681692
SHP02998,Bengaluru,London,Air,Pharmaceuticals,1892,8.89,10947,AIR_CARGO,95.96,Normal,Carrier_C,12,749878
SHP02999,Chennai,Dubai,Air,Chemicals,630,3.39,3501,AIR_CARGO,83.83,Peak,Carrier_B,5,248978
SHP03000,Delhi,New York,Road,General Cargo,6979,22.56,11867,40FT,85.87,Peak,Carrier_A,26,283276
SHP03001,Delhi,Los Angeles,Air,Solar Panels,2531,11.75,4727,AIR_CARGO,81.89,Off_Peak,Carrier_B,7,306589
SHP03002,Delhi,New York,Air,Machinery,2524,11.2,11708,AIR_CARGO,109.72,Normal,Carrier_E,13,709296
SHP03003,Bengaluru,New York,Sea,General Cargo,12608,30.65,13828,40FT,81.41,Normal,Carrier_D,30,196758
SHP03004,Bengaluru,New York,Sea,General Cargo,8578,22.93,14952,20FT,95.9,Peak,Carrier_B,31,185032
SHP03005,Kolkata,Hamburg,Road,Food Products,3990,13.17,10212,20FT,106.12,Off_Peak,Carrier_D,24,136239
SHP03006,Cochin,London,Sea,Solar Panels,18074,38.1,11198,20FT,110.11,Normal,Carrier_C,26,198375
SHP03007,Ahmedabad,Dubai,Road,General Cargo,8807,22.69,1738,20FT,110.97,Off_Peak,Carrier_B,7,60421
SHP03008,Kolkata,Antwerp,Air,Furniture,1299,5.41,4520,AIR_CARGO,81.89,Normal,Carrier_C,6,231084
SHP03009,Bengaluru,Busan,Sea,Solar Panels,12811,35.13,12306,40FT_HC,114.12,Normal,Carrier_A,28,287222
SHP03010,Visakhapatnam,Dubai,Road,Pharmaceuticals,13520,34.66,4988,40FT_HC,83.75,Off_Peak,Carrier_E,14,185199
SHP03011,Hyderabad,Rotterdam,Road,Furniture,9755,26.66,11154,20FT,75.32,Normal,Carrier_A,25,159411
SHP03012,Bengaluru,Antwerp,Road,Electronics,6330,22.6,5694,40FT_HC,87.65,Peak,Carrier_C,15,201148
SHP03013,Chennai,Antwerp,Sea,Furniture,5851,21.11,11346,40FT_HC,111.99,Off_Peak,Carrier_D,25,165284
SHP03014,Chennai,Hamburg,Sea,Food Products,4459,12.89,10939,40FT_HC,88.21,Off_Peak,Carrier_D,25,125117
SHP03015,Delhi,London,Air,Textiles,2192,10.37,6658,AIR_CARGO,86.55,Peak,Carrier_D,8,459172
SHP03016,Pune,London,Air,Chemicals,3977,18.63,9584,AIR_CARGO,112.83,Off_Peak,Carrier_B,11,745963
SHP03017,Mumbai,Dubai,Road,Pharmaceuticals,3002,8.74,2013,40FT_HC,93.6,Off_Peak,Carrier_B,7,64607
SHP03018,Chennai,Busan,Road,Automotive Parts,2056,13.09,8256,LCL,98.63,Off_Peak,Carrier_A,20,87011
SHP03019,Mumbai,Shanghai,Air,Furniture,950,4.1,6441,AIR_CARGO,81.71,Peak,Carrier_E,8,336963
SHP03020,Hyderabad,Busan,Sea,Electronics,13931,36.66,9321,20FT,104.76,Normal,Carrier_C,22,167449
SHP03021,Delhi,Singapore,Sea,Pharmaceuticals,15132,28.22,4053,40FT_HC,79.22,Normal,Carrier_E,13,160262
SHP03022,Kolkata,Rotterdam,Sea,Machinery,8919,19.66,12294,40FT,91.08,Off_Peak,Carrier_B,28,147860
SHP03023,Pune,Shanghai,Sea,Machinery,22337,49.59,7384,40FT_HC,93.44,Off_Peak,Carrier_C,18,200565
SHP03024,Bengaluru,Colombo,Sea,Machinery,12253,31.78,7188,40FT,93.4,Normal,Carrier_B,17,150876
SHP03025,Cochin,Los Angeles,Air,Food Products,4406,20.45,11957,AIR_CARGO,113.67,Normal,Carrier_C,13,855428
SHP03026,Visakhapatnam,Shanghai,Road,Pharmaceuticals,13936,40.28,10064,40FT,105.24,Peak,Carrier_D,23,419330
SHP03027,Visakhapatnam,Singapore,Road,General Cargo,14173,35.45,5619,LCL,85.87,Peak,Carrier_C,14,114838
SHP03028,Delhi,Dubai,Road,Solar Panels,6481,16.88,2108,40FT_HC,101.58,Off_Peak,Carrier_B,8,83695
SHP03029,Delhi,Colombo,Road,Textiles,7531,25.21,3905,40FT_HC,78.48,Off_Peak,Carrier_C,11,100928
SHP03030,Delhi,Antwerp,Road,Chemicals,7000,24.41,7072,40FT_HC,93.4,Peak,Carrier_B,17,255666
SHP03031,Ahmedabad,Dubai,Air,Furniture,2983,16.04,1703,AIR_CARGO,79.32,Normal,Carrier_E,4,205156
SHP03032,Delhi,Singapore,Road,Automotive Parts,7291,18.64,4337,40FT_HC,86.73,Off_Peak,Carrier_B,12,116168
SHP03033,Bengaluru,Hamburg,Road,Food Products,5620,16.76,11497,40FT_HC,112.86,Normal,Carrier_A,26,293956
SHP03034,Bengaluru,Colombo,Road,General Cargo,6034,21.42,7856,40FT_HC,97.65,Off_Peak,Carrier_B,19,169833
SHP03035,Visakhapatnam,Colombo,Road,Furniture,13584,40.37,4542,40FT,82.9,Normal,Carrier_C,12,164148
SHP03036,Hyderabad,Antwerp,Sea,Chemicals,14231,36.48,9806,20FT,104.68,Off_Peak,Carrier_C,23,157754
SHP03037,Cochin,Dubai,Road,Solar Panels,13271,34.35,6047,40FT_HC,88.97,Normal,Carrier_E,16,207011
SHP03038,Chennai,Colombo,Road,Textiles,1864,11.16,952,LCL,83.09,Normal,Carrier_E,6,17882
SHP03039,Bengaluru,Jebel Ali,Air,Textiles,1712,8.81,7994,AIR_CARGO,97.6,Normal,Carrier_D,9,454465
SHP03040,Visakhapatnam,Antwerp,Sea,Electronics,25815,57.57,8139,40FT_HC,96.93,Peak,Carrier_B,20,366826
SHP03041,Ahmedabad,New York,Sea,Automotive Parts,11919,29.67,7165,20FT,93.28,Normal,Carrier_E,19,111847
SHP03042,Visakhapatnam,Los Angeles,Road,Pharmaceuticals,14615,40.84,9476,40FT_HC,103.63,Peak,Carrier_C,23,446674
SHP03043,Bengaluru,Jebel Ali,Sea,Food Products,12915,26.4,11570,40FT,114.3,Peak,Carrier_C,26,254623
SHP03044,Mumbai,Busan,Road,Machinery,3476,16.15,5822,20FT,86.79,Normal,Carrier_D,14,86546
SHP03045,Pune,Antwerp,Road,Food Products,10934,34.13,7949,LCL,97.62,Normal,Carrier_A,19,123827
SHP03046,Chennai,Jebel Ali,Sea,Electronics,554,3.21,3345,LCL,92.11,Peak,Carrier_B,11,27995
SHP03047,Ahmedabad,Hamburg,Air,Textiles,2789,13.63,8182,AIR_CARGO,99.63,Peak,Carrier_D,9,624803
SHP03048,Hyderabad,Colombo,Sea,Textiles,20527,47.11,7980,40FT_HC,95.61,Peak,Carrier_B,20,273564
SHP03049,Hyderabad,Hamburg,Sea,Automotive Parts,13402,28.38,11364,20FT,110.34,Peak,Carrier_E,25,191882
SHP03050,Mumbai,London,Road,Machinery,2759,10.73,9528,20FT,97.9,Peak,Carrier_C,23,157222
SHP03051,Chennai,New York,Road,Chemicals,2018,9.81,13730,LCL,98.59,Normal,Carrier_C,31,163805
SHP03052,Cochin,Dubai,Road,Pharmaceuticals,12496,31.97,7074,40FT,91.97,Normal,Carrier_C,17,248078
SHP03053,Ahmedabad,Busan,Sea,Textiles,16460,41.28,3899,40FT,79.06,Normal,Carrier_B,12,139748
SHP03054,Pune,Dubai,Sea,Machinery,6187,13.17,2069,LCL,112.55,Peak,Carrier_B,9,41821
SHP03055,Pune,Singapore,Air,General Cargo,3730,20.31,4267,AIR_CARGO,77.43,Normal,Carrier_A,7,358366
SHP03056,Kolkata,Dubai,Road,General Cargo,4112,11.43,4778,40FT_HC,82.73,Peak,Carrier_E,13,118482
SHP03057,Mumbai,Shanghai,Road,Machinery,2522,11.69,6194,LCL,88.73,Normal,Carrier_C,16,63141
SHP03058,Pune,Colombo,Air,Food Products,3860,16.29,10920,AIR_CARGO,109.97,Off_Peak,Carrier_D,12,665790
SHP03059,Hyderabad,Singapore,Sea,General Cargo,5103,10.13,3957,LCL,112.34,Peak,Carrier_E,13,49206
SHP03060,Chennai,Los Angeles,Air,Food Products,230,1.07,15203,AIR_CARGO,90.08,Peak,Carrier_A,15,806014
SHP03061,Mumbai,Antwerp,Sea,General Cargo,7543,24.2,9083,40FT,104.01,Peak,Carrier_E,22,176017
SHP03062,Kolkata,Colombo,Air,Pharmaceuticals,1223,5.24,1958,AIR_CARGO,78.97,Off_Peak,Carrier_C,4,148386
SHP03063,Pune,Busan,Road,Furniture,11386,35.88,5181,40FT_HC,85.63,Off_Peak,Carrier_C,14,150414
SHP03064,Delhi,Jebel Ali,Sea,Chemicals,15135,29.85,6756,40FT_HC,90.92,Off_Peak,Carrier_A,17,187001
SHP03065,Ahmedabad,Shanghai,Road,Pharmaceuticals,7994,25.95,7665,40FT_HC,94.15,Normal,Carrier_E,19,236791
SHP03066,Bengaluru,Hamburg,Air,Food Products,1765,8.62,8899,AIR_CARGO,103.06,Peak,Carrier_D,10,627105
SHP03067,Delhi,Shanghai,Road,Furniture,7645,24.81,4942,40FT,87.09,Normal,Carrier_A,13,135073
SHP03068,Kolkata,New York,Road,Solar Panels,3950,14.76,14701,40FT,93.08,Peak,Carrier_E,33,332761
SHP03069,Bengaluru,Singapore,Air,General Cargo,1907,10.5,3529,AIR_CARGO,110.93,Normal,Carrier_E,5,272259
SHP03070,Ahmedabad,Colombo,Air,Solar Panels,2827,12.01,2082,AIR_CARGO,113.61,Off_Peak,Carrier_A,4,252790
SHP03071,Delhi,Antwerp,Sea,Textiles,3730,17.56,7956,LCL,96.21,Peak,Carrier_B,20,73942
SHP03072,Chennai,Busan,Road,Solar Panels,1270,10.87,2988,40FT,75.07,Peak,Carrier_A,10,77036
SHP03073,Mumbai,Dubai,Road,Electronics,3244,8.83,1838,40FT_HC,88.73,Peak,Carrier_A,7,78120
SHP03074,Visakhapatnam,Busan,Air,Pharmaceuticals,4617,18.82,11355,AIR_CARGO,109.79,Normal,Carrier_B,12,1033262
SHP03075,Bengaluru,Hamburg,Road,Electronics,5068,15.42,3847,40FT_HC,78.54,Off_Peak,Carrier_E,11,90102
SHP03076,Pune,Jebel Ali,Road,Chemicals,11078,29.47,4934,40FT,84.4,Off_Peak,Carrier_B,13,158040
SHP03077,Kolkata,Rotterdam,Sea,General Cargo,10834,23.23,11313,40FT_HC,88.31,Normal,Carrier_D,25,180386
SHP03078,Visakhapatnam,Colombo,Sea,Machinery,27994,60.59,7281,40FT,92.55,Peak,Carrier_B,18,297297
SHP03079,Delhi,Singapore,Road,Machinery,7266,18.17,4095,LCL,112.94,Off_Peak,Carrier_E,11,59465
SHP03080,Pune,Busan,Sea,Textiles,21888,51.13,12378,40FT_HC,114.48,Off_Peak,Carrier_E,28,262249
SHP03081,Hyderabad,Rotterdam,Air,Food Products,3400,17.2,11246,AIR_CARGO,104.44,Peak,Carrier_C,13,855719
SHP03082,Bengaluru,Singapore,Sea,Textiles,11277,20.89,3676,40FT,109.22,Off_Peak,Carrier_B,12,95760
SHP03083,Visakhapatnam,Dubai,Sea,Food Products,7855,16.23,3252,LCL,75.76,Off_Peak,Carrier_C,10,35337
SHP03084,Ahmedabad,Antwerp,Air,Automotive Parts,2813,11.74,5690,AIR_CARGO,86.6,Peak,Carrier_B,8,479194
SHP03085,Mumbai,Antwerp,Sea,Machinery,8724,26.53,3318,40FT_HC,76.63,Normal,Carrier_E,10,93671
SHP03086,Kolkata,Colombo,Sea,Automotive Parts,9907,27.09,2090,40FT_HC,104.05,Off_Peak,Carrier_C,9,92087
SHP03087,Kolkata,Rotterdam,Sea,Electronics,11009,23.41,11368,40FT_HC,79.65,Peak,Carrier_B,26,238820
SHP03088,Chennai,Rotterdam,Road,General Cargo,865,4.4,10694,20FT,85.33,Off_Peak,Carrier_B,24,106689
SHP03089,Pune,Shanghai,Road,General Cargo,11864,35.46,10494,40FT_HC,106.92,Peak,Carrier_C,24,351311
SHP03090,Delhi,Singapore,Sea,Electronics,13996,25.74,4298,40FT_HC,99.9,Normal,Carrier_B,12,158759
SHP03091,Chennai,London,Road,Chemicals,850,6.09,10088,40FT_HC,112.1,Normal,Carrier_C,24,264060
SHP03092,Bengaluru,Hamburg,Road,Electronics,6140,18.31,11215,LCL,112.03,Off_Peak,Carrier_C,26,143164
SHP03093,Ahmedabad,Dubai,Road,Textiles,8508,22.08,1747,20FT,88.63,Normal,Carrier_B,7,60638
SHP03094,Chennai,London,Road,Electronics,1888,8.19,10788,20FT,85.3,Peak,Carrier_A,24,183928
SHP03095,Ahmedabad,Shanghai,Air,Solar Panels,2882,12.51,5160,AIR_CARGO,84.64,Normal,Carrier_D,7,379748
SHP03096,Hyderabad,Colombo,Sea,Chemicals,12848,32.43,12115,20FT,112.96,Normal,Carrier_A,26,213767
SHP03097,Hyderabad,Dubai,Sea,Machinery,18682,35.78,2726,40FT_HC,106.39,Peak,Carrier_A,10,187075
SHP03098,Visakhapatnam,Hamburg,Road,Electronics,14703,39.9,7710,LCL,97.5,Normal,Carrier_B,18,147640
SHP03099,Bengaluru,Antwerp,Air,Food Products,2045,8.57,5063,AIR_CARGO,83.43,Peak,Carrier_B,7,354182
SHP03100,Delhi,Colombo,Road,Chemicals,6443,22.55,9986,LCL,107.91,Peak,Carrier_A,23,192345
SHP03101,Chennai,Shanghai,Sea,Food Products,2040,12.26,5630,20FT,106.94,Normal,Carrier_A,16,63057
SHP03102,Bengaluru,London,Air,Furniture,1948,9.1,10148,AIR_CARGO,102.81,Normal,Carrier_B,11,578728
SHP03103,Bengaluru,London,Air,Furniture,2007,9.5,10380,AIR_CARGO,113.23,Off_Peak,Carrier_C,11,573404
SHP03104,Chennai,Rotterdam,Air,Electronics,419,2.1,10852,AIR_CARGO,107.09,Normal,Carrier_C,12,660322
SHP03105,Hyderabad,Jebel Ali,Road,Textiles,10130,27.13,2694,40FT,104.65,Peak,Carrier_D,9,139131
SHP03106,Visakhapatnam,Los Angeles,Air,Automotive Parts,4807,22.17,7064,AIR_CARGO,91.79,Normal,Carrier_B,8,588718
SHP03107,Pune,Busan,Sea,General Cargo,6259,22.47,12304,LCL,114.21,Normal,Carrier_D,26,109219
SHP03108,Delhi,Jebel Ali,Sea,Automotive Parts,3752,9.05,7675,LCL,96.7,Normal,Carrier_C,18,59919
SHP03109,Mumbai,Singapore,Air,Textiles,1029,5.69,4464,AIR_CARGO,106.19,Off_Peak,Carrier_A,6,249641
SHP03110,Kolkata,Colombo,Road,Chemicals,4525,17.82,2101,40FT,114.65,Peak,Carrier_C,7,114130
SHP03111,Hyderabad,Shanghai,Sea,Textiles,20598,46.42,5320,40FT,99.55,Off_Peak,Carrier_B,14,165184
SHP03112,Ahmedabad,New York,Sea,Automotive Parts,16921,37.99,5940,40FT_HC,88.09,Peak,Carrier_D,15,221043
SHP03113,Bengaluru,Jebel Ali,Road,Electronics,5903,16.4,4484,40FT_HC,82.57,Normal,Carrier_D,12,128806
SHP03114,Cochin,London,Air,Solar Panels,4173,19.69,7286,AIR_CARGO,93.69,Normal,Carrier_B,9,588382
SHP03115,Pune,London,Air,Chemicals,3887,18.19,9348,AIR_CARGO,76.02,Normal,Carrier_D,11,640879
SHP03116,Chennai,Rotterdam,Road,Automotive Parts,1640,6.69,10851,20FT,87.73,Normal,Carrier_B,25,140422
SHP03117,Hyderabad,Rotterdam,Sea,General Cargo,18798,38.09,11313,40FT,79.17,Normal,Carrier_A,25,211934
SHP03118,Visakhapatnam,Dubai,Air,Automotive Parts,4561,24.33,6929,AIR_CARGO,93.14,Normal,Carrier_B,9,569858
SHP03119,Kolkata,London,Sea,Food Products,6972,18.23,11954,20FT,80.34,Off_Peak,Carrier_E,26,90809
SHP03120,Hyderabad,Jebel Ali,Road,Furniture,10571,28.39,2761,LCL,105.45,Normal,Carrier_E,9,64614
SHP03121,Kolkata,New York,Road,Textiles,4388,16.02,14980,40FT_HC,75.27,Normal,Carrier_A,33,245801
SHP03122,Mumbai,New York,Sea,General Cargo,8274,23.01,13313,40FT_HC,114.74,Off_Peak,Carrier_E,29,193923
SHP03123,Bengaluru,Los Angeles,Sea,General Cargo,12967,30.18,15694,40FT_HC,75.14,Peak,Carrier_B,34,264032
SHP03124,Ahmedabad,Colombo,Road,Machinery,8939,28.42,2196,40FT_HC,81.95,Off_Peak,Carrier_B,7,89720
SHP03125,Delhi,Antwerp,Road,Furniture,6596,23.19,5874,20FT,87.27,Peak,Carrier_C,15,123756
SHP03126,Delhi,Hamburg,Road,Furniture,7475,21.82,9553,40FT,104.07,Off_Peak,Carrier_D,23,190791
SHP03127,Pune,London,Air,Food Products,4002,18.85,9198,AIR_CARGO,97.65,Normal,Carrier_B,10,618306
SHP03128,Chennai,Singapore,Air,Pharmaceuticals,443,2.41,3328,AIR_CARGO,112.71,Normal,Carrier_B,5,255614
SHP03129,Cochin,London,Road,Chemicals,13378,37.05,8951,40FT,100.51,Normal,Carrier_B,21,294816
SHP03130,Kolkata,Los Angeles,Road,Chemicals,4636,15.83,10321,40FT,108.62,Peak,Carrier_A,24,342102
SHP03131,Pune,Colombo,Air,Furniture,3929,16.83,5904,AIR_CARGO,86.99,Off_Peak,Carrier_C,8,383656
SHP03132,Mumbai,Hamburg,Sea,Solar Panels,6687,16.86,10446,40FT,101.87,Off_Peak,Carrier_B,23,149438
SHP03133,Kolkata,New York,Road,Chemicals,4495,16.51,14238,40FT,105.38,Peak,Carrier_C,32,424822
SHP03134,Bengaluru,Colombo,Road,Textiles,5666,20.24,4052,40FT_HC,80.18,Off_Peak,Carrier_E,11,90167
SHP03135,Pune,Antwerp,Road,Solar Panels,10907,34.06,3497,40FT_HC,77.98,Peak,Carrier_E,10,171727
SHP03136,Visakhapatnam,Antwerp,Sea,Furniture,18986,45.14,11066,20FT,109.47,Off_Peak,Carrier_C,26,164084
SHP03137,Chennai,Rotterdam,Sea,Machinery,943,5.36,11003,LCL,84.52,Normal,Carrier_E,26,55446
SHP03138,Bengaluru,Jebel Ali,Road,Solar Panels,6342,17.41,4261,40FT_HC,80.83,Off_Peak,Carrier_A,11,112412
SHP03139,Hyderabad,Los Angeles,Road,Machinery,9503,27.96,14738,40FT_HC,95.26,Off_Peak,Carrier_A,33,297112
SHP03140,Hyderabad,Busan,Road,General Cargo,10316,33.65,8550,40FT,101.62,Off_Peak,Carrier_E,21,192108
SHP03141,Delhi,London,Air,General Cargo,2212,10.3,6572,AIR_CARGO,96.5,Off_Peak,Carrier_E,9,347771
SHP03142,Mumbai,Rotterdam,Road,Machinery,3280,10.45,9769,20FT,87.53,Off_Peak,Carrier_E,23,104187
SHP03143,Mumbai,New York,Air,Textiles,772,3.44,12547,AIR_CARGO,111.96,Normal,Carrier_A,14,728246
SHP03144,Hyderabad,Dubai,Sea,General Cargo,14450,28.01,2811,20FT,112.04,Peak,Carrier_C,10,103939
SHP03145,Chennai,Jebel Ali,Sea,Automotive Parts,5608,12.39,3378,40FT,102.4,Off_Peak,Carrier_A,11,70055
SHP03146,Delhi,Rotterdam,Road,Furniture,7109,19.88,7048,LCL,113.9,Peak,Carrier_A,18,126821
SHP03147,Bengaluru,Antwerp,Sea,Textiles,13073,34.67,3756,40FT_HC,78.04,Normal,Carrier_D,12,128884
SHP03148,Pune,Busan,Sea,Automotive Parts,21589,50.93,7287,40FT_HC,95.22,Peak,Carrier_E,18,286464
SHP03149,Bengaluru,Busan,Sea,Automotive Parts,2835,17.15,8813,LCL,101.39,Normal,Carrier_A,22,76461
SHP03150,Bengaluru,Singapore,Air,Automotive Parts,2029,11.23,3566,AIR_CARGO,85.46,Off_Peak,Carrier_C,5,232958
SHP03151,Bengaluru,Dubai,Sea,General Cargo,8329,16.81,3152,20FT,108.95,Peak,Carrier_D,11,75246
SHP03152,Delhi,Colombo,Sea,Automotive Parts,13702,33.95,9107,40FT,102.16,Peak,Carrier_A,21,248223
SHP03153,Bengaluru,Colombo,Air,Machinery,2026,8.53,3705,AIR_CARGO,78.37,Normal,Carrier_B,5,236294
SHP03154,Visakhapatnam,Colombo,Air,Solar Panels,4610,19.72,10784,AIR_CARGO,107.61,Normal,Carrier_B,11,855499
SHP03155,Cochin,Colombo,Sea,General Cargo,16661,40.11,7304,20FT,93.27,Peak,Carrier_B,19,155741
SHP03156,Pune,Shanghai,Sea,Electronics,15662,37.42,9176,20FT,101.03,Off_Peak,Carrier_C,21,147131
SHP03157,Ahmedabad,Singapore,Air,Automotive Parts,2840,15.71,10925,AIR_CARGO,111.58,Off_Peak,Carrier_A,12,718865
SHP03158,Visakhapatnam,Dubai,Road,Food Products,13557,34.67,3308,40FT_HC,76.66,Off_Peak,Carrier_D,10,126842
SHP03159,Cochin,Hamburg,Air,Food Products,4252,20.77,5851,AIR_CARGO,89,Peak,Carrier_E,7,532655
SHP03160,Bengaluru,Antwerp,Sea,Food Products,9194,27.12,7707,20FT,95.82,Peak,Carrier_D,18,126854
SHP03161,Mumbai,Busan,Air,Machinery,689,2.79,11233,AIR_CARGO,109.28,Off_Peak,Carrier_C,12,547264
SHP03162,Visakhapatnam,Busan,Sea,Pharmaceuticals,7516,24.99,4595,LCL,81.65,Peak,Carrier_C,12,79833
SHP03163,Pune,Singapore,Air,Chemicals,3953,21.55,4240,AIR_CARGO,92.14,Normal,Carrier_C,6,473411
SHP03164,Ahmedabad,Los Angeles,Air,Electronics,2948,13.62,9958,AIR_CARGO,105.45,Peak,Carrier_C,11,871379
SHP03165,Ahmedabad,Busan,Air,Food Products,2736,11,6905,AIR_CARGO,91.54,Normal,Carrier_A,8,439708
SHP03166,Bengaluru,Jebel Ali,Road,Machinery,5590,15.44,6233,40FT_HC,88.53,Normal,Carrier_D,16,143017
SHP03167,Bengaluru,Los Angeles,Air,Textiles,2043,9.37,16571,AIR_CARGO,85.94,Normal,Carrier_E,17,729934
SHP03168,Pune,London,Sea,Electronics,21635,45.23,9624,40FT,110.03,Peak,Carrier_E,22,315236
SHP03169,Kolkata,New York,Road,Pharmaceuticals,4482,16.28,15237,40FT,100.65,Off_Peak,Carrier_A,34,348335
SHP03170,Hyderabad,Hamburg,Road,General Cargo,9681,27,5606,40FT,86.85,Peak,Carrier_C,14,177889
SHP03171,Visakhapatnam,Colombo,Road,Automotive Parts,14521,42.57,6823,40FT_HC,93.26,Normal,Carrier_B,17,239814
SHP03172,Chennai,Hamburg,Sea,Solar Panels,3564,10.65,11109,20FT,114.39,Normal,Carrier_C,25,129390
SHP03173,Chennai,Rotterdam,Sea,Pharmaceuticals,2090,6.99,11161,20FT,76.84,Peak,Carrier_B,26,117203
SHP03174,Bengaluru,Colombo,Air,General Cargo,1659,6.99,9811,AIR_CARGO,106.84,Peak,Carrier_E,11,655274
SHP03175,Ahmedabad,Los Angeles,Sea,Chemicals,16195,35.66,6855,40FT,91.84,Normal,Carrier_C,18,200408
SHP03176,Mumbai,Antwerp,Sea,Electronics,1999,14.32,11873,LCL,113.67,Normal,Carrier_D,26,102102
SHP03177,Pune,Jebel Ali,Road,Furniture,11895,31.55,9790,40FT_HC,104.95,Peak,Carrier_C,23,322741
SHP03178,Cochin,Busan,Road,Machinery,12712,39.66,8104,40FT,96.98,Peak,Carrier_E,20,263932
SHP03179,Pune,Dubai,Road,Food Products,11741,30.62,2141,40FT_HC,108.85,Off_Peak,Carrier_E,7,108342
SHP03180,Chennai,Colombo,Air,Food Products,520,2.19,1008,AIR_CARGO,76.25,Off_Peak,Carrier_D,4,53359
SHP03181,Mumbai,Los Angeles,Air,Chemicals,984,4.52,14772,AIR_CARGO,96.7,Peak,Carrier_D,15,1063944
SHP03182,Visakhapatnam,Shanghai,Road,Solar Panels,14507,41.74,9548,LCL,105.78,Normal,Carrier_B,22,167574
SHP03183,Mumbai,Colombo,Sea,General Cargo,6786,22.24,1552,40FT_HC,106.28,Peak,Carrier_E,8,85022
SHP03184,Hyderabad,London,Sea,Food Products,18863,39.53,11626,40FT_HC,110.93,Peak,Carrier_B,26,315818
SHP03185,Cochin,Antwerp,Air,Food Products,4421,18.52,5221,AIR_CARGO,85.64,Normal,Carrier_B,7,415717
SHP03186,Cochin,Rotterdam,Sea,Food Products,17590,35.69,7542,20FT,94.75,Peak,Carrier_D,19,158165
SHP03187,Delhi,Los Angeles,Sea,General Cargo,14462,32.85,4633,40FT_HC,82.65,Off_Peak,Carrier_D,13,123382
SHP03188,Pune,London,Road,Food Products,10797,30.91,9223,40FT,81.81,Peak,Carrier_E,22,231406
SHP03189,Kolkata,New York,Air,Electronics,1275,5.7,15560,AIR_CARGO,79.86,Peak,Carrier_A,16,909751
SHP03190,Bengaluru,Singapore,Road,Electronics,6159,15.66,3470,40FT_HC,111.88,Peak,Carrier_D,10,160346
SHP03191,Chennai,New York,Sea,Machinery,3353,13.25,13601,20FT,84.49,Normal,Carrier_E,31,102837
SHP03192,Visakhapatnam,Shanghai,Road,Chemicals,14562,42.1,3148,40FT_HC,75.34,Peak,Carrier_A,10,233424
SHP03193,Ahmedabad,Shanghai,Road,General Cargo,8250,26.49,3294,40FT,76.87,Peak,Carrier_E,10,121264
SHP03194,Ahmedabad,Antwerp,Air,Electronics,2781,11.62,11741,AIR_CARGO,114.07,Normal,Carrier_A,12,903133
SHP03195,Kolkata,Rotterdam,Road,Machinery,4813,14.56,11664,LCL,83.54,Peak,Carrier_B,27,130095
SHP03196,Mumbai,New York,Sea,Machinery,1741,10.89,12981,LCL,95.06,Normal,Carrier_D,28,79568
SHP03197,Hyderabad,New York,Sea,Pharmaceuticals,18486,40.63,6947,40FT_HC,92.03,Off_Peak,Carrier_E,17,214607
SHP03198,Delhi,Dubai,Sea,Automotive Parts,9863,19.64,2263,20FT,97,Off_Peak,Carrier_B,9,57703
SHP03199,Mumbai,Busan,Sea,Automotive Parts,7837,25.85,6200,40FT_HC,88.03,Off_Peak,Carrier_D,17,116587
SHP03200,Pune,Colombo,Road,Electronics,11528,35.33,6377,20FT,89.17,Peak,Carrier_D,17,181993
SHP03201,Hyderabad,Antwerp,Sea,Food Products,20774,48.09,7914,40FT,95.41,Normal,Carrier_E,20,200210
SHP03202,Pune,Jebel Ali,Road,Food Products,10686,28.3,9680,20FT,102.69,Normal,Carrier_C,23,180940
SHP03203,Pune,New York,Sea,Chemicals,22980,48.9,13933,40FT_HC,98.73,Normal,Carrier_A,30,381525
SHP03204,Pune,London,Air,Furniture,3983,18.55,9459,AIR_CARGO,113.6,Off_Peak,Carrier_E,11,580482
SHP03205,Bengaluru,Singapore,Sea,General Cargo,13097,24.11,3732,40FT_HC,91.47,Off_Peak,Carrier_E,11,103150
SHP03206,Delhi,London,Sea,Food Products,15065,33.34,6909,40FT_HC,89.8,Peak,Carrier_C,18,205691
SHP03207,Bengaluru,Busan,Road,Automotive Parts,5328,21.28,10103,40FT,104.58,Peak,Carrier_A,24,300551
SHP03208,Delhi,Los Angeles,Road,Machinery,7031,21.79,3646,20FT,78.18,Peak,Carrier_B,10,88402
SHP03209,Bengaluru,New York,Air,Food Products,1880,8.41,15047,AIR_CARGO,91.6,Normal,Carrier_B,16,748151
SHP03210,Hyderabad,Shanghai,Sea,Food Products,20308,45.61,5563,40FT_HC,99.74,Peak,Carrier_C,16,240935
SHP03211,Bengaluru,Antwerp,Sea,General Cargo,3183,16.2,9283,LCL,101.06,Peak,Carrier_B,22,84199
SHP03212,Chennai,Singapore,Air,Textiles,151,0.83,3311,AIR_CARGO,100.36,Peak,Carrier_E,5,187074
SHP03213,Cochin,Jebel Ali,Air,Food Products,4445,22.78,7368,AIR_CARGO,94.16,Peak,Carrier_B,9,666083
SHP03214,Mumbai,Hamburg,Road,Automotive Parts,2928,10.28,10076,20FT,110.5,Off_Peak,Carrier_D,24,149185
SHP03215,Visakhapatnam,Los Angeles,Sea,Electronics,7912,20.39,9917,LCL,105.27,Peak,Carrier_B,23,120893
SHP03216,Delhi,Shanghai,Sea,Pharmaceuticals,4003,15.83,4527,LCL,102.7,Off_Peak,Carrier_E,14,48255
SHP03217,Cochin,Singapore,Air,Automotive Parts,4399,24.07,12005,AIR_CARGO,112.72,Normal,Carrier_A,13,955137
SHP03218,Kolkata,Busan,Sea,Automotive Parts,6960,24.54,4540,20FT,81.38,Off_Peak,Carrier_A,14,68769
SHP03219,Visakhapatnam,Los Angeles,Road,Machinery,13819,39.21,9212,LCL,104.65,Normal,Carrier_D,21,141375
SHP03220,Hyderabad,Rotterdam,Road,Food Products,10436,28.53,11233,40FT_HC,100.01,Peak,Carrier_E,26,319534
SHP03221,Visakhapatnam,Rotterdam,Sea,Food Products,26818,52.18,10182,40FT,105.26,Peak,Carrier_C,24,330275
SHP03222,Ahmedabad,Los Angeles,Sea,Chemicals,18269,39.47,9024,40FT_HC,99.9,Peak,Carrier_D,21,323099
SHP03223,Visakhapatnam,Colombo,Air,General Cargo,4890,20.76,5617,AIR_CARGO,87.22,Normal,Carrier_E,7,448687
SHP03224,Cochin,Dubai,Road,General Cargo,13351,34.24,9691,LCL,106.16,Peak,Carrier_E,22,166869
SHP03225,Pune,Colombo,Air,Food Products,3654,15.49,6508,AIR_CARGO,91.5,Peak,Carrier_B,8,536009
SHP03226,Kolkata,Jebel Ali,Road,Furniture,3964,11.49,5204,40FT_HC,84.73,Normal,Carrier_E,13,103917
SHP03227,Mumbai,Shanghai,Road,Pharmaceuticals,3553,14.54,6708,40FT,103.32,Peak,Carrier_E,17,219874
SHP03228,Visakhapatnam,London,Sea,Machinery,7963,19.66,8849,LCL,101.99,Normal,Carrier_C,20,81353
SHP03229,Ahmedabad,Jebel Ali,Air,Textiles,2714,13.97,6355,AIR_CARGO,89.35,Off_Peak,Carrier_A,8,368773
SHP03230,Visakhapatnam,Shanghai,Road,Food Products,14214,41.05,7870,LCL,98.15,Normal,Carrier_B,19,129813
SHP03231,Pune,Jebel Ali,Road,Automotive Parts,11870,31.28,5148,40FT_HC,85.49,Off_Peak,Carrier_E,13,149536
SHP03232,Ahmedabad,Colombo,Sea,General Cargo,16101,38.69,2101,40FT_HC,108.27,Off_Peak,Carrier_E,9,118041
SHP03233,Kolkata,Colombo,Road,Chemicals,4976,18.88,1988,40FT_HC,94.92,Normal,Carrier_A,7,96478
SHP03234,Visakhapatnam,Hamburg,Air,Machinery,4610,22.18,8388,AIR_CARGO,100.14,Peak,Carrier_E,10,702224
SHP03235,Pune,Singapore,Road,Food Products,11226,28.1,4529,40FT,95.52,Normal,Carrier_D,12,148273
SHP03236,Pune,Singapore,Sea,Chemicals,21664,39.39,4636,40FT,104.62,Normal,Carrier_A,14,226293
SHP03237,Bengaluru,Rotterdam,Road,Furniture,6184,17.56,11437,20FT,104.16,Normal,Carrier_C,27,180563
SHP03238,Mumbai,Singapore,Air,Automotive Parts,1112,6.16,4330,AIR_CARGO,109.15,Peak,Carrier_A,6,371300
SHP03239,Visakhapatnam,Dubai,Road,Food Products,13806,35.41,5703,40FT_HC,87.74,Normal,Carrier_A,15,195775
SHP03240,Ahmedabad,Hamburg,Air,Automotive Parts,2683,13.1,10030,AIR_CARGO,105.05,Peak,Carrier_B,11,811842
SHP03241,Ahmedabad,Rotterdam,Sea,Textiles,4762,12.64,9538,LCL,109.74,Normal,Carrier_C,23,78458
SHP03242,Hyderabad,New York,Road,Textiles,9304,28.03,4126,LCL,79.93,Off_Peak,Carrier_A,11,63194
SHP03243,Ahmedabad,Hamburg,Air,Automotive Parts,2897,14.07,9136,AIR_CARGO,101.33,Peak,Carrier_C,10,756664
SHP03244,Visakhapatnam,Los Angeles,Air,Chemicals,4584,21.1,9343,AIR_CARGO,104.57,Peak,Carrier_C,11,1014872
SHP03245,Visakhapatnam,Shanghai,Road,Solar Panels,14787,42.45,6669,40FT_HC,91.34,Off_Peak,Carrier_B,16,221728
SHP03246,Bengaluru,Antwerp,Air,Electronics,1743,7.16,7343,AIR_CARGO,94.21,Off_Peak,Carrier_B,8,410840
SHP03247,Ahmedabad,Antwerp,Air,Machinery,2723,11.27,9784,AIR_CARGO,103.45,Normal,Carrier_D,10,609793
SHP03248,Pune,Dubai,Air,Pharmaceuticals,3813,20.35,2067,AIR_CARGO,84.77,Normal,Carrier_A,4,371395
SHP03249,Pune,Dubai,Road,Solar Panels,11719,30.61,2075,40FT_HC,114.01,Normal,Carrier_A,8,146806
SHP03250,Hyderabad,Dubai,Air,Textiles,3516,18.67,2673,AIR_CARGO,113.31,Normal,Carrier_D,5,318030
SHP03251,Pune,Colombo,Sea,Food Products,15878,38.31,9425,20FT,101.88,Peak,Carrier_A,21,189512
SHP03252,Cochin,Singapore,Road,Textiles,12611,32.18,9948,40FT_HC,107.51,Off_Peak,Carrier_D,23,248642
SHP03253,Mumbai,London,Sea,Solar Panels,8207,20.35,9006,40FT,112.59,Normal,Carrier_E,21,171355
SHP03254,Chennai,Rotterdam,Road,Chemicals,1671,6.46,11336,40FT,91.77,Off_Peak,Carrier_C,26,200427
SHP03255,Ahmedabad,Colombo,Road,Automotive Parts,9198,29.07,2110,LCL,81.81,Peak,Carrier_D,7,70145
SHP03256,Ahmedabad,Busan,Air,Solar Panels,2757,11.28,11211,AIR_CARGO,109.99,Off_Peak,Carrier_D,12,705760
SHP03257,Mumbai,Singapore,Air,Pharmaceuticals,798,4.41,4204,AIR_CARGO,75.28,Off_Peak,Carrier_A,6,218238
SHP03258,Kolkata,New York,Air,General Cargo,1413,6.3,15618,AIR_CARGO,108.95,Peak,Carrier_A,16,1088350
SHP03259,Cochin,Dubai,Air,Textiles,4313,22.99,4553,AIR_CARGO,81.19,Off_Peak,Carrier_A,6,358102
SHP03260,Kolkata,Singapore,Air,Electronics,1384,7.47,2446,AIR_CARGO,105.98,Off_Peak,Carrier_D,5,197065
SHP03261,Delhi,Singapore,Air,Pharmaceuticals,2331,12.7,4289,AIR_CARGO,91.77,Off_Peak,Carrier_B,7,341341
SHP03262,Chennai,Colombo,Road,Textiles,1272,9.4,988,LCL,83.95,Peak,Carrier_E,6,18928
SHP03263,Cochin,Jebel Ali,Sea,Textiles,23818,45.83,6360,40FT_HC,90.35,Peak,Carrier_B,16,263613
SHP03264,Hyderabad,New York,Air,Machinery,3301,14.87,8697,AIR_CARGO,99.54,Off_Peak,Carrier_D,10,504058
SHP03265,Chennai,Dubai,Road,Pharmaceuticals,2138,6.3,3569,40FT,113.77,Peak,Carrier_C,11,130018
SHP03266,Hyderabad,Colombo,Air,Machinery,3093,13.09,8519,AIR_CARGO,101.38,Off_Peak,Carrier_E,10,471368
SHP03267,Hyderabad,Los Angeles,Road,Electronics,9282,27.43,14914,40FT,104.52,Normal,Carrier_E,33,361893
SHP03268,Visakhapatnam,Dubai,Road,Pharmaceuticals,13721,35.19,7910,20FT,95.46,Off_Peak,Carrier_D,19,184016
SHP03269,Delhi,Hamburg,Sea,Food Products,15324,32.67,4200,40FT,80.41,Off_Peak,Carrier_A,12,118087
SHP03270,Cochin,Busan,Sea,Machinery,23606,54.16,5753,40FT_HC,88.31,Off_Peak,Carrier_A,16,197258
SHP03271,Pune,Jebel Ali,Road,General Cargo,11711,30.84,10659,40FT_HC,109.39,Normal,Carrier_B,24,301501
SHP03272,Mumbai,New York,Sea,General Cargo,6806,20.08,12527,40FT,85.03,Off_Peak,Carrier_B,27,140700
SHP03273,Hyderabad,Singapore,Air,General Cargo,3241,17.5,3613,AIR_CARGO,85.06,Off_Peak,Carrier_C,6,268585
SHP03274,Chennai,New York,Sea,Electronics,4640,15.68,14747,40FT_HC,77.55,Off_Peak,Carrier_B,31,167651
SHP03275,Chennai,Busan,Air,Machinery,481,1.94,11303,AIR_CARGO,113.52,Normal,Carrier_E,12,601090
SHP03276,Visakhapatnam,Los Angeles,Air,Pharmaceuticals,4984,23.04,10669,AIR_CARGO,107.92,Off_Peak,Carrier_E,12,852558
SHP03277,Cochin,Jebel Ali,Air,Food Products,4328,21.97,6195,AIR_CARGO,89.69,Normal,Carrier_C,8,486122
SHP03278,Bengaluru,Dubai,Sea,Furniture,12533,24.14,3048,40FT_HC,87.94,Normal,Carrier_A,11,114237
SHP03279,Kolkata,Antwerp,Air,Automotive Parts,1215,5.06,4223,AIR_CARGO,81.19,Off_Peak,Carrier_D,6,208515
SHP03280,Chennai,Jebel Ali,Air,Solar Panels,482,2.51,3507,AIR_CARGO,97.32,Off_Peak,Carrier_A,5,191029
SHP03281,Mumbai,New York,Sea,Textiles,7536,21.67,12625,40FT_HC,97.49,Off_Peak,Carrier_A,28,178206
SHP03282,Mumbai,Rotterdam,Sea,Textiles,4283,11.2,9355,20FT,82.66,Peak,Carrier_B,22,95347
SHP03283,Mumbai,Antwerp,Air,Automotive Parts,1049,4.35,8839,AIR_CARGO,102.94,Normal,Carrier_C,10,523463
SHP03284,Pune,Antwerp,Road,Pharmaceuticals,10922,34.53,3376,40FT,76.03,Normal,Carrier_C,11,155639
SHP03285,Delhi,Rotterdam,Air,Solar Panels,2357,11.82,7255,AIR_CARGO,99.81,Peak,Carrier_C,9,620336
SHP03286,Ahmedabad,Dubai,Sea,Furniture,17656,33.84,1817,40FT,79.84,Normal,Carrier_A,8,126339
SHP03287,Visakhapatnam,London,Sea,Furniture,19182,40.23,5248,20FT,84.2,Off_Peak,Carrier_C,15,108276
SHP03288,Bengaluru,Colombo,Sea,Textiles,13435,34.23,9239,40FT,102.35,Peak,Carrier_A,22,228419
SHP03289,Chennai,Colombo,Sea,Solar Panels,6226,20.44,928,40FT_HC,106.51,Off_Peak,Carrier_A,7,63321
SHP03290,Hyderabad,Shanghai,Sea,Chemicals,19020,42.85,5595,40FT_HC,113.17,Peak,Carrier_D,16,293060
SHP03291,Visakhapatnam,Busan,Air,Solar Panels,4990,20.23,10345,AIR_CARGO,109.58,Off_Peak,Carrier_D,11,770188
SHP03292,Mumbai,Hamburg,Sea,Machinery,6440,15.77,9705,40FT,79.84,Peak,Carrier_C,22,144098
SHP03293,Mumbai,Singapore,Sea,Chemicals,5275,9.73,4144,20FT,111.91,Normal,Carrier_C,12,70038
SHP03294,Delhi,Colombo,Road,Machinery,6529,22.67,10081,20FT,106.61,Off_Peak,Carrier_D,23,149907
SHP03295,Mumbai,Los Angeles,Air,General Cargo,723,3.28,14970,AIR_CARGO,89.17,Peak,Carrier_E,15,756162
SHP03296,Ahmedabad,Dubai,Sea,General Cargo,18017,33.81,1770,40FT_HC,105.87,Off_Peak,Carrier_E,9,113366
SHP03297,Hyderabad,Antwerp,Air,Electronics,3368,14.04,8664,AIR_CARGO,101.45,Off_Peak,Carrier_B,10,569042
SHP03298,Kolkata,Antwerp,Air,Textiles,1149,4.75,3116,AIR_CARGO,75.45,Off_Peak,Carrier_C,5,144325
SHP03299,Pune,New York,Sea,Food Products,6069,18.77,13260,LCL,93.43,Off_Peak,Carrier_E,29,78773
SHP03300,Bengaluru,Los Angeles,Air,Electronics,2068,9.55,15592,AIR_CARGO,93.88,Peak,Carrier_D,16,1082318
SHP03301,Pune,Dubai,Sea,Food Products,6475,13.07,2112,LCL,75.73,Peak,Carrier_D,8,37445
SHP03302,Mumbai,Jebel Ali,Road,Electronics,2907,8.85,1973,40FT_HC,105.78,Normal,Carrier_E,7,67707
SHP03303,Ahmedabad,London,Sea,Food Products,17067,36.96,11830,40FT_HC,113.59,Normal,Carrier_A,26,276423
SHP03304,Chennai,Busan,Sea,Textiles,6222,22.94,7171,40FT,94.44,Normal,Carrier_B,17,118897
SHP03305,Hyderabad,Busan,Road,Electronics,10238,33.37,8948,20FT,100.78,Peak,Carrier_B,21,236016
SHP03306,Kolkata,Jebel Ali,Sea,Furniture,10039,20.91,6889,40FT_HC,91.46,Off_Peak,Carrier_D,17,118019
SHP03307,Delhi,Antwerp,Air,Automotive Parts,2189,9.05,3595,AIR_CARGO,78.02,Normal,Carrier_C,6,254546
SHP03308,Ahmedabad,Antwerp,Road,Solar Panels,8281,27.79,7944,LCL,97.84,Peak,Carrier_E,20,140801
SHP03309,Delhi,Shanghai,Road,Automotive Parts,7715,24.89,4569,40FT,104.87,Peak,Carrier_A,13,189740
SHP03310,Cochin,Colombo,Sea,Electronics,7206,22.36,10738,LCL,107.4,Normal,Carrier_C,24,111049
SHP03311,Pune,New York,Air,Food Products,3810,16.9,12970,AIR_CARGO,90.85,Normal,Carrier_B,14,746091
SHP03312,Chennai,Rotterdam,Road,Electronics,2102,7.73,10521,40FT_HC,113.66,Peak,Carrier_E,25,311714
SHP03313,Ahmedabad,New York,Sea,Chemicals,18240,40.58,7500,40FT,95.19,Peak,Carrier_C,19,278689
SHP03314,Visakhapatnam,Rotterdam,Air,Automotive Parts,4728,23.46,4561,AIR_CARGO,82.59,Peak,Carrier_D,7,533446
SHP03315,Kolkata,Singapore,Air,Automotive Parts,1579,8.51,2498,AIR_CARGO,97.95,Off_Peak,Carrier_D,5,188617
SHP03316,Hyderabad,Jebel Ali,Sea,Machinery,18492,36.6,2699,40FT_HC,105.84,Off_Peak,Carrier_E,10,128312
SHP03317,Ahmedabad,Busan,Road,Solar Panels,8591,28.85,6209,40FT_HC,89.53,Normal,Carrier_C,16,191206
SHP03318,Bengaluru,Singapore,Sea,Solar Panels,11240,20.52,3615,40FT_HC,106.66,Normal,Carrier_D,11,126133
SHP03319,Chennai,Colombo,Road,Electronics,1233,9.39,936,LCL,85.77,Normal,Carrier_A,5,19301
SHP03320,Mumbai,New York,Road,General Cargo,3492,13.8,13067,40FT_HC,112.23,Peak,Carrier_C,30,353778
SHP03321,Pune,London,Air,Electronics,3795,17.73,9882,AIR_CARGO,114.94,Off_Peak,Carrier_C,11,729699
SHP03322,Bengaluru,London,Sea,Automotive Parts,8261,20.86,10295,20FT,105.35,Off_Peak,Carrier_A,24,120755
SHP03323,Hyderabad,Dubai,Air,Machinery,3466,18.26,2808,AIR_CARGO,105.32,Normal,Carrier_A,5,332104
SHP03324,Visakhapatnam,Colombo,Air,Electronics,4636,19.84,8963,AIR_CARGO,103.01,Normal,Carrier_E,10,733159
SHP03325,Mumbai,Jebel Ali,Road,Solar Panels,2729,8.67,1874,40FT_HC,92.1,Peak,Carrier_B,7,70976
SHP03326,Mumbai,Singapore,Sea,Chemicals,4757,9.19,4326,20FT,94.59,Normal,Carrier_E,13,61420
SHP03327,Pune,Busan,Sea,Chemicals,21367,50.62,8718,40FT_HC,102.13,Peak,Carrier_D,21,362923
SHP03328,Bengaluru,Shanghai,Sea,Textiles,8148,23.49,5783,20FT,86.76,Off_Peak,Carrier_A,15,72763
SHP03329,Delhi,Jebel Ali,Sea,Textiles,3874,9.05,10733,LCL,107.11,Peak,Carrier_E,24,92537
SHP03330,Ahmedabad,New York,Road,Pharmaceuticals,9181,27.83,9618,LCL,103.37,Peak,Carrier_A,23,204737
SHP03331,Delhi,Los Angeles,Air,Machinery,2320,10.52,4396,AIR_CARGO,81.18,Off_Peak,Carrier_D,6,245071
SHP03332,Ahmedabad,Singapore,Air,Machinery,2803,15.23,7643,AIR_CARGO,97.15,Normal,Carrier_C,9,482878
SHP03333,Bengaluru,Dubai,Air,Solar Panels,2082,10.92,3191,AIR_CARGO,96.51,Normal,Carrier_B,6,274770
SHP03334,Ahmedabad,Jebel Ali,Road,Pharmaceuticals,8678,23.49,10020,LCL,106.54,Normal,Carrier_B,23,168169
SHP03335,Visakhapatnam,London,Road,Electronics,13802,38.17,8643,40FT_HC,98.68,Normal,Carrier_E,21,286352
SHP03336,Visakhapatnam,Busan,Air,Pharmaceuticals,4902,19.77,3708,AIR_CARGO,78.48,Off_Peak,Carrier_B,6,419597
SHP03337,Hyderabad,Shanghai,Road,Chemicals,9828,30.54,5350,40FT,80.3,Off_Peak,Carrier_D,15,158021
SHP03338,Chennai,Busan,Sea,General Cargo,2976,17.14,8104,20FT,98.92,Off_Peak,Carrier_B,19,72027
SHP03339,Chennai,Jebel Ali,Sea,Furniture,3618,8.87,3619,20FT,91.17,Off_Peak,Carrier_C,11,36886
SHP03340,Chennai,New York,Road,Machinery,1674,9.25,14483,40FT_HC,91.94,Off_Peak,Carrier_A,33,232187
SHP03341,Pune,London,Air,Food Products,3960,18.74,9949,AIR_CARGO,84.51,Peak,Carrier_D,11,716173
SHP03342,Kolkata,Colombo,Sea,Electronics,9003,26.11,2028,40FT_HC,89.18,Off_Peak,Carrier_D,8,90367
SHP03343,Visakhapatnam,Hamburg,Sea,Electronics,27993,55.24,11794,40FT,114.97,Normal,Carrier_C,26,359344
SHP03344,Bengaluru,Colombo,Sea,Food Products,2781,14.93,7773,LCL,98.01,Off_Peak,Carrier_A,19,53210
SHP03345,Kolkata,Busan,Air,Pharmaceuticals,1127,4.6,11600,AIR_CARGO,113.29,Peak,Carrier_E,12,985590
SHP03346,Bengaluru,Singapore,Road,Automotive Parts,5591,14.14,3646,40FT,92.92,Normal,Carrier_E,10,99534
SHP03347,Cochin,Jebel Ali,Road,Textiles,13076,34.51,4546,40FT,81.01,Off_Peak,Carrier_D,12,131170
SHP03348,Hyderabad,Shanghai,Sea,Machinery,5477,18.53,5357,LCL,82.24,Normal,Carrier_A,14,50190
SHP03349,Hyderabad,New York,Road,Solar Panels,9459,28.72,12021,20FT,114.55,Normal,Carrier_D,28,247093
SHP03350,Pune,Hamburg,Road,Automotive Parts,11715,32.6,10093,40FT_HC,82.53,Normal,Carrier_A,23,271831
SHP03351,Mumbai,New York,Sea,Textiles,7684,20.97,12888,40FT,100.97,Peak,Carrier_B,29,225226
SHP03352,Visakhapatnam,Rotterdam,Road,Machinery,13769,36.98,5566,40FT,86.61,Off_Peak,Carrier_D,15,153431
SHP03353,Chennai,Shanghai,Road,Machinery,1277,8.55,5638,40FT_HC,108.61,Peak,Carrier_D,14,150493
SHP03354,Kolkata,Singapore,Road,Chemicals,4607,11.67,2430,20FT,95.83,Normal,Carrier_A,8,65276
SHP03355,Bengaluru,Hamburg,Air,Chemicals,2060,9.85,10222,AIR_CARGO,105.93,Off_Peak,Carrier_A,11,669827
SHP03356,Chennai,Antwerp,Sea,Chemicals,4581,19.29,4229,40FT,80.97,Peak,Carrier_C,14,106948
SHP03357,Hyderabad,Colombo,Road,Automotive Parts,9343,29.92,5201,40FT_HC,84.98,Peak,Carrier_A,14,210672
SHP03358,Visakhapatnam,Singapore,Sea,Automotive Parts,7527,14.04,7661,LCL,95.57,Peak,Carrier_C,19,87514
SHP03359,Ahmedabad,London,Road,Chemicals,8025,23.67,9761,40FT,104.99,Normal,Carrier_B,22,285070
SHP03360,Ahmedabad,New York,Sea,Food Products,16503,37.75,5680,40FT,86.55,Peak,Carrier_A,16,194062
SHP03361,Chennai,London,Sea,General Cargo,720,7.05,10104,LCL,91.59,Normal,Carrier_B,23,58690
SHP03362,Visakhapatnam,Jebel Ali,Road,Pharmaceuticals,14561,37.74,10020,LCL,105.42,Off_Peak,Carrier_A,24,177994
SHP03363,Hyderabad,Shanghai,Sea,Automotive Parts,19903,45.04,5283,40FT_HC,111.13,Normal,Carrier_D,15,212887
SHP03364,Cochin,New York,Air,Textiles,4494,20.03,7387,AIR_CARGO,95.68,Peak,Carrier_D,9,658939
SHP03365,Chennai,Colombo,Air,Chemicals,340,1.46,962,AIR_CARGO,91.99,Normal,Carrier_D,3,69292
SHP03366,Ahmedabad,New York,Air,General Cargo,2856,12.77,7057,AIR_CARGO,94.19,Peak,Carrier_A,8,564569
SHP03367,Pune,Dubai,Road,Textiles,11388,29.25,1994,20FT,107.95,Normal,Carrier_E,7,80459
SHP03368,Pune,Dubai,Sea,Food Products,21767,41.38,2019,40FT_HC,95.54,Peak,Carrier_D,8,193211
SHP03369,Chennai,London,Sea,Furniture,902,6.95,10228,LCL,94.49,Normal,Carrier_A,24,64350
SHP03370,Kolkata,Colombo,Air,Chemicals,1429,6.03,1951,AIR_CARGO,105.41,Normal,Carrier_D,4,204610
SHP03371,Ahmedabad,New York,Air,Textiles,2896,12.9,3453,AIR_CARGO,77.57,Off_Peak,Carrier_E,6,222428
SHP03372,Hyderabad,Colombo,Air,Electronics,3144,13.45,7099,AIR_CARGO,94.67,Peak,Carrier_E,8,625587
SHP03373,Ahmedabad,London,Air,Electronics,3016,14.09,7787,AIR_CARGO,95.4,Peak,Carrier_C,9,677026
SHP03374,Pune,Colombo,Road,Chemicals,11165,34.52,8619,LCL,99.02,Normal,Carrier_D,21,152919
SHP03375,Pune,New York,Air,Furniture,3759,16.87,13137,AIR_CARGO,104.58,Normal,Carrier_B,14,820439
SHP03376,Cochin,Busan,Air,Pharmaceuticals,4099,16.54,11699,AIR_CARGO,114.78,Normal,Carrier_E,13,1014574
SHP03377,Ahmedabad,Antwerp,Road,General Cargo,8116,27.44,3962,40FT,79.8,Peak,Carrier_E,11,134562
SHP03378,Kolkata,Dubai,Sea,Chemicals,7008,14.25,4321,20FT,81.21,Off_Peak,Carrier_B,13,61976
SHP03379,Mumbai,Hamburg,Road,Pharmaceuticals,3466,11.43,10418,LCL,77.18,Peak,Carrier_B,24,136774
SHP03380,Hyderabad,Jebel Ali,Road,Solar Panels,9273,24.74,2660,40FT_HC,78.9,Peak,Carrier_D,8,142861
SHP03381,Mumbai,Busan,Sea,Automotive Parts,7455,25.54,10831,40FT_HC,111.28,Normal,Carrier_A,24,217957
SHP03382,Delhi,Shanghai,Road,Pharmaceuticals,7124,23.59,4561,40FT,76.04,Peak,Carrier_E,12,167315
SHP03383,Visakhapatnam,Antwerp,Air,Electronics,4956,20.76,6442,AIR_CARGO,90.53,Off_Peak,Carrier_E,8,499350
SHP03384,Bengaluru,Rotterdam,Air,Furniture,2030,10.2,10967,AIR_CARGO,83.27,Off_Peak,Carrier_B,12,468095
SHP03385,Mumbai,Singapore,Road,Pharmaceuticals,2294,6.32,4227,40FT_HC,82.42,Normal,Carrier_C,11,102559
SHP03386,Ahmedabad,Shanghai,Road,Solar Panels,8428,26.49,3415,40FT,76.81,Normal,Carrier_D,11,119461
SHP03387,Cochin,Hamburg,Sea,Chemicals,24416,48.5,11645,40FT_HC,114.47,Off_Peak,Carrier_C,26,330389
SHP03388,Ahmedabad,Colombo,Air,Furniture,2778,11.83,2082,AIR_CARGO,80.79,Normal,Carrier_E,4,201002
SHP03389,Bengaluru,Busan,Sea,Pharmaceuticals,12753,35.14,4145,40FT_HC,80.02,Off_Peak,Carrier_C,12,145219
SHP03390,Visakhapatnam,Shanghai,Road,Furniture,14602,42.46,5072,40FT,83.76,Normal,Carrier_D,14,178119
SHP03391,Cochin,Colombo,Sea,Food Products,6825,21.76,10646,LCL,106.79,Normal,Carrier_A,24,95016
SHP03392,Visakhapatnam,Rotterdam,Sea,Food Products,7805,17.69,4204,LCL,80.96,Off_Peak,Carrier_A,13,42134
SHP03393,Mumbai,Jebel Ali,Road,Textiles,2979,8.92,1936,LCL,84.05,Normal,Carrier_D,7,27391
SHP03394,Hyderabad,Dubai,Sea,Electronics,5029,10.49,2709,LCL,81.65,Peak,Carrier_B,11,41847
SHP03395,Kolkata,Busan,Air,General Cargo,1510,6.14,7022,AIR_CARGO,92.09,Peak,Carrier_D,8,444363
SHP03396,Hyderabad,Hamburg,Sea,Food Products,18567,38.07,3334,40FT_HC,76.51,Peak,Carrier_D,11,178694
SHP03397,Cochin,Rotterdam,Air,Food Products,4278,21.52,3971,AIR_CARGO,79.17,Peak,Carrier_C,6,438234
SHP03398,Pune,London,Road,Pharmaceuticals,11043,31.52,9949,LCL,80.25,Off_Peak,Carrier_E,24,127780
SHP03399,Ahmedabad,New York,Sea,Furniture,4462,16,6583,LCL,90.27,Peak,Carrier_B,16,64060
SHP03400,Hyderabad,Dubai,Air,Electronics,3370,18.06,2721,AIR_CARGO,85.53,Normal,Carrier_E,5,304126
SHP03401,Pune,Singapore,Air,Pharmaceuticals,3991,22.09,4277,AIR_CARGO,112.19,Off_Peak,Carrier_D,7,484018
SHP03402,Mumbai,London,Road,Furniture,2876,11.17,9186,40FT_HC,81.12,Normal,Carrier_C,22,159034
SHP03403,Kolkata,Antwerp,Sea,Textiles,9125,27.06,5715,40FT_HC,86.19,Off_Peak,Carrier_A,16,113558
SHP03404,Pune,Jebel Ali,Road,Solar Panels,11387,29.98,3448,LCL,77.25,Peak,Carrier_B,10,89422
SHP03405,Mumbai,New York,Road,Machinery,2336,11,13350,40FT_HC,93.92,Normal,Carrier_D,30,251739
SHP03406,Hyderabad,Singapore,Road,Solar Panels,9288,23.71,3640,40FT_HC,100.35,Normal,Carrier_B,10,148636
SHP03407,Mumbai,Los Angeles,Air,Machinery,990,4.57,14549,AIR_CARGO,109.42,Off_Peak,Carrier_B,15,692487
SHP03408,Visakhapatnam,Colombo,Road,Pharmaceuticals,14635,43.07,5841,40FT,86.58,Off_Peak,Carrier_E,15,207723
SHP03409,Pune,Dubai,Air,Pharmaceuticals,3590,18.79,2064,AIR_CARGO,109.09,Normal,Carrier_B,4,367201
SHP03410,Bengaluru,Antwerp,Air,Solar Panels,1816,7.44,3479,AIR_CARGO,77.49,Off_Peak,Carrier_C,5,210109
SHP03411,Mumbai,Rotterdam,Air,General Cargo,1044,5.18,10286,AIR_CARGO,103.9,Off_Peak,Carrier_B,11,484000
SHP03412,Kolkata,Dubai,Road,Pharmaceuticals,4998,13.38,9548,40FT,103.02,Normal,Carrier_B,22,251404
SHP03413,Mumbai,Dubai,Sea,Electronics,7284,14.47,1880,40FT_HC,81.98,Peak,Carrier_C,9,88175
SHP03414,Visakhapatnam,Antwerp,Road,Chemicals,14384,42.7,10732,40FT,108.01,Normal,Carrier_A,24,384965
SHP03415,Mumbai,Rotterdam,Road,Solar Panels,2783,9.17,9625,40FT,83.1,Normal,Carrier_A,22,181003
SHP03416,Mumbai,Los Angeles,Sea,Electronics,1888,10.4,14435,LCL,81.77,Off_Peak,Carrier_B,30,77812
SHP03417,Hyderabad,Jebel Ali,Sea,General Cargo,20058,38.96,2821,40FT,105.31,Normal,Carrier_A,10,156881
SHP03418,Visakhapatnam,Hamburg,Road,Furniture,14406,39.13,10916,LCL,109.76,Off_Peak,Carrier_B,25,148640
SHP03419,Delhi,Los Angeles,Road,Chemicals,6561,20.91,9694,20FT,105.3,Peak,Carrier_C,22,243090
SHP03420,Visakhapatnam,Antwerp,Sea,Textiles,27443,60.35,10160,40FT,106.03,Peak,Carrier_C,24,337086
SHP03421,Delhi,Rotterdam,Sea,Automotive Parts,15927,32.56,7234,40FT_HC,112.78,Peak,Carrier_E,18,239705
SHP03422,Pune,Hamburg,Air,Chemicals,3602,17.25,10644,AIR_CARGO,108.54,Peak,Carrier_B,11,1056303
SHP03423,Hyderabad,Antwerp,Road,General Cargo,10313,33.1,11320,40FT_HC,112.12,Peak,Carrier_E,26,363712
SHP03424,Cochin,New York,Sea,Chemicals,23655,50.98,11048,40FT_HC,111.28,Normal,Carrier_B,24,364173
SHP03425,Hyderabad,Singapore,Road,Automotive Parts,9384,23.91,3766,LCL,87.72,Off_Peak,Carrier_E,11,61000
SHP03426,Delhi,Rotterdam,Sea,General Cargo,3709,10.31,7413,LCL,109.08,Off_Peak,Carrier_C,18,53725
SHP03427,Chennai,Busan,Air,Solar Panels,635,2.55,4650,AIR_CARGO,81.51,Off_Peak,Carrier_C,7,208261
SHP03428,Ahmedabad,London,Road,Automotive Parts,8914,26.26,9479,40FT_HC,105.89,Normal,Carrier_A,22,282373
SHP03429,Delhi,Colombo,Air,Furniture,2571,10.9,10579,AIR_CARGO,109.57,Normal,Carrier_D,12,675435
SHP03430,Ahmedabad,London,Air,Chemicals,2665,12.54,5348,AIR_CARGO,84.82,Normal,Carrier_D,8,414843
SHP03431,Visakhapatnam,Colombo,Sea,Automotive Parts,7773,23.75,6530,LCL,90.88,Off_Peak,Carrier_C,18,61167
SHP03432,Hyderabad,Los Angeles,Road,Automotive Parts,9397,27.77,15372,LCL,78.42,Normal,Carrier_B,34,162923
SHP03433,Bengaluru,Los Angeles,Sea,Chemicals,8701,21.95,15202,20FT,76.1,Normal,Carrier_E,34,152282
SHP03434,Pune,Busan,Air,Chemicals,3832,15.35,10722,AIR_CARGO,107.55,Normal,Carrier_E,12,862263
SHP03435,Visakhapatnam,London,Road,Machinery,13591,37.91,10241,LCL,109.57,Normal,Carrier_C,24,154956
SHP03436,Bengaluru,Hamburg,Sea,Textiles,11316,25.51,12020,40FT_HC,114.92,Off_Peak,Carrier_A,28,209629
SHP03437,Mumbai,Los Angeles,Air,Furniture,1010,4.67,15070,AIR_CARGO,98.61,Peak,Carrier_A,16,942475
SHP03438,Delhi,New York,Air,Furniture,2439,10.91,11646,AIR_CARGO,99.79,Off_Peak,Carrier_A,13,618031
SHP03439,Ahmedabad,Rotterdam,Road,Furniture,8250,22.77,9511,40FT_HC,102.97,Off_Peak,Carrier_C,23,206065
SHP03440,Kolkata,Los Angeles,Sea,Textiles,9724,23.77,9127,40FT,100.83,Normal,Carrier_E,22,152671
SHP03441,Kolkata,Singapore,Air,General Cargo,1135,6.29,2535,AIR_CARGO,98.98,Off_Peak,Carrier_E,5,150768
SHP03442,Hyderabad,New York,Sea,General Cargo,13578,32.53,10648,20FT,109.3,Off_Peak,Carrier_A,25,139004
SHP03443,Hyderabad,Colombo,Sea,Furniture,13048,33.23,4480,20FT,81.56,Peak,Carrier_D,14,112927
SHP03444,Bengaluru,Jebel Ali,Air,General Cargo,2074,10.7,8737,AIR_CARGO,101.93,Normal,Carrier_D,10,527407
SHP03445,Visakhapatnam,Shanghai,Air,Machinery,4682,20.46,9956,AIR_CARGO,104.85,Normal,Carrier_C,11,724542
SHP03446,Cochin,Jebel Ali,Road,Textiles,13272,34.65,3870,40FT_HC,79.04,Off_Peak,Carrier_C,11,133136
SHP03447,Bengaluru,Hamburg,Road,Chemicals,5500,16.42,7365,40FT_HC,92.86,Off_Peak,Carrier_A,18,185994
SHP03448,Bengaluru,Singapore,Air,Food Products,1611,8.83,3490,AIR_CARGO,76.89,Peak,Carrier_B,6,249493
SHP03449,Bengaluru,London,Air,Electronics,1997,9.47,10406,AIR_CARGO,94.09,Peak,Carrier_E,12,749787
SHP03450,Kolkata,London,Air,Electronics,1275,6,11187,AIR_CARGO,113.82,Normal,Carrier_E,12,724450
SHP03451,Ahmedabad,Rotterdam,Air,Textiles,2901,14.58,9142,AIR_CARGO,109.92,Off_Peak,Carrier_C,10,554265
SHP03452,Kolkata,Hamburg,Road,General Cargo,4602,14.73,5689,40FT_HC,88.2,Off_Peak,Carrier_A,14,117238
SHP03453,Mumbai,Jebel Ali,Air,Automotive Parts,1026,5.34,1907,AIR_CARGO,93.6,Off_Peak,Carrier_E,4,125971
SHP03454,Pune,New York,Road,Solar Panels,11743,34.51,12673,20FT,94.74,Normal,Carrier_B,29,232807
SHP03455,Delhi,Dubai,Road,General Cargo,7470,19.57,2302,40FT_HC,111.44,Peak,Carrier_B,8,122494
SHP03456,Mumbai,Hamburg,Air,Electronics,936,4.5,9914,AIR_CARGO,107.83,Normal,Carrier_E,11,597568
SHP03457,Delhi,Colombo,Air,Textiles,2178,9.28,8361,AIR_CARGO,98.06,Off_Peak,Carrier_D,10,433775
SHP03458,Chennai,Hamburg,Air,Solar Panels,488,2.35,10678,AIR_CARGO,99.41,Peak,Carrier_C,12,704611
SHP03459,Pune,Shanghai,Air,Textiles,3991,17.2,3868,AIR_CARGO,78.49,Off_Peak,Carrier_D,6,290742
SHP03460,Chennai,Shanghai,Air,Automotive Parts,386,1.67,5719,AIR_CARGO,99.29,Peak,Carrier_B,8,377634
SHP03461,Visakhapatnam,Hamburg,Sea,Pharmaceuticals,18829,38.8,5795,20FT,87.26,Peak,Carrier_A,16,199245
SHP03462,Ahmedabad,Busan,Sea,Textiles,4898,20.09,11403,LCL,111.32,Normal,Carrier_A,25,100419
SHP03463,Pune,London,Air,Solar Panels,3830,18.19,9455,AIR_CARGO,85.23,Off_Peak,Carrier_C,10,568706
SHP03464,Delhi,New York,Air,Chemicals,2301,10.4,11930,AIR_CARGO,93.08,Normal,Carrier_B,13,772233
SHP03465,Hyderabad,London,Road,Solar Panels,10254,29.12,2925,LCL,75.25,Off_Peak,Carrier_C,9,60087
SHP03466,Pune,Dubai,Sea,General Cargo,22299,42.54,2113,40FT_HC,112.27,Peak,Carrier_B,9,198771
SHP03467,Cochin,London,Sea,Electronics,25590,51.86,10028,40FT_HC,106.03,Peak,Carrier_C,24,395129
SHP03468,Pune,Antwerp,Air,Textiles,3626,15.11,11345,AIR_CARGO,111.41,Off_Peak,Carrier_B,12,663496
SHP03469,Hyderabad,Jebel Ali,Road,Solar Panels,9486,25.44,2873,LCL,88.38,Off_Peak,Carrier_D,10,60144
SHP03470,Pune,Busan,Sea,Automotive Parts,20925,49.9,5089,40FT,83.62,Peak,Carrier_A,14,238190
SHP03471,Visakhapatnam,Dubai,Sea,Solar Panels,25811,48.07,6581,40FT,91.15,Off_Peak,Carrier_B,17,212033
SHP03472,Chennai,Shanghai,Air,Chemicals,326,1.41,5361,AIR_CARGO,85.17,Off_Peak,Carrier_D,7,243325
SHP03473,Bengaluru,Busan,Air,Automotive Parts,1636,6.55,3278,AIR_CARGO,75.61,Peak,Carrier_C,6,249542
SHP03474,Chennai,Shanghai,Road,Chemicals,2096,10.66,5763,40FT_HC,103.35,Off_Peak,Carrier_B,15,137151
SHP03475,Kolkata,Shanghai,Road,Electronics,3604,14.42,4628,40FT_HC,111.16,Normal,Carrier_B,13,143744
SHP03476,Delhi,London,Road,Textiles,7095,21.53,6637,40FT_HC,76.6,Off_Peak,Carrier_C,16,131964
SHP03477,Hyderabad,Dubai,Sea,Electronics,19592,37.51,2821,40FT,114.84,Off_Peak,Carrier_C,10,150016
SHP03478,Chennai,Hamburg,Road,Textiles,1534,6.58,11656,40FT,84.96,Off_Peak,Carrier_A,27,163612
SHP03479,Mumbai,Jebel Ali,Sea,Solar Panels,1843,6.12,1902,LCL,76.37,Peak,Carrier_C,9,21350
SHP03480,Pune,Shanghai,Sea,Furniture,15054,36.06,6287,20FT,88.36,Peak,Carrier_D,16,137973
SHP03481,Bengaluru,Dubai,Road,Furniture,6198,16.37,3189,LCL,93.83,Normal,Carrier_A,9,53294
SHP03482,Bengaluru,Antwerp,Road,Food Products,6009,22.24,9598,40FT,103.27,Normal,Carrier_D,23,218013
SHP03483,Mumbai,Antwerp,Air,Pharmaceuticals,729,3.01,3086,AIR_CARGO,75.67,Off_Peak,Carrier_C,5,160523
SHP03484,Chennai,London,Road,Automotive Parts,831,5.77,10487,20FT,92.91,Off_Peak,Carrier_C,24,122072
SHP03485,Visakhapatnam,Los Angeles,Sea,Machinery,26106,54.29,9570,40FT,106.12,Off_Peak,Carrier_B,22,229716
SHP03486,Chennai,Singapore,Road,Furniture,1422,3.74,3159,40FT_HC,98.84,Normal,Carrier_D,9,65867
SHP03487,Bengaluru,Busan,Air,Electronics,1958,7.89,9588,AIR_CARGO,104.54,Off_Peak,Carrier_A,11,596078
SHP03488,Hyderabad,Shanghai,Road,Solar Panels,9301,28.86,5658,40FT_HC,101.46,Off_Peak,Carrier_B,15,171657
SHP03489,Bengaluru,London,Road,Electronics,6099,18.65,10623,40FT_HC,96.1,Normal,Carrier_C,25,270746
SHP03490,Mumbai,Jebel Ali,Road,Textiles,3169,9.84,1846,40FT,84.28,Peak,Carrier_C,7,59556
SHP03491,Bengaluru,Dubai,Road,Furniture,6294,16.77,2991,40FT,110.03,Peak,Carrier_D,10,119271
SHP03492,Mumbai,Shanghai,Air,Chemicals,656,2.86,6395,AIR_CARGO,111.93,Off_Peak,Carrier_D,8,400047
SHP03493,Mumbai,Busan,Air,Electronics,1093,4.38,10865,AIR_CARGO,110.99,Normal,Carrier_D,12,711207
SHP03494,Kolkata,Jebel Ali,Road,Textiles,4808,13.36,3912,20FT,78.62,Normal,Carrier_A,11,66495
SHP03495,Pune,Antwerp,Sea,Machinery,21952,50.72,5683,40FT_HC,86.49,Peak,Carrier_B,15,248048
SHP03496,Visakhapatnam,New York,Air,Solar Panels,4993,22.31,10003,AIR_CARGO,104.23,Normal,Carrier_E,11,789089
SHP03497,Visakhapatnam,Jebel Ali,Air,Automotive Parts,4536,23.24,6847,AIR_CARGO,93.3,Off_Peak,Carrier_E,9,483622
SHP03498,Bengaluru,Colombo,Road,Textiles,5511,19.93,12418,40FT_HC,114.28,Normal,Carrier_B,29,306670
SHP03499,Cochin,Hamburg,Air,Machinery,4082,20.05,10075,AIR_CARGO,106.71,Normal,Carrier_E,12,666294
SHP03500,Visakhapatnam,Colombo,Road,Textiles,13896,41.15,9080,40FT_HC,101.43,Off_Peak,Carrier_E,21,226759
SHP03501,Kolkata,Los Angeles,Sea,Food Products,9673,23.72,11302,40FT,112.21,Off_Peak,Carrier_D,25,170109
SHP03502,Cochin,Jebel Ali,Sea,Textiles,24795,47.86,7061,40FT,93.67,Peak,Carrier_D,18,263597
SHP03503,Hyderabad,Busan,Air,Machinery,3320,13.56,10142,AIR_CARGO,106.96,Peak,Carrier_C,11,797828
SHP03504,Ahmedabad,Rotterdam,Air,Food Products,3013,15.17,9624,AIR_CARGO,111.72,Normal,Carrier_B,11,668677
SHP03505,Bengaluru,Rotterdam,Sea,Food Products,11368,24.21,11508,40FT,95.84,Normal,Carrier_A,25,191632
SHP03506,Delhi,Jebel Ali,Air,Solar Panels,2342,12.16,10018,AIR_CARGO,107.02,Peak,Carrier_D,12,847992
SHP03507,Visakhapatnam,Rotterdam,Air,Chemicals,4948,24.47,6786,AIR_CARGO,91.34,Normal,Carrier_E,8,633630
SHP03508,Bengaluru,Singapore,Road,Furniture,5545,14.4,3636,40FT_HC,113.69,Normal,Carrier_E,11,112058
SHP03509,Mumbai,Rotterdam,Road,Automotive Parts,3447,11.2,9604,20FT,77.87,Off_Peak,Carrier_B,23,106660
SHP03510,Chennai,London,Sea,Automotive Parts,703,6.6,10302,LCL,102.58,Peak,Carrier_B,23,85870
SHP03511,Delhi,Colombo,Air,Solar Panels,2091,8.81,4301,AIR_CARGO,80.92,Peak,Carrier_C,6,353648
SHP03512,Hyderabad,Antwerp,Sea,Furniture,5249,19.95,6779,LCL,91.51,Off_Peak,Carrier_D,18,50984
SHP03513,Chennai,Dubai,Sea,Solar Panels,4260,9.64,3432,40FT,90.48,Off_Peak,Carrier_C,12,57071
SHP03514,Bengaluru,Singapore,Air,General Cargo,1995,10.76,3766,AIR_CARGO,100.14,Off_Peak,Carrier_A,5,251053
SHP03515,Delhi,London,Sea,Solar Panels,15009,32.56,6528,40FT_HC,110.63,Normal,Carrier_E,18,196888
SHP03516,Delhi,New York,Air,Food Products,2119,9.41,11164,AIR_CARGO,98.2,Normal,Carrier_A,12,642393
SHP03517,Visakhapatnam,Singapore,Road,Chemicals,14230,36.13,5521,40FT_HC,86.23,Off_Peak,Carrier_C,14,198529
SHP03518,Visakhapatnam,New York,Sea,Furniture,19145,41.89,7389,20FT,96.21,Off_Peak,Carrier_E,18,122597
SHP03519,Bengaluru,New York,Sea,Machinery,11439,28.77,14972,40FT_HC,97.77,Off_Peak,Carrier_E,31,207973
SHP03520,Pune,Singapore,Road,Automotive Parts,11782,29.68,4415,40FT_HC,86.15,Peak,Carrier_D,13,201150
SHP03521,Pune,Busan,Air,Automotive Parts,3992,16.08,9055,AIR_CARGO,100.4,Normal,Carrier_A,10,703087
SHP03522,Mumbai,Shanghai,Air,Chemicals,953,4.15,6711,AIR_CARGO,90.64,Off_Peak,Carrier_C,8,353377
SHP03523,Mumbai,Busan,Road,Chemicals,2756,14.6,7556,LCL,96.4,Normal,Carrier_D,18,100811
SHP03524,Mumbai,Hamburg,Road,Furniture,2739,10.16,9910,40FT_HC,80.46,Peak,Carrier_E,23,193191
SHP03525,Pune,London,Air,General Cargo,3909,18.69,9520,AIR_CARGO,95.17,Normal,Carrier_B,10,615367
SHP03526,Mumbai,Hamburg,Road,General Cargo,2229,8.75,10544,40FT_HC,89.5,Peak,Carrier_D,25,231553
SHP03527,Bengaluru,Busan,Road,Machinery,6303,23.66,6656,40FT_HC,91.82,Normal,Carrier_B,17,167392
SHP03528,Ahmedabad,Jebel Ali,Sea,Electronics,16585,32.17,6860,40FT_HC,92.45,Normal,Carrier_E,18,193993
SHP03529,Pune,Singapore,Sea,Furniture,21399,39.58,4323,40FT,105.82,Peak,Carrier_D,12,206269
SHP03530,Kolkata,Antwerp,Air,Automotive Parts,1184,4.92,11664,AIR_CARGO,114.12,Normal,Carrier_D,12,724354
SHP03531,Chennai,London,Air,Solar Panels,504,2.37,10668,AIR_CARGO,103.17,Off_Peak,Carrier_C,12,541107
SHP03532,Hyderabad,Busan,Air,Textiles,3115,12.51,6887,AIR_CARGO,92.05,Off_Peak,Carrier_A,9,402063
SHP03533,Chennai,Shanghai,Sea,Automotive Parts,5291,18.47,5405,40FT_HC,97.43,Normal,Carrier_B,15,108391
SHP03534,Visakhapatnam,Antwerp,Sea,General Cargo,25629,57.17,8647,40FT,98.36,Peak,Carrier_C,20,298900
SHP03535,Pune,Shanghai,Air,Furniture,3559,15.61,4912,AIR_CARGO,83.47,Normal,Carrier_A,7,381789
SHP03536,Mumbai,Shanghai,Sea,Food Products,8536,23.84,6192,40FT,86.77,Normal,Carrier_A,17,117940
SHP03537,Pune,London,Sea,Furniture,21086,43.56,9263,40FT_HC,98.53,Peak,Carrier_C,21,282751
SHP03538,Visakhapatnam,Jebel Ali,Road,Food Products,14270,37.48,6652,40FT_HC,89.84,Normal,Carrier_A,17,217074
SHP03539,Kolkata,Colombo,Sea,Solar Panels,5633,19.43,2021,20FT,104.84,Normal,Carrier_E,8,52671
SHP03540,Kolkata,Colombo,Road,Pharmaceuticals,4607,17.53,2108,20FT,114.19,Normal,Carrier_E,8,72035
SHP03541,Bengaluru,Shanghai,Sea,Chemicals,7938,23.01,9040,20FT,102.22,Normal,Carrier_B,22,133605
SHP03542,Ahmedabad,Dubai,Air,Solar Panels,2613,13.98,1787,AIR_CARGO,111.6,Normal,Carrier_A,4,262963
SHP03543,Ahmedabad,Colombo,Road,Automotive Parts,8403,27.27,2014,40FT_HC,103.97,Peak,Carrier_E,8,129208
SHP03544,Hyderabad,Colombo,Air,Solar Panels,3357,14.31,9108,AIR_CARGO,104.09,Peak,Carrier_B,11,803385
SHP03545,Mumbai,Rotterdam,Air,Pharmaceuticals,956,4.81,9903,AIR_CARGO,103.4,Off_Peak,Carrier_A,11,623215
SHP03546,Cochin,Rotterdam,Air,Food Products,4238,21.23,7518,AIR_CARGO,93.55,Normal,Carrier_D,9,538445
SHP03547,Pune,Colombo,Sea,General Cargo,22335,50.27,4080,40FT_HC,79.09,Off_Peak,Carrier_A,13,170740
SHP03548,Bengaluru,Los Angeles,Road,Chemicals,5702,18.7,16096,40FT_HC,112.3,Peak,Carrier_A,36,563590
SHP03549,Pune,Rotterdam,Sea,Solar Panels,22157,43.61,3076,40FT_HC,75.17,Peak,Carrier_A,10,233565
SHP03550,Cochin,Los Angeles,Air,Solar Panels,4119,18.98,10857,AIR_CARGO,108.79,Off_Peak,Carrier_D,12,744994
SHP03551,Bengaluru,London,Sea,Chemicals,12541,27.83,10410,40FT_HC,89.07,Peak,Carrier_C,24,273456
SHP03552,Kolkata,Colombo,Sea,Chemicals,6278,20.82,2088,20FT,111.28,Off_Peak,Carrier_B,9,55689
SHP03553,Visakhapatnam,Dubai,Air,Pharmaceuticals,4703,24.76,10462,AIR_CARGO,106.5,Off_Peak,Carrier_A,11,893378
SHP03554,Kolkata,Rotterdam,Air,Textiles,1294,6.53,12086,AIR_CARGO,109.08,Peak,Carrier_A,13,865476
SHP03555,Bengaluru,Dubai,Air,Pharmaceuticals,1686,8.93,3178,AIR_CARGO,104.18,Peak,Carrier_D,5,365207
SHP03556,Pune,Rotterdam,Air,Textiles,4013,19.99,6349,AIR_CARGO,91.01,Off_Peak,Carrier_C,8,411476
SHP03557,Cochin,Los Angeles,Road,Textiles,12705,35.98,3923,20FT,79.89,Off_Peak,Carrier_A,11,94993
SHP03558,Kolkata,Hamburg,Sea,Solar Panels,10698,24.28,4394,40FT_HC,81.65,Normal,Carrier_C,13,123973
SHP03559,Visakhapatnam,Singapore,Air,Chemicals,4831,26.53,6437,AIR_CARGO,90.66,Peak,Carrier_A,8,801213
SHP03560,Visakhapatnam,Hamburg,Road,Chemicals,13710,37.01,6558,40FT,92.14,Peak,Carrier_C,16,285914
SHP03561,Visakhapatnam,Busan,Air,Food Products,4806,19.34,5470,AIR_CARGO,86.39,Peak,Carrier_D,7,540069
SHP03562,Ahmedabad,Jebel Ali,Air,Electronics,2983,15.51,6937,AIR_CARGO,91.22,Normal,Carrier_D,9,515746
SHP03563,Kolkata,Hamburg,Road,Food Products,3959,12.74,8937,40FT_HC,103.04,Normal,Carrier_B,21,195992
SHP03564,Bengaluru,Singapore,Air,General Cargo,2079,11.45,3566,AIR_CARGO,80.09,Peak,Carrier_E,6,278485
SHP03565,Hyderabad,London,Road,Electronics,9884,28.62,5537,40FT_HC,87.11,Normal,Carrier_C,14,190406
SHP03566,Kolkata,Jebel Ali,Air,General Cargo,1598,8.33,4402,AIR_CARGO,80.57,Normal,Carrier_A,6,254498
SHP03567,Chennai,Busan,Road,Pharmaceuticals,1469,11.19,9688,20FT,104.27,Normal,Carrier_C,23,179553
SHP03568,Visakhapatnam,Antwerp,Sea,Solar Panels,25969,57.61,3941,40FT_HC,78.37,Peak,Carrier_D,12,283740
SHP03569,Visakhapatnam,Antwerp,Air,Electronics,4971,20.67,8579,AIR_CARGO,98.36,Normal,Carrier_C,9,719835
SHP03570,Kolkata,Antwerp,Air,General Cargo,1199,5.02,9800,AIR_CARGO,103.95,Peak,Carrier_C,11,652832
SHP03571,Delhi,New York,Air,Machinery,2568,11.5,11756,AIR_CARGO,112.51,Peak,Carrier_C,12,879526
SHP03572,Delhi,Colombo,Sea,Solar Panels,3593,15.99,4605,LCL,83.2,Normal,Carrier_C,13,43543
SHP03573,Hyderabad,Dubai,Air,Solar Panels,3314,17.57,2642,AIR_CARGO,77.78,Peak,Carrier_B,4,358560
SHP03574,Hyderabad,Rotterdam,Road,Food Products,9914,27.01,10933,40FT_HC,93.23,Off_Peak,Carrier_A,25,236932
SHP03575,Kolkata,New York,Sea,Machinery,10071,26.21,14615,40FT_HC,114.38,Normal,Carrier_A,31,271779
SHP03576,Cochin,Dubai,Air,Food Products,4061,21.54,7889,AIR_CARGO,97.55,Normal,Carrier_B,9,571718
SHP03577,Kolkata,Busan,Road,Solar Panels,4760,19.44,7043,LCL,91.55,Normal,Carrier_E,18,89631
SHP03578,Bengaluru,Shanghai,Road,Furniture,5039,18.56,12431,40FT_HC,114.95,Normal,Carrier_D,28,299338
SHP03579,Mumbai,Busan,Road,General Cargo,3307,15.71,10807,40FT_HC,110.51,Normal,Carrier_B,26,252698
SHP03580,Pune,Dubai,Sea,General Cargo,6233,12.43,2016,LCL,100.49,Off_Peak,Carrier_E,10,27616
SHP03581,Ahmedabad,Los Angeles,Sea,Pharmaceuticals,17970,39.59,5621,40FT_HC,86.82,Normal,Carrier_D,16,222049
SHP03582,Mumbai,London,Sea,Furniture,4758,13.77,9153,20FT,109.99,Peak,Carrier_A,22,127416
SHP03583,Bengaluru,Los Angeles,Sea,General Cargo,3403,12.42,16220,LCL,110.57,Off_Peak,Carrier_D,35,101429
SHP03584,Ahmedabad,Antwerp,Sea,Automotive Parts,4666,19.18,9508,LCL,102.66,Off_Peak,Carrier_C,22,72564
SHP03585,Ahmedabad,Hamburg,Road,General Cargo,8542,24.62,11663,40FT,113.41,Normal,Carrier_D,27,286013
SHP03586,Pune,Antwerp,Sea,Food Products,16275,40.39,6924,20FT,92.82,Peak,Carrier_D,18,155816
SHP03587,Ahmedabad,New York,Sea,Textiles,4997,16.44,6213,LCL,88.3,Peak,Carrier_D,16,61911
SHP03588,Delhi,New York,Road,Chemicals,7678,24.22,12162,40FT_HC,90.74,Normal,Carrier_B,28,323741
SHP03589,Delhi,Rotterdam,Air,Furniture,2137,10.57,6882,AIR_CARGO,92.86,Normal,Carrier_C,9,412774
SHP03590,Hyderabad,Singapore,Sea,Electronics,20634,38.35,3905,40FT_HC,93.9,Normal,Carrier_E,11,188404
SHP03591,Mumbai,Busan,Sea,Pharmaceuticals,8175,26.83,4399,40FT,80.49,Normal,Carrier_C,13,125956
SHP03592,Kolkata,New York,Sea,Textiles,10570,27.2,15586,40FT_HC,101.15,Peak,Carrier_D,34,302412
SHP03593,Ahmedabad,Rotterdam,Road,Textiles,8237,22.86,9568,20FT,88.41,Off_Peak,Carrier_A,22,137447
SHP03594,Bengaluru,London,Air,Automotive Parts,1928,9.11,10702,AIR_CARGO,80.11,Normal,Carrier_E,12,506688
SHP03595,Chennai,Jebel Ali,Sea,General Cargo,6387,14.56,3562,40FT_HC,112.01,Off_Peak,Carrier_E,12,73020
SHP03596,Delhi,Los Angeles,Air,Machinery,2330,10.59,8126,AIR_CARGO,99.1,Peak,Carrier_B,10,588609
SHP03597,Mumbai,Rotterdam,Air,Textiles,991,4.92,9849,AIR_CARGO,113.65,Off_Peak,Carrier_A,11,535485
SHP03598,Ahmedabad,Los Angeles,Road,Automotive Parts,8829,26.31,12575,40FT_HC,114.92,Peak,Carrier_B,28,421197
SHP03599,Kolkata,Los Angeles,Sea,Furniture,7384,19.66,8116,20FT,96.85,Normal,Carrier_B,19,98623
SHP03600,Visakhapatnam,Jebel Ali,Road,Machinery,14642,38.07,9460,40FT_HC,102.02,Normal,Carrier_A,22,292251
SHP03601,Visakhapatnam,Rotterdam,Road,Furniture,14679,39.2,10272,40FT_HC,105.6,Peak,Carrier_C,24,363329
SHP03602,Delhi,Jebel Ali,Road,Chemicals,6852,18.98,12254,40FT_HC,114.98,Off_Peak,Carrier_E,27,316082
SHP03603,Cochin,Antwerp,Sea,Pharmaceuticals,24581,55.03,10078,40FT,108.15,Normal,Carrier_A,24,354699
SHP03604,Mumbai,Rotterdam,Road,Machinery,3378,10.8,9628,40FT,90.91,Normal,Carrier_E,23,166029
SHP03605,Chennai,Hamburg,Sea,Machinery,5746,15.41,11126,40FT,76.2,Off_Peak,Carrier_D,25,109481
SHP03606,Mumbai,Colombo,Air,General Cargo,641,2.71,1604,AIR_CARGO,80.24,Off_Peak,Carrier_E,4,75743
SHP03607,Delhi,Busan,Air,Textiles,2174,8.8,7035,AIR_CARGO,94.48,Off_Peak,Carrier_A,8,381598
SHP03608,Cochin,Shanghai,Road,Furniture,12989,37.92,9194,40FT_HC,103.63,Normal,Carrier_A,22,286113
SHP03609,Bengaluru,New York,Air,Food Products,2042,9.19,14167,AIR_CARGO,113.45,Off_Peak,Carrier_C,15,764856
SHP03610,Mumbai,London,Sea,Automotive Parts,8202,19.91,9563,40FT_HC,89.89,Peak,Carrier_C,23,198241
SHP03611,Pune,Shanghai,Road,Pharmaceuticals,11814,35.49,9809,20FT,104.98,Normal,Carrier_B,23,246566
SHP03612,Kolkata,New York,Road,Furniture,4094,15.39,14361,LCL,77.64,Peak,Carrier_C,33,147579
SHP03613,Cochin,Dubai,Sea,General Cargo,16854,32.32,8334,20FT,97.4,Peak,Carrier_A,21,170638
SHP03614,Hyderabad,Colombo,Sea,Solar Panels,14039,35.23,9582,20FT,104.48,Peak,Carrier_B,23,194374
SHP03615,Bengaluru,Busan,Road,Furniture,5797,22.09,5290,40FT,86.34,Off_Peak,Carrier_E,14,106258
SHP03616,Hyderabad,Busan,Road,Textiles,10431,33.42,5848,40FT,86.83,Peak,Carrier_D,15,193794
SHP03617,Pune,Singapore,Sea,Food Products,22959,41.89,4620,40FT_HC,98.4,Off_Peak,Carrier_E,13,165905
SHP03618,Ahmedabad,Dubai,Air,Food Products,2727,14.37,1854,AIR_CARGO,114,Peak,Carrier_D,4,287540
SHP03619,Cochin,Los Angeles,Air,Solar Panels,4053,18.73,4547,AIR_CARGO,81.91,Normal,Carrier_B,6,410472
SHP03620,Cochin,Shanghai,Air,Automotive Parts,4110,17.87,10070,AIR_CARGO,106.59,Off_Peak,Carrier_B,11,670090
SHP03621,Chennai,Shanghai,Road,Automotive Parts,1346,9.12,5550,40FT,88.34,Normal,Carrier_D,15,107129
SHP03622,Chennai,Dubai,Road,Textiles,2181,6.26,3526,40FT_HC,84.51,Peak,Carrier_C,11,84273
SHP03623,Bengaluru,Hamburg,Sea,General Cargo,12152,26.52,10610,40FT_HC,106.84,Off_Peak,Carrier_E,24,173193
SHP03624,Mumbai,New York,Road,Solar Panels,2413,10.87,12621,20FT,77.14,Peak,Carrier_D,29,185738
SHP03625,Mumbai,Rotterdam,Road,Chemicals,3194,10.64,9903,40FT_HC,81.57,Peak,Carrier_A,23,257876
SHP03626,Visakhapatnam,New York,Air,Furniture,4912,21.78,10170,AIR_CARGO,107.72,Normal,Carrier_A,11,779640
SHP03627,Chennai,London,Air,Textiles,233,1.11,10653,AIR_CARGO,114.59,Normal,Carrier_C,11,590312
SHP03628,Ahmedabad,Shanghai,Sea,Furniture,18046,41.16,8148,40FT,96.82,Normal,Carrier_E,20,189557
SHP03629,Visakhapatnam,Dubai,Sea,General Cargo,27604,51.51,3805,40FT,78.88,Peak,Carrier_B,11,232017
SHP03630,Kolkata,New York,Sea,Pharmaceuticals,7094,20.83,14822,20FT,113.93,Peak,Carrier_A,31,267075
SHP03631,Chennai,London,Air,Solar Panels,154,0.74,10996,AIR_CARGO,76.63,Off_Peak,Carrier_B,11,403956
SHP03632,Pune,Antwerp,Sea,General Cargo,22790,52.33,4234,40FT_HC,79.7,Off_Peak,Carrier_B,13,173383
SHP03633,Hyderabad,Colombo,Sea,Pharmaceuticals,13361,33.5,8564,20FT,101.12,Peak,Carrier_D,21,199410
SHP03634,Ahmedabad,Antwerp,Road,Food Products,8592,28.31,8909,40FT,100.4,Peak,Carrier_E,21,249090
SHP03635,Pune,Rotterdam,Road,Machinery,11975,32.38,8460,40FT,100.11,Peak,Carrier_B,21,265922
SHP03636,Chennai,London,Sea,Food Products,6260,16.9,10830,40FT,97.4,Normal,Carrier_A,25,153562
SHP03637,Cochin,London,Air,Chemicals,4464,21.34,3666,AIR_CARGO,78.11,Off_Peak,Carrier_D,5,381046
SHP03638,Kolkata,Shanghai,Road,Chemicals,4052,15.9,4547,40FT_HC,113.06,Peak,Carrier_E,12,179673
SHP03639,Chennai,Colombo,Air,Chemicals,242,1.02,943,AIR_CARGO,78.68,Normal,Carrier_E,4,54607
SHP03640,Cochin,Singapore,Road,Electronics,12616,32.2,10626,40FT_HC,107.02,Peak,Carrier_E,24,389922
SHP03641,Pune,Colombo,Road,Textiles,11818,36.21,8810,LCL,100.04,Off_Peak,Carrier_C,21,112688
SHP03642,Mumbai,Busan,Air,Food Products,795,3.22,4120,AIR_CARGO,80.08,Normal,Carrier_D,6,196292
SHP03643,Mumbai,Busan,Sea,Textiles,4704,20.35,8622,20FT,99.43,Off_Peak,Carrier_D,21,82164
SHP03644,Ahmedabad,Jebel Ali,Sea,Food Products,17110,33.44,6940,40FT_HC,94.04,Normal,Carrier_E,17,177624
SHP03645,Ahmedabad,Jebel Ali,Road,Food Products,8442,22.6,3604,40FT_HC,77.11,Peak,Carrier_D,11,134275
SHP03646,Cochin,Colombo,Air,Furniture,4320,18.23,11641,AIR_CARGO,114.36,Peak,Carrier_D,12,1012081
SHP03647,Kolkata,Dubai,Road,Furniture,4765,13.22,3775,LCL,78.79,Off_Peak,Carrier_B,11,39925
SHP03648,Kolkata,Busan,Air,General Cargo,1550,6.29,10751,AIR_CARGO,108.11,Normal,Carrier_B,12,608423
SHP03649,Ahmedabad,London,Air,Textiles,2598,12.17,7243,AIR_CARGO,95.48,Normal,Carrier_C,9,446269
SHP03650,Ahmedabad,Jebel Ali,Air,Machinery,2647,13.59,4936,AIR_CARGO,83.9,Peak,Carrier_B,7,398323
SHP03651,Chennai,Los Angeles,Sea,Furniture,3713,13.39,15906,20FT,110.54,Peak,Carrier_E,35,175001
SHP03652,Ahmedabad,Colombo,Air,Solar Panels,2895,12.44,2183,AIR_CARGO,86.25,Peak,Carrier_C,5,305017
SHP03653,Bengaluru,Jebel Ali,Road,Machinery,5652,16.04,8447,40FT_HC,100.79,Normal,Carrier_C,21,193756
SHP03654,Kolkata,Busan,Air,Electronics,1195,4.88,3396,AIR_CARGO,76.92,Peak,Carrier_C,5,247095
SHP03655,Bengaluru,Dubai,Sea,General Cargo,8234,16.64,3120,20FT,79.81,Peak,Carrier_D,11,68274
SHP03656,Bengaluru,Shanghai,Air,Solar Panels,1759,7.66,12138,AIR_CARGO,114.97,Normal,Carrier_A,13,852984
SHP03657,Chennai,Singapore,Road,Electronics,1939,5.17,3372,20FT,111.29,Off_Peak,Carrier_C,10,58169
SHP03658,Delhi,London,Sea,Automotive Parts,15720,34.08,6393,40FT_HC,89.08,Peak,Carrier_A,17,227377
SHP03659,Kolkata,Los Angeles,Road,Food Products,4865,16.73,7719,LCL,95.62,Peak,Carrier_A,19,111805
SHP03660,Bengaluru,Colombo,Air,Solar Panels,1888,8.05,9461,AIR_CARGO,104.27,Off_Peak,Carrier_C,11,551922
SHP03661,Delhi,New York,Road,General Cargo,6740,21.84,11806,LCL,79.89,Peak,Carrier_E,27,131724
SHP03662,Ahmedabad,Dubai,Air,Food Products,3006,16.06,1737,AIR_CARGO,83.62,Off_Peak,Carrier_C,4,193636
SHP03663,Kolkata,Busan,Air,Furniture,1368,5.58,7714,AIR_CARGO,96.94,Peak,Carrier_E,9,478242
SHP03664,Bengaluru,New York,Air,General Cargo,1930,8.52,15107,AIR_CARGO,95.95,Normal,Carrier_A,16,797262
SHP03665,Bengaluru,Jebel Ali,Air,Pharmaceuticals,1739,8.92,9291,AIR_CARGO,102.53,Normal,Carrier_B,11,672550
SHP03666,Kolkata,Shanghai,Sea,Electronics,6170,20.16,4821,20FT,83.91,Off_Peak,Carrier_A,14,68183
SHP03667,Kolkata,Hamburg,Sea,Electronics,2676,9.51,6571,LCL,89.55,Peak,Carrier_B,16,61977
SHP03668,Mumbai,Busan,Road,Solar Panels,2419,13.67,4777,40FT_HC,82.96,Peak,Carrier_A,13,136636
SHP03669,Bengaluru,London,Road,Machinery,5419,17.01,10142,40FT,76.59,Normal,Carrier_C,23,170673
SHP03670,Chennai,Singapore,Road,Chemicals,1481,4.04,3354,LCL,88.81,Normal,Carrier_D,10,40180
SHP03671,Delhi,Jebel Ali,Road,General Cargo,7602,20.54,3381,20FT,76.31,Off_Peak,Carrier_E,10,59860
SHP03672,Chennai,Colombo,Air,Textiles,166,0.7,948,AIR_CARGO,86.3,Peak,Carrier_C,3,56499
SHP03673,Bengaluru,Antwerp,Road,Food Products,5913,21.97,10655,40FT_HC,111.07,Normal,Carrier_E,25,251402
SHP03674,Mumbai,Rotterdam,Road,Food Products,3247,10.73,9538,LCL,112.76,Normal,Carrier_D,22,115458
SHP03675,Hyderabad,Rotterdam,Air,Solar Panels,3542,17.64,10934,AIR_CARGO,102.06,Peak,Carrier_C,12,953552
SHP03676,Hyderabad,Jebel Ali,Air,Furniture,3355,17.37,2603,AIR_CARGO,109.71,Off_Peak,Carrier_C,5,269580
SHP03677,Mumbai,Jebel Ali,Sea,Machinery,7333,15.86,1908,40FT_HC,98.76,Peak,Carrier_A,9,87570
SHP03678,Kolkata,New York,Road,Solar Panels,4045,14.91,15357,20FT,114.31,Normal,Carrier_D,35,273645
SHP03679,Hyderabad,Rotterdam,Air,Electronics,3519,17.33,10797,AIR_CARGO,81.2,Off_Peak,Carrier_E,11,564894
SHP03680,Ahmedabad,New York,Sea,Chemicals,11286,28.05,6947,20FT,91.86,Peak,Carrier_A,18,155664
SHP03681,Chennai,Jebel Ali,Air,Electronics,360,1.87,3632,AIR_CARGO,101.99,Normal,Carrier_A,6,232079
SHP03682,Pune,Singapore,Sea,Chemicals,16297,30.04,4565,20FT,91.04,Off_Peak,Carrier_A,13,113175
SHP03683,Ahmedabad,Colombo,Road,Solar Panels,9017,28.86,2013,40FT,81.28,Normal,Carrier_B,8,107424
SHP03684,Kolkata,London,Air,Furniture,1472,7,10940,AIR_CARGO,91.19,Normal,Carrier_A,12,573524
SHP03685,Ahmedabad,Antwerp,Road,Chemicals,8144,27.51,5277,40FT_HC,86.12,Normal,Carrier_B,13,179016
SHP03686,Pune,Rotterdam,Road,Pharmaceuticals,11920,32.14,9933,40FT,105.57,Normal,Carrier_A,23,349529
SHP03687,Ahmedabad,Singapore,Road,General Cargo,7920,20.27,8378,40FT_HC,97.75,Normal,Carrier_D,20,205562
SHP03688,Chennai,Dubai,Air,Electronics,229,1.2,3518,AIR_CARGO,87.07,Off_Peak,Carrier_E,6,149392
SHP03689,Ahmedabad,New York,Sea,General Cargo,4284,14.85,7351,LCL,93.27,Off_Peak,Carrier_A,19,53239
SHP03690,Pune,Los Angeles,Road,Electronics,11700,33.52,12112,LCL,114.32,Peak,Carrier_D,28,238886
SHP03691,Chennai,Singapore,Sea,Furniture,5238,9.76,3349,40FT_HC,101.36,Peak,Carrier_A,10,87396
SHP03692,Mumbai,Dubai,Sea,Food Products,4690,10.51,1999,20FT,99.68,Normal,Carrier_C,9,36777
SHP03693,Cochin,Colombo,Air,Machinery,4033,16.93,6256,AIR_CARGO,90.15,Peak,Carrier_B,8,542986
SHP03694,Mumbai,London,Sea,Machinery,6688,17.57,9385,40FT,100.56,Peak,Carrier_A,21,176705
SHP03695,Cochin,Singapore,Air,Food Products,4485,24.89,10189,AIR_CARGO,106.71,Peak,Carrier_A,11,923826
SHP03696,Ahmedabad,Colombo,Sea,Furniture,17510,40.98,2005,40FT_HC,114.52,Off_Peak,Carrier_E,10,125804
SHP03697,Delhi,Dubai,Air,Pharmaceuticals,2418,12.99,2137,AIR_CARGO,86.49,Off_Peak,Carrier_D,5,239689
SHP03698,Kolkata,Shanghai,Air,Chemicals,1359,5.88,4885,AIR_CARGO,82.14,Peak,Carrier_C,7,366492
SHP03699,Chennai,Jebel Ali,Air,Textiles,280,1.43,3379,AIR_CARGO,104.44,Peak,Carrier_D,5,219975
SHP03700,Cochin,Shanghai,Road,Food Products,13270,38.81,11414,40FT_HC,112.88,Off_Peak,Carrier_B,26,295625
SHP03701,Kolkata,London,Road,Chemicals,4082,14.08,11321,40FT,103.35,Normal,Carrier_A,26,285785
SHP03702,Cochin,Jebel Ali,Air,Pharmaceuticals,4118,21.13,6694,AIR_CARGO,90.31,Off_Peak,Carrier_C,8,542633
SHP03703,Ahmedabad,Rotterdam,Air,Food Products,2944,14.69,9765,AIR_CARGO,107.49,Normal,Carrier_B,11,652185
SHP03704,Bengaluru,London,Road,Automotive Parts,5097,16.52,10321,40FT_HC,87.57,Peak,Carrier_E,25,252915
SHP03705,Hyderabad,Colombo,Air,Chemicals,3351,14.32,6119,AIR_CARGO,88.86,Off_Peak,Carrier_E,8,430990
SHP03706,Bengaluru,Rotterdam,Road,Electronics,5685,16.68,10648,40FT,110.61,Off_Peak,Carrier_B,25,242843
SHP03707,Visakhapatnam,Colombo,Air,Food Products,4954,21.26,4229,AIR_CARGO,80.4,Normal,Carrier_D,6,389755
SHP03708,Ahmedabad,Jebel Ali,Road,Chemicals,8809,23.58,9577,40FT,106.23,Off_Peak,Carrier_E,22,241763
SHP03709,Bengaluru,Antwerp,Road,Food Products,5785,21.5,9697,20FT,105.08,Normal,Carrier_B,23,163469
SHP03710,Pune,Los Angeles,Air,Pharmaceuticals,3882,17.89,4679,AIR_CARGO,81.74,Off_Peak,Carrier_E,7,391279
SHP03711,Delhi,Shanghai,Road,Machinery,7228,23.42,4809,40FT_HC,96.64,Normal,Carrier_D,13,144192
SHP03712,Kolkata,Shanghai,Air,Food Products,1551,6.74,4767,AIR_CARGO,99.92,Off_Peak,Carrier_E,7,252371
SHP03713,Pune,Rotterdam,Road,Solar Panels,11533,31.19,10707,40FT,107.78,Off_Peak,Carrier_A,24,281876
SHP03714,Hyderabad,London,Air,Automotive Parts,3071,14.34,11279,AIR_CARGO,113.88,Normal,Carrier_B,12,805185
SHP03715,Pune,Rotterdam,Air,Solar Panels,3694,18.3,8402,AIR_CARGO,100.95,Peak,Carrier_A,10,799019
SHP03716,Chennai,New York,Air,Chemicals,390,1.75,13507,AIR_CARGO,86.65,Normal,Carrier_D,14,685154
SHP03717,Delhi,Los Angeles,Air,Textiles,2399,10.88,8098,AIR_CARGO,98.15,Peak,Carrier_C,9,591871
SHP03718,Delhi,New York,Sea,Textiles,14545,34.44,12320,40FT,75.97,Peak,Carrier_A,26,240876
SHP03719,Cochin,Shanghai,Road,Solar Panels,12600,37.47,12155,40FT_HC,114.31,Normal,Carrier_C,28,392727
SHP03720,Chennai,Hamburg,Sea,Textiles,4340,12.55,11393,40FT,112.58,Off_Peak,Carrier_C,25,143415
SHP03721,Kolkata,London,Air,Chemicals,1338,6.28,11858,AIR_CARGO,75.9,Normal,Carrier_D,13,596415
SHP03722,Chennai,Busan,Air,Machinery,597,2.41,3364,AIR_CARGO,76.91,Normal,Carrier_D,6,152432
SHP03723,Delhi,Colombo,Road,Machinery,6979,24.05,3407,40FT_HC,76.41,Off_Peak,Carrier_A,10,96221
SHP03724,Cochin,Shanghai,Sea,Electronics,7043,21.38,9168,LCL,103.38,Peak,Carrier_B,22,112764
SHP03725,Chennai,Busan,Road,Food Products,1500,11.12,4591,LCL,82.03,Normal,Carrier_E,12,43188
SHP03726,Chennai,Rotterdam,Air,Food Products,525,2.66,10585,AIR_CARGO,112.65,Normal,Carrier_E,11,557397
SHP03727,Hyderabad,Rotterdam,Air,Pharmaceuticals,3094,15.34,11305,AIR_CARGO,96.45,Off_Peak,Carrier_D,12,754515
SHP03728,Pune,Singapore,Sea,Food Products,21472,39.44,4255,40FT_HC,91.17,Normal,Carrier_D,13,177139
SHP03729,Bengaluru,New York,Air,Furniture,1870,8.4,15000,AIR_CARGO,99.69,Peak,Carrier_C,16,951280
SHP03730,Cochin,Colombo,Road,Automotive Parts,12694,38.36,9722,20FT,106.61,Normal,Carrier_D,23,214279
SHP03731,Visakhapatnam,Singapore,Air,Furniture,4558,25.28,10652,AIR_CARGO,110.77,Peak,Carrier_C,12,952953
SHP03732,Pune,Busan,Sea,Pharmaceuticals,15526,39.37,6409,20FT,89.72,Off_Peak,Carrier_E,17,128366
SHP03733,Hyderabad,Busan,Air,General Cargo,3453,13.81,4999,AIR_CARGO,83.83,Normal,Carrier_D,7,364731
SHP03734,Kolkata,Los Angeles,Air,Pharmaceuticals,1491,6.9,7150,AIR_CARGO,92.47,Off_Peak,Carrier_B,9,439031
SHP03735,Visakhapatnam,Dubai,Sea,General Cargo,18428,34.78,10902,20FT,108.4,Normal,Carrier_E,25,162292
SHP03736,Pune,Rotterdam,Sea,Automotive Parts,6304,15.36,7096,LCL,92.25,Normal,Carrier_A,18,68416
SHP03737,Mumbai,Los Angeles,Road,Textiles,2769,11.33,15378,LCL,102.1,Normal,Carrier_E,34,152375
SHP03738,Hyderabad,Jebel Ali,Sea,Electronics,5083,12.11,2623,LCL,97.19,Peak,Carrier_D,10,44875
SHP03739,Pune,New York,Sea,Food Products,6068,18.97,13203,LCL,95.22,Normal,Carrier_E,30,93831
SHP03740,Bengaluru,Busan,Road,Furniture,5590,21.87,4304,40FT_HC,81.43,Normal,Carrier_D,12,114176
SHP03741,Bengaluru,Los Angeles,Air,Pharmaceuticals,1726,7.88,16508,AIR_CARGO,107.47,Peak,Carrier_D,17,1412608
SHP03742,Cochin,Rotterdam,Road,Electronics,12479,33.33,9430,40FT,103.86,Off_Peak,Carrier_D,23,254600
SHP03743,Ahmedabad,Dubai,Sea,Electronics,4789,9.88,1810,LCL,106.09,Normal,Carrier_A,8,32482
SHP03744,Cochin,Jebel Ali,Road,Textiles,13361,35.11,4612,LCL,81.74,Off_Peak,Carrier_C,13,73887
SHP03745,Mumbai,Shanghai,Air,Machinery,713,3.1,6455,AIR_CARGO,90.18,Peak,Carrier_B,8,364737
SHP03746,Hyderabad,Los Angeles,Air,Electronics,3231,14.74,15265,AIR_CARGO,101.12,Off_Peak,Carrier_A,16,927850
SHP03747,Mumbai,Rotterdam,Road,Pharmaceuticals,3080,9.85,9599,40FT_HC,89.72,Peak,Carrier_A,22,288689
SHP03748,Hyderabad,Colombo,Sea,Machinery,18736,43.91,6024,40FT_HC,88.21,Peak,Carrier_E,16,218611
SHP03749,Delhi,Los Angeles,Road,Solar Panels,7395,23.08,4207,40FT,79.65,Off_Peak,Carrier_C,12,109431
SHP03750,Ahmedabad,Jebel Ali,Road,Electronics,8230,22.37,8433,40FT_HC,98.39,Peak,Carrier_B,21,294492
SHP03751,Kolkata,New York,Air,Furniture,1289,5.78,14817,AIR_CARGO,94.16,Off_Peak,Carrier_E,15,600676
SHP03752,Bengaluru,Busan,Air,General Cargo,1654,6.75,3527,AIR_CARGO,77.65,Peak,Carrier_C,5,248715
SHP03753,Mumbai,Colombo,Sea,Solar Panels,7935,23.79,1666,40FT,105.49,Peak,Carrier_E,7,97086
SHP03754,Pune,Colombo,Sea,Solar Panels,6131,20.16,11712,LCL,112.47,Normal,Carrier_D,27,111701
SHP03755,Visakhapatnam,Busan,Sea,Pharmaceuticals,19047,46.17,11613,20FT,111.42,Peak,Carrier_A,26,309516
SHP03756,Delhi,Colombo,Air,General Cargo,2128,9.02,9510,AIR_CARGO,103.49,Off_Peak,Carrier_B,11,506380
SHP03757,Mumbai,New York,Road,Food Products,3024,12.77,12927,40FT_HC,78.05,Peak,Carrier_B,29,255710
SHP03758,Cochin,London,Sea,Machinery,25227,51.12,11193,40FT_HC,112.18,Off_Peak,Carrier_C,26,263919
SHP03759,Cochin,Rotterdam,Air,Solar Panels,4296,21.45,11930,AIR_CARGO,114.89,Peak,Carrier_C,13,1170094
SHP03760,Hyderabad,Jebel Ali,Air,Electronics,3263,16.63,2875,AIR_CARGO,94.62,Normal,Carrier_A,5,346474
SHP03761,Pune,Rotterdam,Road,General Cargo,10627,28.81,4255,40FT,80.27,Peak,Carrier_A,11,166072
SHP03762,Cochin,Antwerp,Road,Food Products,12277,37.59,10603,40FT,109.68,Peak,Carrier_E,25,323749
SHP03763,Ahmedabad,London,Sea,Solar Panels,11102,25.4,5857,20FT,87.23,Normal,Carrier_E,15,96502
SHP03764,Cochin,Los Angeles,Sea,Automotive Parts,16829,36.87,6196,20FT,89.85,Normal,Carrier_A,16,133913
SHP03765,Ahmedabad,Dubai,Air,Food Products,2938,15.62,1758,AIR_CARGO,106.99,Peak,Carrier_E,4,272096
SHP03766,Bengaluru,Jebel Ali,Sea,Textiles,13455,27.38,6356,40FT,90.09,Off_Peak,Carrier_D,16,124979
SHP03767,Kolkata,Dubai,Road,Pharmaceuticals,4665,12.51,5060,LCL,84.63,Normal,Carrier_E,13,71369
SHP03768,Visakhapatnam,Busan,Road,Automotive Parts,14238,43.43,10587,20FT,106.66,Normal,Carrier_B,25,235195
SHP03769,Delhi,Jebel Ali,Sea,Automotive Parts,14661,29.6,6611,40FT_HC,91.09,Peak,Carrier_E,18,200427
SHP03770,Hyderabad,Busan,Sea,Solar Panels,20775,49.08,4936,40FT_HC,84.21,Normal,Carrier_C,14,217098
SHP03771,Delhi,Busan,Road,General Cargo,7539,26.55,11147,40FT,112.03,Off_Peak,Carrier_B,25,239625
SHP03772,Delhi,Colombo,Air,Automotive Parts,2285,9.61,6460,AIR_CARGO,90.75,Off_Peak,Carrier_B,8,362969
SHP03773,Bengaluru,Rotterdam,Air,Furniture,1608,8,11347,AIR_CARGO,114.58,Normal,Carrier_E,12,675385
SHP03774,Pune,Shanghai,Air,Textiles,3613,15.89,3813,AIR_CARGO,78.65,Normal,Carrier_E,5,298971
SHP03775,Ahmedabad,Los Angeles,Air,Chemicals,2740,12.7,11868,AIR_CARGO,113.71,Peak,Carrier_B,13,1108979
SHP03776,Hyderabad,Singapore,Air,Machinery,3422,18.66,3928,AIR_CARGO,91.36,Peak,Carrier_C,5,415454
SHP03777,Chennai,London,Air,Furniture,581,2.73,10343,AIR_CARGO,75.94,Off_Peak,Carrier_A,11,362761
SHP03778,Delhi,Los Angeles,Air,Chemicals,2172,9.92,9370,AIR_CARGO,102.48,Peak,Carrier_A,10,840806
SHP03779,Chennai,New York,Air,Automotive Parts,150,0.67,14787,AIR_CARGO,86.81,Peak,Carrier_C,15,791773
SHP03780,Kolkata,Dubai,Road,Textiles,3902,10.54,6676,40FT,90.57,Peak,Carrier_E,17,148432
SHP03781,Pune,Los Angeles,Air,Electronics,3606,16.74,10149,AIR_CARGO,106.08,Off_Peak,Carrier_D,12,679946
SHP03782,Pune,Singapore,Sea,Pharmaceuticals,15771,29.55,4561,20FT,101.39,Off_Peak,Carrier_E,13,113375
SHP03783,Hyderabad,Busan,Air,Solar Panels,3374,13.81,4310,AIR_CARGO,80.05,Normal,Carrier_D,6,363260
SHP03784,Chennai,London,Air,General Cargo,534,2.51,10407,AIR_CARGO,90.49,Off_Peak,Carrier_A,11,435426
SHP03785,Hyderabad,Shanghai,Road,Automotive Parts,10000,30.79,5587,40FT_HC,92.43,Off_Peak,Carrier_E,15,155849
SHP03786,Bengaluru,Jebel Ali,Air,Machinery,1730,8.99,12164,AIR_CARGO,113.24,Normal,Carrier_E,13,715884
SHP03787,Delhi,New York,Air,General Cargo,2513,11.19,12264,AIR_CARGO,95.45,Peak,Carrier_D,13,802796
SHP03788,Kolkata,Jebel Ali,Sea,Solar Panels,10154,20.47,7712,40FT_HC,94.68,Off_Peak,Carrier_E,19,137487
SHP03789,Chennai,Singapore,Sea,Solar Panels,4502,8.32,3411,40FT_HC,92.48,Normal,Carrier_B,12,70417
SHP03790,Delhi,Singapore,Sea,Automotive Parts,14292,26.89,3978,40FT_HC,85.91,Normal,Carrier_E,12,135906
SHP03791,Pune,Busan,Road,Chemicals,10904,34.64,5247,20FT,86.12,Normal,Carrier_B,13,143485
SHP03792,Bengaluru,Busan,Air,Food Products,1815,7.39,11943,AIR_CARGO,113.23,Peak,Carrier_C,13,875960
SHP03793,Chennai,New York,Road,Chemicals,1865,9.41,14074,40FT_HC,104.91,Peak,Carrier_B,31,411495
SHP03794,Bengaluru,New York,Air,Electronics,2025,9.09,14437,AIR_CARGO,87.31,Off_Peak,Carrier_D,15,687527
SHP03795,Bengaluru,Dubai,Air,General Cargo,1729,9.27,3228,AIR_CARGO,101.77,Peak,Carrier_C,6,292844
SHP03796,Bengaluru,Jebel Ali,Air,Machinery,1831,9.32,3608,AIR_CARGO,78.02,Peak,Carrier_D,5,263915
SHP03797,Delhi,Hamburg,Sea,Electronics,14080,30.55,4268,40FT_HC,81.61,Normal,Carrier_C,13,149912
SHP03798,Pune,Dubai,Road,Machinery,11528,29.89,2097,40FT_HC,91.79,Peak,Carrier_B,7,140492
SHP03799,Delhi,Antwerp,Sea,Textiles,3612,17.1,11056,LCL,108.9,Off_Peak,Carrier_A,25,78711
SHP03800,Pune,New York,Road,Automotive Parts,10794,31.66,13478,40FT,110.8,Off_Peak,Carrier_D,31,310163
SHP03801,Kolkata,Dubai,Air,Food Products,1190,6.28,10292,AIR_CARGO,109.35,Normal,Carrier_C,11,590466
SHP03802,Visakhapatnam,Busan,Air,Food Products,4746,19.19,4801,AIR_CARGO,82.76,Normal,Carrier_C,6,407921
SHP03803,Cochin,Colombo,Road,Electronics,12674,38.35,7802,40FT_HC,97.03,Off_Peak,Carrier_A,19,243750
SHP03804,Mumbai,Shanghai,Sea,Solar Panels,1717,11.38,6481,LCL,107.12,Normal,Carrier_E,16,54264
SHP03805,Visakhapatnam,Hamburg,Air,General Cargo,4876,23.83,10631,AIR_CARGO,107.1,Off_Peak,Carrier_B,12,675836
SHP03806,Kolkata,Shanghai,Sea,Automotive Parts,10343,27.25,4889,40FT_HC,87.82,Peak,Carrier_D,14,157376
SHP03807,Cochin,Singapore,Air,Food Products,4253,23.22,7873,AIR_CARGO,96.62,Off_Peak,Carrier_D,9,507128
SHP03808,Hyderabad,Rotterdam,Sea,Solar Panels,13629,27.84,10383,20FT,95.86,Off_Peak,Carrier_D,25,133214
SHP03809,Chennai,Antwerp,Road,Electronics,1440,10.58,9710,LCL,106.58,Off_Peak,Carrier_B,22,107471
SHP03810,Hyderabad,Busan,Air,Solar Panels,3269,13.18,6612,AIR_CARGO,89.67,Peak,Carrier_C,8,575446
SHP03811,Hyderabad,London,Air,Machinery,3411,15.94,8216,AIR_CARGO,97.03,Off_Peak,Carrier_E,10,459654
SHP03812,Pune,Busan,Air,General Cargo,3988,16.19,4433,AIR_CARGO,81.38,Peak,Carrier_A,6,446134
SHP03813,Delhi,Colombo,Air,Pharmaceuticals,2460,10.53,10496,AIR_CARGO,107.75,Peak,Carrier_D,11,995849
SHP03814,Bengaluru,Jebel Ali,Sea,Machinery,3197,8.64,3118,LCL,76.05,Normal,Carrier_E,10,24774
SHP03815,Kolkata,Rotterdam,Road,Solar Panels,4100,12.89,11496,20FT,76.75,Off_Peak,Carrier_D,27,131654
SHP03816,Mumbai,Shanghai,Sea,Automotive Parts,8081,23.24,6697,40FT_HC,113.62,Peak,Carrier_C,16,190049
SHP03817,Chennai,Jebel Ali,Road,Furniture,1643,5.83,3532,40FT_HC,83.31,Off_Peak,Carrier_A,11,60635
SHP03818,Chennai,Busan,Sea,Furniture,5204,20.75,11991,40FT,112.59,Normal,Carrier_C,27,182582
SHP03819,Visakhapatnam,Colombo,Air,Pharmaceuticals,4677,19.76,6173,AIR_CARGO,88,Normal,Carrier_A,8,644507
SHP03820,Bengaluru,Rotterdam,Air,Electronics,2016,9.97,10657,AIR_CARGO,114.43,Off_Peak,Carrier_D,12,676777
SHP03821,Pune,Busan,Air,Electronics,3956,16.18,7445,AIR_CARGO,96.41,Peak,Carrier_E,8,682799
SHP03822,Hyderabad,Los Angeles,Air,Food Products,3366,15.63,15281,AIR_CARGO,79.31,Off_Peak,Carrier_C,16,646174
SHP03823,Kolkata,Dubai,Sea,Furniture,8847,17.1,3104,40FT_HC,75.18,Normal,Carrier_D,11,81275
SHP03824,Visakhapatnam,Dubai,Air,Pharmaceuticals,4656,24.76,10561,AIR_CARGO,108.94,Off_Peak,Carrier_A,12,909022
SHP03825,Cochin,Los Angeles,Sea,Machinery,23629,49.46,7705,40FT_HC,97.35,Peak,Carrier_A,19,296335
SHP03826,Mumbai,London,Road,Furniture,2493,10.11,9619,40FT_HC,109.36,Normal,Carrier_E,22,207496
SHP03827,Bengaluru,Jebel Ali,Road,Automotive Parts,5133,14.64,6858,20FT,91.08,Off_Peak,Carrier_C,17,99930
SHP03828,Delhi,Antwerp,Sea,Pharmaceuticals,15436,38.88,7760,40FT,95.09,Off_Peak,Carrier_D,19,197053
SHP03829,Ahmedabad,Jebel Ali,Sea,Textiles,16907,32.89,7113,40FT,93.45,Peak,Carrier_B,18,199306
SHP03830,Visakhapatnam,Hamburg,Air,Chemicals,4522,21.7,6881,AIR_CARGO,91.79,Off_Peak,Carrier_C,8,561673
SHP03831,Cochin,London,Road,Machinery,12629,34.96,11457,40FT_HC,111.9,Normal,Carrier_D,26,319252
SHP03832,Ahmedabad,Singapore,Air,General Cargo,2690,14.83,3161,AIR_CARGO,75.3,Normal,Carrier_B,5,245300
SHP03833,Ahmedabad,Colombo,Road,Furniture,8121,26.4,2163,40FT_HC,95.13,Off_Peak,Carrier_C,8,91040
SHP03834,Chennai,Colombo,Air,Machinery,451,1.92,950,AIR_CARGO,105.22,Peak,Carrier_D,4,81445
SHP03835,Mumbai,Shanghai,Sea,Solar Panels,1527,11.33,6323,LCL,76,Peak,Carrier_B,16,49880
SHP03836,Pune,Hamburg,Air,Solar Panels,3802,18.34,10694,AIR_CARGO,88.37,Off_Peak,Carrier_A,12,636152
SHP03837,Delhi,Shanghai,Road,General Cargo,7267,24.05,4686,40FT,75.62,Off_Peak,Carrier_B,12,101630
SHP03838,Pune,Dubai,Air,Automotive Parts,3547,18.57,2110,AIR_CARGO,76.23,Peak,Carrier_E,4,311364
SHP03839,Chennai,New York,Air,Furniture,617,2.76,13915,AIR_CARGO,93.3,Normal,Carrier_D,15,648049
SHP03840,Cochin,Rotterdam,Road,Pharmaceuticals,13154,35.55,8601,20FT,99.58,Normal,Carrier_B,20,218460
SHP03841,Mumbai,Jebel Ali,Road,Furniture,2626,8.1,2016,LCL,94.83,Normal,Carrier_A,7,29976
SHP03842,Mumbai,New York,Road,Textiles,2773,12.16,12829,LCL,109.61,Peak,Carrier_B,29,173673
SHP03843,Ahmedabad,Busan,Air,General Cargo,2675,10.89,10568,AIR_CARGO,111.11,Normal,Carrier_A,11,694925
SHP03844,Cochin,Hamburg,Air,Furniture,4491,21.65,10713,AIR_CARGO,108.22,Off_Peak,Carrier_B,11,680720
SHP03845,Visakhapatnam,Shanghai,Road,General Cargo,13957,40.27,7208,LCL,92.84,Off_Peak,Carrier_A,17,108224
SHP03846,Kolkata,Antwerp,Road,Solar Panels,4613,18.36,6882,40FT_HC,91.07,Normal,Carrier_B,17,173259
SHP03847,Pune,Rotterdam,Air,General Cargo,3707,18.47,11075,AIR_CARGO,111.05,Off_Peak,Carrier_D,12,659769
SHP03848,Kolkata,Colombo,Sea,Electronics,9203,26.66,1958,40FT_HC,77.72,Off_Peak,Carrier_C,8,87891
SHP03849,Cochin,Dubai,Air,Electronics,4065,21.44,5664,AIR_CARGO,87.02,Normal,Carrier_E,7,492111
SHP03850,Cochin,Jebel Ali,Road,Furniture,12357,32.61,10074,20FT,105.81,Normal,Carrier_B,24,196737
SHP03851,Ahmedabad,Rotterdam,Sea,Food Products,17884,35.56,9873,40FT_HC,114.7,Normal,Carrier_B,23,235899
SHP03852,Chennai,Rotterdam,Road,Chemicals,997,4.76,10703,40FT_HC,106.13,Normal,Carrier_B,25,262033
SHP03853,Mumbai,Colombo,Air,Pharmaceuticals,1110,4.67,1669,AIR_CARGO,79.32,Peak,Carrier_A,4,185871
SHP03854,Hyderabad,Jebel Ali,Air,Furniture,3475,18.02,2714,AIR_CARGO,94.61,Normal,Carrier_E,5,288344
SHP03855,Chennai,Jebel Ali,Air,Chemicals,444,2.28,3453,AIR_CARGO,114.78,Peak,Carrier_A,5,315453
SHP03856,Chennai,Shanghai,Road,Automotive Parts,1851,10.31,5794,40FT_HC,81.55,Off_Peak,Carrier_C,15,101016
SHP03857,Cochin,New York,Air,Machinery,4456,19.89,12179,AIR_CARGO,114.85,Peak,Carrier_A,13,1090098
SHP03858,Visakhapatnam,Jebel Ali,Road,Textiles,14229,36.98,11469,20FT,110.56,Peak,Carrier_E,27,260649
SHP03859,Ahmedabad,London,Air,Furniture,2614,12.28,7682,AIR_CARGO,95.55,Peak,Carrier_C,9,565448
SHP03860,Visakhapatnam,Hamburg,Air,Furniture,4995,24.02,9496,AIR_CARGO,102.4,Off_Peak,Carrier_B,11,616949
SHP03861,Pune,Los Angeles,Air,Food Products,3766,17.51,8238,AIR_CARGO,97.53,Normal,Carrier_A,9,575694
SHP03862,Hyderabad,New York,Road,Electronics,9458,28.54,7179,40FT,94.6,Normal,Carrier_A,18,216953
SHP03863,Visakhapatnam,Singapore,Road,Furniture,13916,35.11,11893,40FT,114.85,Peak,Carrier_D,27,382932
SHP03864,Pune,New York,Road,General Cargo,10652,31.33,13240,LCL,76.04,Normal,Carrier_A,30,142307
SHP03865,Mumbai,Rotterdam,Air,General Cargo,791,3.94,9922,AIR_CARGO,82.17,Off_Peak,Carrier_A,11,386468
SHP03866,Delhi,New York,Sea,Chemicals,14580,33.89,11486,40FT_HC,76.54,Normal,Carrier_D,25,240497
SHP03867,Mumbai,Rotterdam,Road,Electronics,3300,10.29,9889,40FT_HC,85.96,Peak,Carrier_C,24,243613
SHP03868,Chennai,New York,Air,Solar Panels,471,2.13,13892,AIR_CARGO,81.86,Peak,Carrier_B,14,740179
SHP03869,Bengaluru,London,Road,Furniture,6291,19.64,10144,20FT,91.18,Off_Peak,Carrier_E,24,128266
SHP03870,Hyderabad,Rotterdam,Air,Electronics,3454,17.47,11311,AIR_CARGO,102.52,Normal,Carrier_B,12,824296
SHP03871,Chennai,Colombo,Air,Machinery,517,2.22,1020,AIR_CARGO,114.63,Off_Peak,Carrier_C,3,68793
SHP03872,Mumbai,Busan,Air,Electronics,853,3.49,5284,AIR_CARGO,85.66,Normal,Carrier_D,7,295801
SHP03873,Bengaluru,Colombo,Sea,Textiles,11449,30.03,7983,40FT_HC,95.58,Normal,Carrier_E,20,160674
SHP03874,Cochin,Dubai,Air,Machinery,4046,21.23,3935,AIR_CARGO,78.96,Off_Peak,Carrier_E,6,300519
SHP03875,Cochin,Busan,Road,Pharmaceuticals,13382,41.17,3213,40FT_HC,76.1,Off_Peak,Carrier_C,9,164793
SHP03876,Chennai,Antwerp,Air,Food Products,513,2.13,6496,AIR_CARGO,90.82,Peak,Carrier_B,8,359235
SHP03877,Kolkata,Singapore,Air,Food Products,1508,8.25,2431,AIR_CARGO,112.54,Normal,Carrier_A,4,211939
SHP03878,Visakhapatnam,New York,Air,Automotive Parts,4938,22.35,3410,AIR_CARGO,77.5,Normal,Carrier_D,5,386593
SHP03879,Delhi,Los Angeles,Road,General Cargo,7255,22.43,3737,40FT_HC,78.03,Normal,Carrier_B,11,107764
SHP03880,Cochin,Colombo,Air,Electronics,4107,17.33,9534,AIR_CARGO,103.29,Normal,Carrier_E,11,740546
SHP03881,Cochin,London,Air,Machinery,4107,19.58,9773,AIR_CARGO,107.22,Off_Peak,Carrier_B,10,603697
SHP03882,Mumbai,Shanghai,Road,Solar Panels,2568,11.85,6695,40FT,82.55,Peak,Carrier_A,17,163457
SHP03883,Visakhapatnam,Hamburg,Sea,Pharmaceuticals,7588,18.55,3594,LCL,77.66,Normal,Carrier_A,13,58809
SHP03884,Kolkata,Singapore,Sea,Automotive Parts,9698,18.45,2510,40FT,102.13,Peak,Carrier_D,10,110653
SHP03885,Chennai,Shanghai,Road,Machinery,1697,10.23,5672,40FT_HC,99.31,Peak,Carrier_A,15,152639
SHP03886,Hyderabad,Dubai,Road,Chemicals,9938,26.17,2634,40FT_HC,100.59,Normal,Carrier_C,8,145374
SHP03887,Visakhapatnam,Colombo,Road,General Cargo,14576,42.82,6343,LCL,90.39,Off_Peak,Carrier_B,17,97513
SHP03888,Chennai,Los Angeles,Air,Chemicals,351,1.61,15018,AIR_CARGO,88.67,Normal,Carrier_D,16,799701
SHP03889,Delhi,Singapore,Sea,Furniture,3624,7.54,3983,LCL,113.99,Normal,Carrier_B,13,37899
SHP03890,Ahmedabad,Colombo,Sea,Textiles,16458,39.61,2014,40FT_HC,97.18,Off_Peak,Carrier_A,9,123306
SHP03891,Delhi,Singapore,Sea,General Cargo,14834,27.87,3979,40FT_HC,109.46,Normal,Carrier_E,13,138029
SHP03892,Ahmedabad,London,Sea,Machinery,18366,38.77,3525,40FT,77.36,Normal,Carrier_D,11,141736
SHP03893,Visakhapatnam,Shanghai,Sea,Food Products,19299,43.75,7495,20FT,93.94,Peak,Carrier_E,18,163330
SHP03894,Visakhapatnam,Singapore,Road,General Cargo,14491,36.48,8325,40FT_HC,99.4,Normal,Carrier_D,19,248977
SHP03895,Ahmedabad,New York,Road,Furniture,8862,27.44,9749,40FT,106.07,Normal,Carrier_A,23,252830
SHP03896,Delhi,Rotterdam,Sea,Chemicals,4053,10.5,7227,LCL,80.62,Normal,Carrier_C,18,59569
SHP03897,Ahmedabad,Rotterdam,Road,Food Products,8465,23.19,9685,20FT,114.42,Peak,Carrier_B,23,219485
SHP03898,Mumbai,Busan,Sea,Automotive Parts,1988,14.98,6450,LCL,89.89,Normal,Carrier_B,17,50457
SHP03899,Delhi,Colombo,Sea,Food Products,14655,36.43,7244,40FT_HC,92.39,Peak,Carrier_C,19,214892
SHP03900,Kolkata,London,Road,Electronics,4767,15.31,11590,40FT_HC,100.84,Off_Peak,Carrier_A,27,265969
SHP03901,Kolkata,Antwerp,Road,Furniture,4132,17.07,11133,LCL,108.96,Normal,Carrier_C,25,135041
SHP03902,Delhi,Shanghai,Air,General Cargo,2520,11.07,4720,AIR_CARGO,105.9,Off_Peak,Carrier_D,6,318760
SHP03903,Pune,Dubai,Sea,Automotive Parts,22425,42.62,2071,40FT_HC,79.13,Peak,Carrier_A,9,217859
SHP03904,Visakhapatnam,New York,Air,Food Products,4734,21.33,11727,AIR_CARGO,114.98,Off_Peak,Carrier_D,12,755018
SHP03905,Chennai,New York,Sea,Machinery,3402,13.72,13690,20FT,79.48,Peak,Carrier_B,30,126070
SHP03906,Mumbai,Los Angeles,Air,Furniture,753,3.48,15385,AIR_CARGO,106.22,Normal,Carrier_B,16,817206
SHP03907,Visakhapatnam,Antwerp,Air,Electronics,4625,19.34,10432,AIR_CARGO,105.95,Off_Peak,Carrier_C,11,762554
SHP03908,Hyderabad,Los Angeles,Sea,Machinery,20484,44.14,15354,40FT_HC,109.5,Peak,Carrier_C,32,385921
SHP03909,Bengaluru,Los Angeles,Air,Textiles,1940,8.98,15973,AIR_CARGO,114.24,Off_Peak,Carrier_B,16,826695
SHP03910,Hyderabad,Busan,Sea,Textiles,18404,44.64,4685,40FT_HC,82.13,Normal,Carrier_E,14,164122
SHP03911,Pune,Los Angeles,Air,Pharmaceuticals,3581,16.4,9580,AIR_CARGO,102.83,Off_Peak,Carrier_B,11,707496
SHP03912,Ahmedabad,Shanghai,Road,Food Products,9088,28.72,3665,LCL,77.35,Peak,Carrier_A,10,80369
SHP03913,Hyderabad,New York,Air,Electronics,3300,14.85,3684,AIR_CARGO,78.05,Normal,Carrier_E,6,326615
SHP03914,Kolkata,London,Air,Furniture,1497,7.1,11816,AIR_CARGO,85.09,Off_Peak,Carrier_D,13,481857
SHP03915,Pune,Rotterdam,Air,Pharmaceuticals,3911,19.51,10026,AIR_CARGO,104.13,Normal,Carrier_A,11,903144
SHP03916,Hyderabad,Los Angeles,Road,General Cargo,9457,28.03,15411,20FT,77.62,Peak,Carrier_E,34,225066
SHP03917,Ahmedabad,New York,Road,Chemicals,7917,25,6743,40FT_HC,92.69,Normal,Carrier_B,17,213214
SHP03918,Mumbai,Colombo,Road,Automotive Parts,2258,11.76,1598,40FT_HC,96.13,Normal,Carrier_E,7,54230
SHP03919,Cochin,Hamburg,Sea,Solar Panels,24376,48.33,5732,40FT_HC,87.78,Normal,Carrier_E,15,225373
SHP03920,Chennai,Rotterdam,Sea,Automotive Parts,4583,11.89,11347,40FT_HC,106.54,Peak,Carrier_B,26,213702
SHP03921,Chennai,Colombo,Road,Chemicals,1453,9.99,954,20FT,77.26,Normal,Carrier_B,5,27036
SHP03922,Visakhapatnam,Dubai,Road,Solar Panels,13478,34.45,10937,20FT,111.69,Peak,Carrier_E,25,282538
SHP03923,Kolkata,Singapore,Road,General Cargo,4785,12.38,2518,LCL,88.49,Normal,Carrier_C,9,39492
SHP03924,Cochin,Antwerp,Air,Food Products,4322,17.79,11921,AIR_CARGO,113.4,Peak,Carrier_C,12,1018146
SHP03925,Ahmedabad,Colombo,Sea,Electronics,17891,42.41,2164,40FT_HC,106.22,Peak,Carrier_E,8,196207
SHP03926,Ahmedabad,Singapore,Road,Chemicals,8287,21.15,7347,40FT_HC,92.85,Off_Peak,Carrier_E,18,188341
SHP03927,Kolkata,Hamburg,Sea,Solar Panels,11148,24.85,8300,40FT_HC,100.34,Normal,Carrier_E,20,180352
SHP03928,Delhi,Colombo,Road,Furniture,6652,22.74,8975,20FT,103.53,Normal,Carrier_B,22,153565
SHP03929,Pune,Antwerp,Road,Automotive Parts,11533,35.73,6162,LCL,88.48,Normal,Carrier_B,16,106356
SHP03930,Cochin,Hamburg,Road,Chemicals,12068,33.19,6711,20FT,91.56,Peak,Carrier_E,17,197171
SHP03931,Delhi,London,Road,Electronics,6907,21.01,6760,40FT_HC,79.39,Off_Peak,Carrier_D,17,153554
SHP03932,Cochin,New York,Sea,General Cargo,24157,51.07,7643,40FT_HC,97.15,Peak,Carrier_D,18,286600
SHP03933,Delhi,Shanghai,Road,Machinery,6651,22.36,4985,40FT_HC,102.82,Normal,Carrier_E,13,141583
SHP03934,Pune,Singapore,Sea,Textiles,21919,40.2,4291,40FT_HC,92.77,Normal,Carrier_D,14,183936
SHP03935,Pune,Singapore,Road,Machinery,11304,28.41,4279,40FT,87.66,Off_Peak,Carrier_E,12,117504
SHP03936,Hyderabad,New York,Air,Food Products,3115,13.8,4482,AIR_CARGO,81.4,Peak,Carrier_C,7,382935
SHP03937,Delhi,London,Air,Textiles,2566,12.18,6735,AIR_CARGO,97.03,Normal,Carrier_A,9,451581
SHP03938,Kolkata,Los Angeles,Air,Pharmaceuticals,1272,5.86,7721,AIR_CARGO,96.47,Peak,Carrier_E,9,617038
SHP03939,Bengaluru,Singapore,Air,Furniture,1897,10.47,3669,AIR_CARGO,85.79,Peak,Carrier_A,5,301260
SHP03940,Visakhapatnam,London,Air,Furniture,4686,21.84,7663,AIR_CARGO,94.5,Peak,Carrier_B,9,686125
SHP03941,Hyderabad,Busan,Road,Machinery,9507,31.75,10342,40FT,109.43,Off_Peak,Carrier_D,24,229195
SHP03942,Kolkata,Busan,Road,Furniture,4933,20.26,7575,20FT,94.52,Peak,Carrier_C,18,144728
SHP03943,Pune,Busan,Air,Chemicals,3630,14.76,9190,AIR_CARGO,104.21,Peak,Carrier_C,11,892604
SHP03944,Kolkata,Busan,Sea,Solar Panels,10236,30.23,7316,40FT_HC,93.52,Normal,Carrier_A,19,177084
SHP03945,Cochin,Antwerp,Sea,Pharmaceuticals,7013,23.02,8237,LCL,97.27,Normal,Carrier_B,20,95792
SHP03946,Visakhapatnam,Singapore,Air,Solar Panels,4592,25.43,11509,AIR_CARGO,113.85,Normal,Carrier_A,12,1011272
SHP03947,Chennai,Hamburg,Air,General Cargo,482,2.31,10934,AIR_CARGO,114.05,Peak,Carrier_A,12,773923
SHP03948,Pune,London,Road,Chemicals,11164,31.3,9640,40FT,93.56,Normal,Carrier_D,23,275509
SHP03949,Bengaluru,Busan,Sea,Pharmaceuticals,3045,17.37,6977,LCL,92.43,Peak,Carrier_A,17,86800
SHP03950,Kolkata,Dubai,Sea,Automotive Parts,10730,21.38,6631,40FT_HC,90.62,Off_Peak,Carrier_E,17,122466
SHP03951,Ahmedabad,Los Angeles,Air,Pharmaceuticals,2739,12.66,11141,AIR_CARGO,112.28,Off_Peak,Carrier_D,12,808125
SHP03952,Chennai,Colombo,Road,Machinery,1450,9.97,959,40FT_HC,112.65,Off_Peak,Carrier_C,6,32994
SHP03953,Kolkata,Los Angeles,Sea,Food Products,2652,11.68,5973,LCL,88.86,Normal,Carrier_A,17,45547
SHP03954,Delhi,London,Sea,Food Products,4153,12.67,6565,LCL,81.79,Peak,Carrier_E,17,53673
SHP03955,Chennai,Busan,Road,Solar Panels,1115,10.36,5210,40FT_HC,84.47,Peak,Carrier_D,14,127720
SHP03956,Hyderabad,London,Road,Pharmaceuticals,10425,29.81,12192,40FT_HC,114.85,Normal,Carrier_D,28,429839
SHP03957,Hyderabad,New York,Sea,Furniture,18482,41.52,5630,40FT_HC,86.26,Peak,Carrier_C,16,211681
SHP03958,Ahmedabad,Jebel Ali,Road,Furniture,8197,21.85,3840,40FT_HC,79.34,Peak,Carrier_D,11,137178
SHP03959,Cochin,Jebel Ali,Air,Solar Panels,4276,21.67,5067,AIR_CARGO,83.69,Normal,Carrier_E,7,447401
SHP03960,Mumbai,Singapore,Sea,Automotive Parts,7841,14.93,4523,40FT_HC,114.83,Peak,Carrier_A,13,142704
SHP03961,Chennai,New York,Sea,Solar Panels,4642,15.52,13519,40FT,77.06,Off_Peak,Carrier_A,30,147428
SHP03962,Bengaluru,Singapore,Air,Machinery,1715,9.51,3706,AIR_CARGO,84.12,Off_Peak,Carrier_A,5,213684
SHP03963,Chennai,Jebel Ali,Air,Machinery,561,2.9,3449,AIR_CARGO,99.54,Peak,Carrier_A,5,237247
SHP03964,Mumbai,Los Angeles,Road,General Cargo,3027,11.63,14684,40FT_HC,101.94,Peak,Carrier_D,33,363095
SHP03965,Chennai,Hamburg,Road,Pharmaceuticals,1520,7.04,10766,40FT,77.82,Off_Peak,Carrier_A,25,177985
SHP03966,Cochin,New York,Road,Chemicals,13261,37.89,8363,20FT,100.61,Peak,Carrier_C,20,259776
SHP03967,Bengaluru,Shanghai,Air,Electronics,2072,9.05,10679,AIR_CARGO,108.93,Off_Peak,Carrier_E,12,635913
SHP03968,Chennai,Dubai,Sea,Chemicals,3601,7.59,3456,20FT,76.68,Normal,Carrier_E,10,42147
SHP03969,Cochin,Rotterdam,Sea,Chemicals,6525,15.16,6098,LCL,89.48,Peak,Carrier_C,15,80093
SHP03970,Chennai,Singapore,Air,Pharmaceuticals,298,1.64,3396,AIR_CARGO,101.62,Normal,Carrier_B,5,227167
SHP03971,Mumbai,Dubai,Road,Textiles,3221,8.96,1933,20FT,114.38,Normal,Carrier_B,8,43360
SHP03972,Bengaluru,Jebel Ali,Road,Textiles,6188,17.04,8532,40FT_HC,99.36,Peak,Carrier_C,21,234699
SHP03973,Mumbai,Los Angeles,Sea,Textiles,1326,8.59,15142,LCL,101.63,Peak,Carrier_B,32,114473
SHP03974,Pune,Hamburg,Air,Furniture,3740,18.21,10059,AIR_CARGO,76.54,Off_Peak,Carrier_E,12,452926
SHP03975,Kolkata,London,Air,Automotive Parts,1465,6.93,11376,AIR_CARGO,93.23,Off_Peak,Carrier_E,12,530385
SHP03976,Bengaluru,Colombo,Air,Textiles,1682,7.22,8692,AIR_CARGO,101.66,Peak,Carrier_C,10,598087
SHP03977,Mumbai,Rotterdam,Air,Automotive Parts,1110,5.58,10169,AIR_CARGO,106.81,Off_Peak,Carrier_A,11,564226
SHP03978,Bengaluru,Dubai,Road,Furniture,6388,17.17,3014,40FT_HC,110.41,Peak,Carrier_C,10,129068
SHP03979,Kolkata,Hamburg,Sea,Electronics,2745,9.65,9692,LCL,105.81,Peak,Carrier_C,22,95776
SHP03980,Cochin,Hamburg,Road,Furniture,12594,34.69,6029,20FT,88,Normal,Carrier_C,16,131115
SHP03981,Kolkata,Los Angeles,Sea,Automotive Parts,10187,24.56,8004,40FT_HC,95.75,Off_Peak,Carrier_D,20,145634
SHP03982,Cochin,Los Angeles,Sea,Furniture,6868,18.63,9982,LCL,105.19,Peak,Carrier_C,22,104273
SHP03983,Mumbai,Los Angeles,Road,Machinery,3486,13.01,14558,40FT_HC,101.92,Off_Peak,Carrier_C,33,261424
SHP03984,Chennai,Jebel Ali,Road,General Cargo,875,3.61,3455,LCL,104.09,Normal,Carrier_E,11,35934
SHP03985,Bengaluru,Shanghai,Air,Pharmaceuticals,1917,8.37,4104,AIR_CARGO,79.19,Off_Peak,Carrier_E,6,269541
SHP03986,Visakhapatnam,New York,Air,Solar Panels,5000,22.2,3673,AIR_CARGO,78.29,Normal,Carrier_C,6,423238
SHP03987,Ahmedabad,Busan,Sea,Furniture,17712,43.53,6884,40FT_HC,91.39,Normal,Carrier_E,18,185020
SHP03988,Bengaluru,Hamburg,Air,Chemicals,1998,9.77,6164,AIR_CARGO,89.41,Normal,Carrier_B,8,430357
SHP03989,Hyderabad,London,Road,Furniture,10135,28.78,8217,40FT,98.36,Normal,Carrier_C,20,204335
SHP03990,Bengaluru,Jebel Ali,Road,Solar Panels,5494,15.49,4773,LCL,82.2,Off_Peak,Carrier_A,13,58410
SHP03991,Hyderabad,London,Sea,Chemicals,19965,41.31,5764,40FT,87.89,Normal,Carrier_D,16,209862
SHP03992,Chennai,Antwerp,Road,Chemicals,2140,12.37,8520,LCL,101.05,Normal,Carrier_B,20,112841
SHP03993,Bengaluru,Shanghai,Sea,Electronics,3136,13.97,6602,LCL,90.92,Normal,Carrier_D,17,57101
SHP03994,Kolkata,London,Road,General Cargo,4169,14.07,11577,20FT,106.72,Off_Peak,Carrier_C,27,157426
SHP03995,Cochin,Los Angeles,Sea,Electronics,17446,38.39,10066,20FT,105.93,Normal,Carrier_E,23,179920
SHP03996,Cochin,Jebel Ali,Air,Solar Panels,4309,22.3,9061,AIR_CARGO,100.38,Normal,Carrier_E,10,681341
SHP03997,Pune,New York,Road,Pharmaceuticals,11710,34.39,12991,20FT,95.25,Peak,Carrier_E,30,314284
SHP03998,Bengaluru,Jebel Ali,Air,Machinery,1633,8.37,3796,AIR_CARGO,79.24,Peak,Carrier_B,5,273307
SHP03999,Cochin,Antwerp,Road,Pharmaceuticals,12190,37.28,5424,40FT,84.89,Off_Peak,Carrier_E,14,179667
SHP04000,Kolkata,Busan,Sea,Electronics,10744,30.79,11454,40FT_HC,113.16,Peak,Carrier_E,25,297057
SHP04001,Kolkata,London,Air,Machinery,1513,7.22,11141,AIR_CARGO,81.1,Off_Peak,Carrier_D,12,437845
SHP04002,Bengaluru,Hamburg,Air,Solar Panels,1754,8.63,9166,AIR_CARGO,103.18,Normal,Carrier_E,10,575165
SHP04003,Kolkata,Dubai,Road,General Cargo,4159,11.15,6597,LCL,91.27,Normal,Carrier_E,17,69935
SHP04004,Ahmedabad,Rotterdam,Sea,Textiles,12459,25.65,9585,20FT,83.02,Off_Peak,Carrier_A,22,106028
SHP04005,Cochin,Busan,Air,Furniture,4287,17.16,4708,AIR_CARGO,82.47,Peak,Carrier_D,7,451848
SHP04006,Kolkata,Colombo,Sea,Pharmaceuticals,9442,26.82,2032,40FT_HC,93.58,Off_Peak,Carrier_C,9,104449
SHP04007,Kolkata,New York,Air,Chemicals,1148,5.11,14201,AIR_CARGO,105.59,Peak,Carrier_E,14,1083734
SHP04008,Mumbai,New York,Air,Pharmaceuticals,647,2.88,12807,AIR_CARGO,103.37,Off_Peak,Carrier_C,14,731898
SHP04009,Cochin,London,Road,Automotive Parts,12387,34.96,7090,20FT,92.4,Peak,Carrier_A,18,200560
SHP04010,Visakhapatnam,Jebel Ali,Sea,Textiles,18430,35.91,5676,20FT,86.73,Normal,Carrier_A,15,125816
SHP04011,Ahmedabad,London,Road,General Cargo,8359,24.71,12339,40FT,114.18,Peak,Carrier_B,27,362956
SHP04012,Hyderabad,Shanghai,Road,Solar Panels,10409,31.78,5545,20FT,91.68,Normal,Carrier_E,14,127030
SHP04013,Delhi,New York,Air,Automotive Parts,2468,11.15,11494,AIR_CARGO,88.3,Peak,Carrier_C,12,789106
SHP04014,Bengaluru,Antwerp,Sea,Electronics,7856,24.98,7369,20FT,94.17,Normal,Carrier_C,19,110653
SHP04015,Hyderabad,London,Sea,Food Products,12940,29.16,11200,20FT,110.92,Off_Peak,Carrier_E,25,131814
SHP04016,Cochin,Los Angeles,Air,Food Products,4508,20.78,5803,AIR_CARGO,88.43,Normal,Carrier_B,7,461340
SHP04017,Delhi,Antwerp,Air,Machinery,2095,8.59,7306,AIR_CARGO,95.15,Normal,Carrier_C,9,426963
SHP04018,Visakhapatnam,Rotterdam,Sea,Machinery,19337,38.27,5754,20FT,87.8,Peak,Carrier_B,16,148543
SHP04019,Pune,Busan,Road,Automotive Parts,11613,36.76,5163,LCL,83.76,Peak,Carrier_E,14,110381
SHP04020,Delhi,Colombo,Road,Textiles,7120,24.21,10558,40FT,106.97,Peak,Carrier_E,24,286521
SHP04021,Pune,Antwerp,Sea,Pharmaceuticals,16101,39.63,4402,20FT,81.93,Normal,Carrier_C,12,135042
SHP04022,Bengaluru,Antwerp,Sea,Furniture,11879,32.56,5874,40FT,86.63,Normal,Carrier_C,15,134177
SHP04023,Mumbai,London,Road,Textiles,3275,11.98,9505,20FT,79.5,Normal,Carrier_A,23,117456
SHP04024,Bengaluru,Colombo,Road,Textiles,6363,22.55,9594,40FT_HC,103.64,Peak,Carrier_B,23,279457
SHP04025,Hyderabad,Antwerp,Air,Electronics,3101,13,9523,AIR_CARGO,104.98,Peak,Carrier_E,11,831683
SHP04026,Delhi,Hamburg,Sea,Food Products,14184,30.16,4190,40FT,81.03,Peak,Carrier_B,13,146893
SHP04027,Delhi,London,Sea,Solar Panels,9848,23.33,6426,20FT,78.31,Off_Peak,Carrier_D,16,85257
SHP04028,Visakhapatnam,Jebel Ali,Sea,Food Products,7750,16.46,6431,LCL,90.83,Off_Peak,Carrier_B,17,51834
SHP04029,Hyderabad,Los Angeles,Air,Chemicals,3147,14.37,15257,AIR_CARGO,109.01,Peak,Carrier_B,16,1385821
SHP04030,Delhi,Colombo,Sea,Food Products,13783,34.33,9181,40FT_HC,103.45,Peak,Carrier_B,22,237995
SHP04031,Visakhapatnam,Dubai,Sea,Automotive Parts,26212,49.33,5220,40FT_HC,85.75,Normal,Carrier_C,14,236415
SHP04032,Bengaluru,Dubai,Air,Textiles,1963,10.54,3243,AIR_CARGO,77.1,Off_Peak,Carrier_E,5,183759
SHP04033,Cochin,New York,Air,Automotive Parts,4285,18.95,5569,AIR_CARGO,85.98,Peak,Carrier_D,7,562008
SHP04034,Hyderabad,Los Angeles,Road,Solar Panels,10409,30.63,15996,LCL,114.76,Normal,Carrier_A,35,248920
SHP04035,Cochin,Los Angeles,Air,Furniture,4183,19.36,9337,AIR_CARGO,103.92,Normal,Carrier_C,11,654010
SHP04036,Pune,Los Angeles,Road,Machinery,11461,33.31,4562,LCL,81.77,Off_Peak,Carrier_E,12,68713
SHP04037,Hyderabad,Busan,Air,Food Products,3493,14.16,7497,AIR_CARGO,95.36,Off_Peak,Carrier_A,9,467239
SHP04038,Delhi,Shanghai,Sea,Electronics,15661,36.86,4546,40FT,91.17,Peak,Carrier_B,13,196157
SHP04039,Chennai,Busan,Air,Chemicals,178,0.72,6565,AIR_CARGO,89.97,Normal,Carrier_E,8,331493
SHP04040,Bengaluru,New York,Road,General Cargo,5733,19.13,13799,40FT,104.96,Off_Peak,Carrier_C,30,253698
SHP04041,Visakhapatnam,Antwerp,Road,Food Products,14292,42.43,5654,LCL,87.08,Peak,Carrier_E,14,119806
SHP04042,Delhi,Colombo,Road,Pharmaceuticals,6887,23.82,5789,LCL,87.96,Peak,Carrier_B,15,120118
SHP04043,Ahmedabad,Los Angeles,Sea,General Cargo,17623,38.35,10363,40FT,108.74,Off_Peak,Carrier_A,25,207522
SHP04044,Delhi,New York,Road,Furniture,6775,21.74,12201,40FT_HC,87.5,Peak,Carrier_D,27,302027
SHP04045,Ahmedabad,London,Air,Furniture,2637,12.36,6971,AIR_CARGO,92.14,Normal,Carrier_E,8,420412
SHP04046,Visakhapatnam,Busan,Air,Electronics,4593,18.43,8360,AIR_CARGO,99.3,Normal,Carrier_D,10,693943
SHP04047,Chennai,Busan,Road,Textiles,1583,11.33,8943,40FT,99.91,Off_Peak,Carrier_B,21,148551
SHP04048,Bengaluru,Hamburg,Road,Machinery,5628,16.96,8715,40FT_HC,101.14,Normal,Carrier_E,20,194371
SHP04049,Hyderabad,Antwerp,Road,General Cargo,10418,33.29,5553,40FT_HC,87.43,Peak,Carrier_A,14,216692
SHP04050,Mumbai,Hamburg,Sea,Furniture,7631,18.18,9771,40FT_HC,114.83,Normal,Carrier_D,22,173426
SHP04051,Chennai,Singapore,Sea,Textiles,6164,11.58,3452,40FT_HC,106.36,Off_Peak,Carrier_C,10,69868
SHP04052,Cochin,Singapore,Air,General Cargo,4309,23.82,3524,AIR_CARGO,77.84,Peak,Carrier_E,6,402451
SHP04053,Ahmedabad,Jebel Ali,Road,Food Products,7840,20.97,9083,LCL,100.85,Off_Peak,Carrier_C,21,102821
SHP04054,Hyderabad,Shanghai,Sea,Pharmaceuticals,19426,44.05,5402,40FT_HC,112.92,Normal,Carrier_C,14,258836
SHP04055,Chennai,Shanghai,Sea,Solar Panels,4408,16.02,5710,40FT_HC,81.25,Off_Peak,Carrier_C,15,86757
SHP04056,Mumbai,Singapore,Sea,Solar Panels,5386,9.92,4348,20FT,80,Peak,Carrier_E,14,64795
SHP04057,Delhi,Hamburg,Sea,Solar Panels,15659,32.61,3767,40FT_HC,78.82,Peak,Carrier_A,13,191733
SHP04058,Mumbai,Shanghai,Road,Machinery,3355,14.04,6229,20FT,82.28,Normal,Carrier_B,16,85555
SHP04059,Pune,London,Sea,Electronics,15791,33.76,9968,20FT,90.86,Normal,Carrier_B,23,165061
SHP04060,Cochin,Singapore,Air,Solar Panels,4510,24.65,4001,AIR_CARGO,79.15,Peak,Carrier_B,6,513731
SHP04061,Mumbai,Colombo,Road,Machinery,2871,13.58,1597,20FT,98.42,Off_Peak,Carrier_A,6,36525
SHP04062,Chennai,Jebel Ali,Sea,Automotive Parts,1195,4.2,3464,LCL,91.98,Peak,Carrier_E,10,28777
SHP04063,Cochin,Busan,Air,Furniture,4138,16.84,8358,AIR_CARGO,99.53,Off_Peak,Carrier_C,10,525268
SHP04064,Chennai,Jebel Ali,Air,Electronics,233,1.19,3309,AIR_CARGO,113.44,Peak,Carrier_A,5,265183
SHP04065,Chennai,Los Angeles,Air,Solar Panels,483,2.22,15831,AIR_CARGO,111.12,Peak,Carrier_B,16,1158702
SHP04066,Chennai,Shanghai,Sea,Pharmaceuticals,942,10.67,5619,LCL,105.27,Off_Peak,Carrier_A,15,49047
SHP04067,Cochin,Shanghai,Sea,Furniture,16643,39.25,7418,20FT,95.6,Off_Peak,Carrier_A,18,120459
SHP04068,Ahmedabad,Hamburg,Air,Machinery,2723,13.17,10875,AIR_CARGO,108.53,Off_Peak,Carrier_B,12,611587
SHP04069,Kolkata,Los Angeles,Sea,Automotive Parts,10710,26.37,5677,40FT,87.51,Peak,Carrier_A,16,164958
SHP04070,Chennai,Shanghai,Air,Solar Panels,234,1.01,5502,AIR_CARGO,91.4,Off_Peak,Carrier_E,7,233998
SHP04071,Cochin,Rotterdam,Sea,Automotive Parts,24901,48.98,3152,40FT,75.17,Normal,Carrier_A,11,193454
SHP04072,Chennai,Shanghai,Sea,Chemicals,6120,19.24,5660,40FT_HC,78.31,Off_Peak,Carrier_D,16,103881
SHP04073,Delhi,Busan,Road,Electronics,7199,25.43,3491,40FT_HC,76.79,Off_Peak,Carrier_A,10,112836
SHP04074,Delhi,Antwerp,Road,Textiles,6641,23.58,7573,LCL,95.93,Peak,Carrier_C,18,114576
SHP04075,Visakhapatnam,London,Air,Automotive Parts,4668,21.89,8957,AIR_CARGO,102.53,Normal,Carrier_B,10,713130
SHP04076,Visakhapatnam,London,Road,Pharmaceuticals,14127,38.8,7023,LCL,94.39,Peak,Carrier_B,17,178105
SHP04077,Chennai,Busan,Sea,Automotive Parts,5433,21.63,3496,40FT_HC,77.77,Normal,Carrier_E,11,81663
SHP04078,Bengaluru,Jebel Ali,Air,Food Products,1983,10.22,6600,AIR_CARGO,92.15,Peak,Carrier_B,8,458944
SHP04079,Kolkata,Dubai,Air,Textiles,1134,6,3626,AIR_CARGO,78.19,Peak,Carrier_B,5,228661
SHP04080,Hyderabad,Hamburg,Road,Electronics,9728,27.03,11625,40FT,111.12,Off_Peak,Carrier_D,27,287642
SHP04081,Kolkata,Antwerp,Air,Textiles,1511,6.29,3347,AIR_CARGO,76.53,Peak,Carrier_B,6,228374
SHP04082,Mumbai,New York,Road,Electronics,3178,12.87,13740,LCL,93.04,Off_Peak,Carrier_D,31,138427
SHP04083,Visakhapatnam,London,Sea,Food Products,7652,19.25,8646,LCL,101.67,Normal,Carrier_E,21,73782
SHP04084,Ahmedabad,Busan,Road,Chemicals,8505,28.89,4574,40FT_HC,82.17,Off_Peak,Carrier_A,13,154551
SHP04085,Ahmedabad,Shanghai,Road,Textiles,8582,27.31,8924,40FT_HC,101.69,Normal,Carrier_B,21,231549
SHP04086,Bengaluru,Singapore,Sea,Textiles,12801,23.55,3578,40FT,84.15,Off_Peak,Carrier_B,12,91917
SHP04087,Visakhapatnam,Jebel Ali,Road,Electronics,14423,38.03,4198,40FT_HC,80.38,Peak,Carrier_A,12,242627
SHP04088,Bengaluru,Antwerp,Road,General Cargo,5817,21.55,6769,40FT_HC,91.44,Off_Peak,Carrier_A,17,150284
SHP04089,Kolkata,New York,Sea,Machinery,10131,25.94,14954,40FT_HC,77.65,Off_Peak,Carrier_A,32,186103
SHP04090,Ahmedabad,New York,Sea,Chemicals,17649,39.18,4893,40FT_HC,84.43,Peak,Carrier_B,13,245537
SHP04091,Bengaluru,Hamburg,Road,Food Products,5117,15.6,4906,20FT,84.19,Normal,Carrier_D,13,79820
SHP04092,Kolkata,Jebel Ali,Road,Chemicals,4546,12.79,8974,40FT,99.69,Off_Peak,Carrier_B,21,195826
SHP04093,Pune,Shanghai,Sea,Solar Panels,6410,19.86,7505,LCL,95.24,Peak,Carrier_C,18,90421
SHP04094,Mumbai,Hamburg,Road,Automotive Parts,2606,9.74,10357,LCL,106.04,Peak,Carrier_E,25,142415
SHP04095,Kolkata,Busan,Air,General Cargo,1171,4.75,7443,AIR_CARGO,95.05,Normal,Carrier_A,9,410666
SHP04096,Cochin,Jebel Ali,Sea,Textiles,6550,14.42,6004,LCL,87.83,Off_Peak,Carrier_E,15,44379
SHP04097,Delhi,Dubai,Road,Furniture,7544,19.84,2274,40FT_HC,98.3,Peak,Carrier_A,8,121246
SHP04098,Bengaluru,Singapore,Sea,Electronics,11551,21.27,3513,40FT,86.5,Normal,Carrier_A,12,120246
SHP04099,Cochin,Los Angeles,Road,Chemicals,12566,36.06,7608,40FT,97.07,Peak,Carrier_C,19,316755
SHP04100,Pune,Antwerp,Road,Solar Panels,11731,36,2944,40FT_HC,75.27,Off_Peak,Carrier_D,10,131852
SHP04101,Cochin,Dubai,Air,Automotive Parts,4441,23.76,10862,AIR_CARGO,111.57,Normal,Carrier_C,12,874012
SHP04102,Hyderabad,Jebel Ali,Sea,Furniture,20772,39.86,2661,40FT,79,Normal,Carrier_E,11,141457
SHP04103,Hyderabad,Jebel Ali,Road,Machinery,9410,24.94,2677,40FT_HC,80.11,Normal,Carrier_D,8,109538
SHP04104,Delhi,Shanghai,Road,Food Products,7142,23.74,4928,LCL,98.49,Off_Peak,Carrier_C,13,67349
SHP04105,Hyderabad,New York,Road,General Cargo,10010,29.89,6972,40FT,91.63,Peak,Carrier_C,17,213023
SHP04106,Visakhapatnam,Hamburg,Sea,Textiles,7429,18.51,12088,LCL,114.74,Off_Peak,Carrier_C,27,92560
SHP04107,Ahmedabad,Antwerp,Road,Solar Panels,8213,27.54,10236,40FT_HC,105.9,Normal,Carrier_D,24,288631
SHP04108,Visakhapatnam,Busan,Road,General Cargo,13985,42.56,5880,LCL,88.49,Off_Peak,Carrier_C,16,92280
SHP04109,Visakhapatnam,Antwerp,Air,Automotive Parts,4863,20.34,10012,AIR_CARGO,104.99,Peak,Carrier_A,11,985809
SHP04110,Delhi,Busan,Sea,General Cargo,3826,18.73,11631,LCL,111.51,Off_Peak,Carrier_A,27,83928
SHP04111,Bengaluru,Hamburg,Air,Machinery,2058,9.93,8981,AIR_CARGO,100.84,Peak,Carrier_C,10,635692
SHP04112,Ahmedabad,Jebel Ali,Air,Automotive Parts,2743,14.13,9735,AIR_CARGO,102.88,Normal,Carrier_E,10,640847
SHP04113,Chennai,Rotterdam,Sea,Automotive Parts,4419,11.08,10885,40FT_HC,109.26,Peak,Carrier_E,26,198211
SHP04114,Ahmedabad,Jebel Ali,Sea,Pharmaceuticals,16797,33.28,11860,40FT,113.24,Peak,Carrier_D,26,363657
SHP04115,Hyderabad,Antwerp,Sea,Chemicals,18528,44.41,7690,40FT_HC,96.49,Peak,Carrier_A,19,320802
SHP04116,Visakhapatnam,Hamburg,Road,Textiles,14637,39.65,4059,40FT_HC,79.54,Off_Peak,Carrier_C,12,147329
SHP04117,Mumbai,Colombo,Air,Furniture,1051,4.52,1678,AIR_CARGO,90.72,Normal,Carrier_D,4,121666
SHP04118,Visakhapatnam,Rotterdam,Road,Furniture,14791,39.52,4103,40FT_HC,79.51,Off_Peak,Carrier_B,12,144758
SHP04119,Hyderabad,Colombo,Air,Automotive Parts,3266,13.84,6767,AIR_CARGO,90.62,Peak,Carrier_D,8,564308
SHP04120,Ahmedabad,Antwerp,Air,Food Products,2608,10.88,6463,AIR_CARGO,89.14,Peak,Carrier_C,8,474044
SHP04121,Chennai,Jebel Ali,Sea,Solar Panels,2510,7.01,3331,20FT,95.31,Peak,Carrier_C,11,49299
SHP04122,Mumbai,Shanghai,Road,Machinery,2888,12.66,6492,40FT_HC,108.33,Peak,Carrier_E,17,178178
SHP04123,Visakhapatnam,Busan,Road,Solar Panels,14029,42.6,5234,40FT_HC,84.13,Normal,Carrier_E,14,203394
SHP04124,Mumbai,New York,Road,Machinery,2800,12.31,12773,40FT_HC,90.34,Off_Peak,Carrier_A,28,213736
SHP04125,Delhi,Antwerp,Sea,Pharmaceuticals,15081,37.48,5756,40FT_HC,87.99,Peak,Carrier_D,15,250697
SHP04126,Cochin,London,Air,Electronics,4287,19.96,12497,AIR_CARGO,114.59,Normal,Carrier_A,13,1037550
SHP04127,Delhi,Dubai,Road,Solar Panels,7107,18.9,2187,40FT_HC,92.83,Normal,Carrier_B,8,100680
SHP04128,Delhi,Singapore,Sea,Furniture,9675,17.74,4341,20FT,81.33,Peak,Carrier_E,12,78863
SHP04129,Mumbai,Dubai,Air,Food Products,923,4.96,1964,AIR_CARGO,77.22,Normal,Carrier_C,4,118475
SHP04130,Visakhapatnam,Dubai,Road,Pharmaceuticals,14155,36.26,5372,40FT_HC,86.62,Normal,Carrier_A,14,246516
SHP04131,Mumbai,New York,Sea,Textiles,4741,15.83,13476,20FT,84.52,Peak,Carrier_B,30,134082
SHP04132,Mumbai,New York,Air,Textiles,679,3,13029,AIR_CARGO,79.46,Normal,Carrier_C,14,525516
SHP04133,Delhi,Busan,Sea,Machinery,15658,40.16,8958,40FT,103.14,Peak,Carrier_D,22,240296
SHP04134,Mumbai,Singapore,Road,Furniture,3328,8.59,4464,20FT,94.8,Peak,Carrier_E,12,78864
SHP04135,Visakhapatnam,Shanghai,Air,Textiles,4729,20.36,10722,AIR_CARGO,111.52,Normal,Carrier_A,12,833600
SHP04136,Mumbai,Shanghai,Air,General Cargo,867,3.79,6661,AIR_CARGO,98.3,Peak,Carrier_A,9,443340
SHP04137,Bengaluru,Antwerp,Sea,Chemicals,12910,33.93,7853,40FT_HC,96.21,Peak,Carrier_D,20,263056
SHP04138,Chennai,New York,Sea,Furniture,6218,19.26,13681,40FT_HC,113.46,Peak,Carrier_B,29,265746
SHP04139,Bengaluru,Rotterdam,Air,Chemicals,1818,9.15,11525,AIR_CARGO,90.05,Peak,Carrier_A,13,885194
SHP04140,Mumbai,Dubai,Air,Furniture,966,5.19,1935,AIR_CARGO,109.71,Normal,Carrier_D,5,146252
SHP04141,Bengaluru,Antwerp,Air,Textiles,1988,8.32,9445,AIR_CARGO,103.26,Peak,Carrier_E,10,626288
SHP04142,Delhi,Jebel Ali,Sea,Automotive Parts,13870,27.52,11061,40FT_HC,110.08,Peak,Carrier_C,25,291340
SHP04143,Mumbai,Dubai,Sea,General Cargo,6738,14.13,1870,40FT_HC,75.11,Normal,Carrier_B,9,61223
SHP04144,Mumbai,Busan,Road,Electronics,3567,16.78,5642,40FT_HC,86.96,Off_Peak,Carrier_C,15,123601
SHP04145,Kolkata,Hamburg,Sea,Textiles,2204,8.27,8683,LCL,99.08,Peak,Carrier_D,20,71709
SHP04146,Kolkata,Shanghai,Sea,Chemicals,10006,27.14,4618,40FT_HC,92.44,Off_Peak,Carrier_B,14,131353
SHP04147,Mumbai,New York,Sea,Automotive Parts,7241,20.55,13294,40FT,95.26,Off_Peak,Carrier_E,30,166281
SHP04148,Bengaluru,Jebel Ali,Road,Solar Panels,6053,16.63,11206,LCL,110.16,Normal,Carrier_B,26,157616
SHP04149,Hyderabad,Los Angeles,Road,Textiles,10526,30.39,15489,20FT,102.55,Peak,Carrier_B,34,306720
SHP04150,Mumbai,Rotterdam,Air,Solar Panels,689,3.42,9629,AIR_CARGO,75.59,Off_Peak,Carrier_B,11,364381
SHP04151,Mumbai,Los Angeles,Air,Solar Panels,659,3.04,15263,AIR_CARGO,84.93,Normal,Carrier_D,15,706534
SHP04152,Ahmedabad,Los Angeles,Sea,General Cargo,11328,26.84,10369,20FT,107.62,Off_Peak,Carrier_E,24,118571
SHP04153,Cochin,Busan,Sea,Electronics,17393,42.94,11344,20FT,114.63,Peak,Carrier_D,26,254282
SHP04154,Pune,Singapore,Sea,Furniture,6311,12.04,4249,LCL,100.59,Off_Peak,Carrier_A,13,41599
SHP04155,Hyderabad,Dubai,Road,Chemicals,9741,25.41,2887,20FT,93.15,Peak,Carrier_A,9,125271
SHP04156,Hyderabad,Los Angeles,Sea,Electronics,20328,43.5,15291,40FT,82.72,Peak,Carrier_D,33,353563
SHP04157,Pune,Shanghai,Sea,Electronics,6264,20.34,4493,LCL,81.09,Off_Peak,Carrier_E,14,45586
SHP04158,Chennai,Rotterdam,Road,Pharmaceuticals,820,4.44,10600,40FT,109.63,Off_Peak,Carrier_C,24,228352
SHP04159,Kolkata,Jebel Ali,Sea,Chemicals,11040,22.28,11022,40FT_HC,111.08,Off_Peak,Carrier_B,26,224875
SHP04160,Cochin,Antwerp,Sea,General Cargo,16718,40.43,7220,20FT,92.59,Normal,Carrier_C,19,130633
SHP04161,Visakhapatnam,Rotterdam,Sea,Solar Panels,7272,17.07,6942,LCL,93.84,Normal,Carrier_E,19,67801
SHP04162,Chennai,Los Angeles,Air,Food Products,322,1.5,16532,AIR_CARGO,99.15,Peak,Carrier_C,17,934167
SHP04163,Ahmedabad,Rotterdam,Road,Furniture,8177,22.98,9480,40FT,94.13,Peak,Carrier_C,23,251326
SHP04164,Mumbai,New York,Road,Textiles,2581,11.35,13422,LCL,112.62,Off_Peak,Carrier_A,30,143466
SHP04165,Kolkata,Busan,Sea,Food Products,9716,28.96,5813,40FT,88.77,Peak,Carrier_E,16,142058
SHP04166,Delhi,New York,Sea,Machinery,10904,27.36,11182,20FT,78.5,Normal,Carrier_A,25,125793
SHP04167,Chennai,Rotterdam,Air,Electronics,152,0.75,10726,AIR_CARGO,78.89,Peak,Carrier_E,11,531865
SHP04168,Visakhapatnam,Singapore,Road,Textiles,14508,36.83,10049,40FT_HC,105.31,Peak,Carrier_B,23,356150
SHP04169,Delhi,Colombo,Sea,Pharmaceuticals,15755,38.04,10199,40FT_HC,109.29,Normal,Carrier_B,23,297111
SHP04170,Delhi,New York,Air,Solar Panels,2480,11.09,12105,AIR_CARGO,87.24,Normal,Carrier_C,13,690319
SHP04171,Pune,Jebel Ali,Road,Pharmaceuticals,10947,28.93,9876,20FT,105.58,Normal,Carrier_E,23,229613
SHP04172,Kolkata,New York,Sea,Chemicals,11017,27.66,15484,40FT,101.89,Peak,Carrier_E,33,330331
SHP04173,Mumbai,Shanghai,Sea,Machinery,7351,21.56,6504,40FT_HC,109.86,Off_Peak,Carrier_C,18,119381
SHP04174,Hyderabad,Colombo,Air,Solar Panels,3488,14.8,11023,AIR_CARGO,110.59,Peak,Carrier_B,12,1008708
SHP04175,Ahmedabad,Busan,Sea,Electronics,4652,19.58,3376,LCL,76.31,Peak,Carrier_B,11,51308
SHP04176,Hyderabad,Busan,Sea,Electronics,14007,37.36,11455,20FT,114.44,Off_Peak,Carrier_D,25,174506
SHP04177,Pune,Los Angeles,Road,Chemicals,11630,33.45,3229,LCL,75.88,Normal,Carrier_D,10,83088
SHP04178,Cochin,Busan,Sea,Pharmaceuticals,7095,24.6,3749,LCL,77.64,Peak,Carrier_B,11,72814
SHP04179,Ahmedabad,Los Angeles,Road,Chemicals,8111,24.69,11434,20FT,114.33,Normal,Carrier_A,26,257951
SHP04180,Hyderabad,Busan,Air,Chemicals,3352,13.67,8429,AIR_CARGO,101.08,Normal,Carrier_E,10,646949
SHP04181,Cochin,Busan,Air,Automotive Parts,4277,17.41,10628,AIR_CARGO,110.73,Normal,Carrier_D,11,815611
SHP04182,Bengaluru,Colombo,Road,Furniture,5648,20.69,11013,40FT_HC,112.1,Normal,Carrier_B,25,272890
SHP04183,Pune,Jebel Ali,Sea,Machinery,15354,30.34,11835,20FT,114.76,Normal,Carrier_B,26,171197
SHP04184,Cochin,Busan,Air,Automotive Parts,4188,16.91,6081,AIR_CARGO,89.25,Normal,Carrier_E,8,474170
SHP04185,Visakhapatnam,Los Angeles,Sea,Pharmaceuticals,27930,56.93,5290,40FT_HC,85.69,Peak,Carrier_D,14,353007
SHP04186,Cochin,Shanghai,Air,Machinery,4321,19,3883,AIR_CARGO,79.24,Off_Peak,Carrier_A,6,315507
SHP04187,Bengaluru,Colombo,Road,Electronics,5027,19.01,12128,40FT_HC,114.84,Peak,Carrier_E,27,394134
SHP04188,Visakhapatnam,Dubai,Sea,Pharmaceuticals,25607,48.14,9667,40FT_HC,104.59,Peak,Carrier_E,23,399053
SHP04189,Hyderabad,Jebel Ali,Air,Furniture,3523,18.15,2621,AIR_CARGO,93.28,Off_Peak,Carrier_A,4,263317
SHP04190,Visakhapatnam,Antwerp,Road,Automotive Parts,14793,43.79,8340,LCL,99.64,Normal,Carrier_E,20,139724
SHP04191,Mumbai,Dubai,Sea,Machinery,1306,3.75,1897,LCL,109.33,Off_Peak,Carrier_D,8,14817
SHP04192,Pune,New York,Air,Furniture,3563,15.93,13309,AIR_CARGO,85.69,Peak,Carrier_D,14,859776
SHP04193,Delhi,Colombo,Air,Food Products,2479,10.53,10806,AIR_CARGO,111.58,Peak,Carrier_E,12,790861
SHP04194,Cochin,Rotterdam,Sea,General Cargo,23352,45.95,9211,40FT_HC,100.85,Off_Peak,Carrier_E,21,218171
SHP04195,Bengaluru,Colombo,Sea,Pharmaceuticals,11569,30.2,12163,40FT_HC,114.28,Normal,Carrier_A,28,317374
SHP04196,Hyderabad,New York,Air,Solar Panels,3527,15.94,7145,AIR_CARGO,92.01,Peak,Carrier_B,9,638333
SHP04197,Bengaluru,Shanghai,Road,Furniture,5655,19.88,8005,40FT,95.69,Normal,Carrier_B,19,172646
SHP04198,Bengaluru,London,Air,Chemicals,1861,8.87,10080,AIR_CARGO,96.91,Normal,Carrier_C,11,676296
SHP04199,Cochin,Colombo,Sea,Food Products,23968,53.04,9684,40FT_HC,106.86,Off_Peak,Carrier_A,23,254290
SHP04200,Visakhapatnam,London,Road,General Cargo,14115,38.62,10879,20FT,110.64,Normal,Carrier_B,25,218425
SHP04201,Chennai,Dubai,Air,Machinery,451,2.35,3379,AIR_CARGO,87.22,Normal,Carrier_D,5,158910
SHP04202,Delhi,Shanghai,Sea,General Cargo,14256,34.38,4784,40FT_HC,86.55,Normal,Carrier_A,14,149190
SHP04203,Bengaluru,Hamburg,Sea,Solar Panels,3278,10.21,11668,LCL,113.03,Normal,Carrier_C,27,98941
SHP04204,Chennai,Los Angeles,Sea,Furniture,6344,18.27,15591,40FT,87.83,Peak,Carrier_B,33,218292
SHP04205,Ahmedabad,Shanghai,Sea,Furniture,18397,41.48,4248,40FT_HC,81.47,Off_Peak,Carrier_A,13,152521
SHP04206,Cochin,Antwerp,Sea,Pharmaceuticals,24252,54.46,5630,40FT_HC,86.71,Off_Peak,Carrier_C,15,245061
SHP04207,Chennai,Jebel Ali,Air,General Cargo,478,2.45,3414,AIR_CARGO,114.19,Off_Peak,Carrier_D,5,181977
SHP04208,Kolkata,Los Angeles,Sea,Solar Panels,2511,11.5,9895,LCL,107.25,Off_Peak,Carrier_B,23,71950
SHP04209,Cochin,Rotterdam,Sea,Solar Panels,23663,46.55,5147,40FT,84.01,Peak,Carrier_C,14,246920
SHP04210,Visakhapatnam,Colombo,Air,Pharmaceuticals,4732,20.25,6084,AIR_CARGO,88.98,Normal,Carrier_E,8,587443
SHP04211,Hyderabad,Singapore,Sea,Automotive Parts,18761,34.95,3937,40FT_HC,104.81,Peak,Carrier_C,13,209580
SHP04212,Bengaluru,Los Angeles,Air,Machinery,1892,8.78,15650,AIR_CARGO,96.41,Normal,Carrier_A,16,819623
SHP04213,Delhi,Shanghai,Air,Electronics,2230,9.68,4851,AIR_CARGO,92.23,Peak,Carrier_C,7,433102
SHP04214,Bengaluru,Colombo,Air,Textiles,2060,8.73,3344,AIR_CARGO,76.79,Off_Peak,Carrier_E,5,182421
SHP04215,Hyderabad,Antwerp,Road,Textiles,10522,33.56,4043,20FT,79.81,Normal,Carrier_B,11,98247
SHP04216,Chennai,Colombo,Air,Pharmaceuticals,420,1.77,947,AIR_CARGO,77.41,Off_Peak,Carrier_B,3,62242
SHP04217,Pune,London,Air,Machinery,3896,18.37,9972,AIR_CARGO,100.03,Peak,Carrier_E,11,762809
SHP04218,Pune,Antwerp,Air,Machinery,3961,16.52,3235,AIR_CARGO,76.02,Off_Peak,Carrier_C,6,268054
SHP04219,Delhi,London,Air,Automotive Parts,2101,9.77,6904,AIR_CARGO,110.66,Peak,Carrier_B,8,593566
SHP04220,Pune,Busan,Road,Automotive Parts,10706,34.46,11398,40FT,112.46,Normal,Carrier_C,26,317061
SHP04221,Pune,Busan,Air,Furniture,3631,14.71,9625,AIR_CARGO,106.59,Normal,Carrier_B,11,654998
SHP04222,Chennai,New York,Road,Chemicals,939,7.34,13788,20FT,76,Normal,Carrier_B,31,171112
SHP04223,Cochin,New York,Road,Pharmaceuticals,12809,37.3,5384,LCL,86.32,Normal,Carrier_A,14,125820
SHP04224,Cochin,Busan,Road,Machinery,12512,38.84,8268,40FT_HC,97.03,Peak,Carrier_A,20,298922
SHP04225,Mumbai,Singapore,Sea,Electronics,8324,15.82,4489,40FT,104.73,Off_Peak,Carrier_B,12,97401
SHP04226,Delhi,Antwerp,Road,Food Products,7017,24.27,6546,40FT_HC,92.22,Normal,Carrier_E,16,160703
SHP04227,Pune,Dubai,Air,Machinery,3797,20.34,2140,AIR_CARGO,82.68,Normal,Carrier_B,4,271481
SHP04228,Delhi,Antwerp,Air,General Cargo,2222,9.21,6631,AIR_CARGO,92.5,Off_Peak,Carrier_C,8,340104
SHP04229,Chennai,Singapore,Sea,Electronics,5997,11.28,3413,40FT_HC,84.34,Normal,Carrier_C,10,79595
SHP04230,Delhi,Singapore,Road,Automotive Parts,6643,16.95,4265,40FT_HC,101.7,Off_Peak,Carrier_A,11,122524
SHP04231,Chennai,Rotterdam,Road,Furniture,1597,6.39,10741,20FT,97.8,Off_Peak,Carrier_B,25,124055
SHP04232,Kolkata,Jebel Ali,Air,General Cargo,1473,7.56,9980,AIR_CARGO,104.53,Peak,Carrier_C,11,669278
SHP04233,Cochin,Antwerp,Air,Furniture,4439,18.45,6106,AIR_CARGO,88.27,Off_Peak,Carrier_A,7,420100
SHP04234,Visakhapatnam,Los Angeles,Road,Chemicals,13934,38.94,9393,20FT,103.89,Peak,Carrier_D,22,282308
SHP04235,Ahmedabad,Busan,Road,Solar Panels,9092,30.39,3501,40FT_HC,77.78,Peak,Carrier_A,10,173536
SHP04236,Kolkata,Colombo,Air,Solar Panels,1442,6.2,2147,AIR_CARGO,76.6,Off_Peak,Carrier_D,4,145541
SHP04237,Bengaluru,New York,Sea,Machinery,3163,13.6,14780,LCL,82.52,Normal,Carrier_D,33,85483
SHP04238,Ahmedabad,Singapore,Sea,General Cargo,18081,33.39,7101,40FT_HC,92.83,Peak,Carrier_E,18,218416
SHP04239,Cochin,Colombo,Air,Textiles,4038,17.07,11252,AIR_CARGO,109.31,Peak,Carrier_A,12,976063
SHP04240,Hyderabad,New York,Road,Textiles,10044,30.17,10255,40FT_HC,107.87,Off_Peak,Carrier_A,24,253378
SHP04241,Hyderabad,Jebel Ali,Road,Furniture,9518,25.38,2656,40FT_HC,75.07,Off_Peak,Carrier_D,9,94109
SHP04242,Delhi,London,Air,General Cargo,2194,10.48,6888,AIR_CARGO,107.72,Peak,Carrier_B,8,539359
SHP04243,Cochin,Jebel Ali,Air,General Cargo,4338,22.56,10005,AIR_CARGO,104.72,Peak,Carrier_C,11,869672
SHP04244,Kolkata,Busan,Air,Automotive Parts,1436,5.81,7543,AIR_CARGO,94.11,Off_Peak,Carrier_A,9,403001
SHP04245,Kolkata,Shanghai,Road,General Cargo,4410,16.64,4597,40FT_HC,101.79,Off_Peak,Carrier_E,13,102103
SHP04246,Visakhapatnam,Dubai,Air,Furniture,4548,23.82,12098,AIR_CARGO,114.59,Peak,Carrier_A,12,1086038
SHP04247,Chennai,Shanghai,Road,General Cargo,2051,10.47,5784,40FT,86.54,Normal,Carrier_A,14,109856
SHP04248,Mumbai,Rotterdam,Road,Electronics,2403,8.67,9647,20FT,102.4,Normal,Carrier_B,23,159196
SHP04249,Cochin,Jebel Ali,Air,Chemicals,4231,22.03,3142,AIR_CARGO,76.35,Peak,Carrier_C,5,485406
SHP04250,Ahmedabad,Busan,Air,General Cargo,2944,12.03,7329,AIR_CARGO,93.59,Normal,Carrier_A,9,474603
SHP04251,Pune,Colombo,Air,Food Products,3657,15.66,3394,AIR_CARGO,76.71,Peak,Carrier_D,5,352861
SHP04252,Bengaluru,Hamburg,Road,Pharmaceuticals,6374,19.11,3884,40FT_HC,79.29,Peak,Carrier_C,11,159063
SHP04253,Chennai,Rotterdam,Air,Food Products,448,2.21,11059,AIR_CARGO,96.6,Normal,Carrier_C,12,530070
SHP04254,Delhi,New York,Road,Pharmaceuticals,7133,22.54,12315,40FT_HC,90.71,Peak,Carrier_E,28,380079
SHP04255,Kolkata,Antwerp,Air,Pharmaceuticals,1452,6,2953,AIR_CARGO,75.42,Peak,Carrier_D,5,268572
SHP04256,Hyderabad,Singapore,Road,Textiles,10350,26.15,3642,40FT_HC,107.99,Normal,Carrier_A,11,152529
SHP04257,Kolkata,Colombo,Road,Chemicals,4431,17.72,1994,40FT,89.69,Peak,Carrier_C,7,99668
SHP04258,Mumbai,Dubai,Air,Machinery,704,3.71,1870,AIR_CARGO,108.83,Peak,Carrier_E,4,152035
SHP04259,Bengaluru,Los Angeles,Sea,Automotive Parts,8338,21.5,16421,20FT,75.48,Off_Peak,Carrier_C,35,126290
SHP04260,Chennai,Jebel Ali,Sea,Solar Panels,2442,6.98,3628,20FT,111.64,Normal,Carrier_D,11,49069
SHP04261,Bengaluru,Los Angeles,Road,Textiles,6317,20.14,16267,40FT_HC,79.07,Peak,Carrier_E,36,329391
SHP04262,Visakhapatnam,Los Angeles,Road,Machinery,13620,38.29,7679,LCL,96.28,Off_Peak,Carrier_D,19,109475
SHP04263,Hyderabad,Shanghai,Air,Chemicals,3479,15.16,5234,AIR_CARGO,94.99,Normal,Carrier_A,7,508517
SHP04264,Chennai,Shanghai,Air,Automotive Parts,273,1.19,5422,AIR_CARGO,82.02,Peak,Carrier_B,7,293179
SHP04265,Delhi,Singapore,Sea,Food Products,15591,28.51,4320,40FT_HC,111.92,Off_Peak,Carrier_C,12,131380
SHP04266,Pune,New York,Air,General Cargo,3978,17.86,12898,AIR_CARGO,83.05,Peak,Carrier_A,13,865289
SHP04267,Visakhapatnam,Busan,Road,Textiles,14337,43.61,9523,40FT_HC,105.59,Peak,Carrier_C,22,350289
SHP04268,Delhi,Hamburg,Air,Textiles,2203,10.61,9313,AIR_CARGO,102.16,Normal,Carrier_D,11,561591
SHP04269,Delhi,Dubai,Air,Chemicals,2481,13.33,2288,AIR_CARGO,79.15,Peak,Carrier_B,4,304694
SHP04270,Ahmedabad,Singapore,Air,Solar Panels,2712,14.67,4244,AIR_CARGO,79.7,Normal,Carrier_B,6,327559
SHP04271,Cochin,Busan,Road,Furniture,12057,37.53,8352,LCL,98.17,Peak,Carrier_B,20,149877
SHP04272,Bengaluru,Los Angeles,Road,Food Products,6391,20.18,16296,40FT,103.69,Normal,Carrier_C,36,333764
SHP04273,Ahmedabad,Dubai,Air,Automotive Parts,2892,15.37,1854,AIR_CARGO,84.33,Peak,Carrier_D,4,289237
SHP04274,Visakhapatnam,Rotterdam,Sea,Food Products,25678,50.36,4978,40FT_HC,84.8,Peak,Carrier_B,14,253183
SHP04275,Bengaluru,Busan,Road,Furniture,5016,19.89,3806,40FT_HC,79.29,Normal,Carrier_D,11,98354
SHP04276,Hyderabad,Jebel Ali,Road,Machinery,9293,25.19,2749,20FT,105.47,Peak,Carrier_A,9,105546
SHP04277,Mumbai,Antwerp,Air,Solar Panels,828,3.44,7091,AIR_CARGO,91.76,Off_Peak,Carrier_D,8,337829
SHP04278,Ahmedabad,Singapore,Road,Textiles,8003,20.24,5123,LCL,85.25,Normal,Carrier_C,14,70351
SHP04279,Kolkata,Hamburg,Road,Food Products,4794,14.71,7416,40FT_HC,94.24,Off_Peak,Carrier_C,18,142637
SHP04280,Hyderabad,Los Angeles,Air,Electronics,3189,14.77,15514,AIR_CARGO,104.19,Normal,Carrier_E,16,1023007
SHP04281,Delhi,Rotterdam,Road,Solar Panels,6859,19.33,7225,40FT_HC,81.22,Peak,Carrier_C,18,207738
SHP04282,Visakhapatnam,London,Air,Pharmaceuticals,4968,23.48,8199,AIR_CARGO,96.65,Normal,Carrier_D,10,792744
SHP04283,Ahmedabad,Hamburg,Air,Automotive Parts,2638,12.89,7686,AIR_CARGO,94.68,Normal,Carrier_B,10,505666
SHP04284,Cochin,Busan,Air,Automotive Parts,4113,16.48,11431,AIR_CARGO,110.22,Off_Peak,Carrier_C,12,734445
SHP04285,Mumbai,New York,Sea,Furniture,4491,15.2,13409,20FT,82.17,Off_Peak,Carrier_A,30,98755
SHP04286,Bengaluru,Busan,Air,Machinery,1710,6.95,5023,AIR_CARGO,83.91,Off_Peak,Carrier_A,7,250449
SHP04287,Chennai,Antwerp,Sea,Chemicals,778,11.79,7536,LCL,93.99,Off_Peak,Carrier_E,18,51762
SHP04288,Cochin,Colombo,Air,General Cargo,4323,18.21,8194,AIR_CARGO,99.46,Peak,Carrier_C,10,705873
SHP04289,Bengaluru,Singapore,Air,Furniture,1733,9.57,3560,AIR_CARGO,83.98,Peak,Carrier_B,5,276506
SHP04290,Pune,Antwerp,Sea,Machinery,21605,49.73,9488,40FT_HC,104.06,Peak,Carrier_B,22,302859
SHP04291,Mumbai,Dubai,Air,Solar Panels,1090,5.79,1909,AIR_CARGO,90.6,Peak,Carrier_A,4,187828
SHP04292,Cochin,Shanghai,Air,General Cargo,4270,18.65,3192,AIR_CARGO,75.64,Normal,Carrier_E,6,300844
SHP04293,Mumbai,London,Road,Textiles,2896,10.65,9457,40FT_HC,76.88,Normal,Carrier_B,23,153275
SHP04294,Pune,Singapore,Sea,General Cargo,21379,39.74,4582,40FT_HC,105.29,Off_Peak,Carrier_B,13,166965
SHP04295,Ahmedabad,New York,Sea,Machinery,12392,29.77,3787,20FT,78.11,Off_Peak,Carrier_D,12,73742
SHP04296,Visakhapatnam,Dubai,Sea,Food Products,19358,36.49,10257,20FT,107.75,Peak,Carrier_E,23,195274
SHP04297,Cochin,Hamburg,Air,Food Products,4086,19.62,9497,AIR_CARGO,103.24,Peak,Carrier_A,11,828610
SHP04298,Chennai,London,Sea,Food Products,5800,16.39,10988,40FT_HC,80.23,Normal,Carrier_E,24,136860
SHP04299,Chennai,Shanghai,Road,Automotive Parts,1807,10.52,5607,40FT_HC,100.7,Off_Peak,Carrier_B,15,117201
SHP04300,Ahmedabad,Jebel Ali,Air,General Cargo,2919,14.94,6685,AIR_CARGO,90.96,Normal,Carrier_B,8,433195
SHP04301,Visakhapatnam,Busan,Sea,General Cargo,27861,62.47,11409,40FT,112.38,Peak,Carrier_B,25,367519
SHP04302,Ahmedabad,Los Angeles,Road,General Cargo,9044,26.79,6444,40FT_HC,90.24,Normal,Carrier_A,17,181820
SHP04303,Visakhapatnam,Antwerp,Sea,Pharmaceuticals,27689,60.81,9595,40FT,104.92,Normal,Carrier_C,23,360116
SHP04304,Visakhapatnam,Los Angeles,Sea,Automotive Parts,26878,55.75,11621,40FT,114.64,Off_Peak,Carrier_E,27,276997
SHP04305,Bengaluru,London,Air,General Cargo,1790,8.48,10977,AIR_CARGO,87.05,Peak,Carrier_B,12,642847
SHP04306,Delhi,Hamburg,Air,Pharmaceuticals,2484,11.98,7571,AIR_CARGO,96.13,Off_Peak,Carrier_B,9,530975
SHP04307,Pune,Dubai,Air,Automotive Parts,3704,19.75,2094,AIR_CARGO,81.18,Off_Peak,Carrier_D,4,253060
SHP04308,Cochin,Rotterdam,Road,Furniture,12734,34.43,5766,20FT,87.34,Normal,Carrier_D,14,129996
SHP04309,Pune,New York,Air,Automotive Parts,3676,16.41,13523,AIR_CARGO,79.49,Off_Peak,Carrier_E,14,627678
SHP04310,Visakhapatnam,Busan,Air,Furniture,4841,19.77,10994,AIR_CARGO,109.21,Peak,Carrier_D,12,946469
SHP04311,Hyderabad,Shanghai,Sea,Chemicals,13431,33.4,5522,20FT,84.45,Normal,Carrier_A,16,130547
SHP04312,Bengaluru,London,Road,Textiles,5875,18.29,11043,40FT,92.85,Peak,Carrier_B,25,256127
SHP04313,Chennai,Colombo,Sea,Textiles,1153,11.73,975,LCL,112.75,Off_Peak,Carrier_C,7,14454
SHP04314,Mumbai,Jebel Ali,Air,Machinery,709,3.64,1871,AIR_CARGO,82.2,Normal,Carrier_A,4,114196
SHP04315,Hyderabad,London,Air,Chemicals,3097,14.54,12020,AIR_CARGO,113.61,Peak,Carrier_A,13,1205791
SHP04316,Cochin,Singapore,Sea,Food Products,24280,44.29,9974,40FT_HC,106.21,Normal,Carrier_E,23,253852
SHP04317,Visakhapatnam,Singapore,Road,Machinery,13912,35.06,3336,40FT,76.67,Peak,Carrier_D,10,163767
SHP04318,Visakhapatnam,Busan,Air,General Cargo,4800,19.53,3776,AIR_CARGO,77.9,Peak,Carrier_E,6,412723
SHP04319,Kolkata,Hamburg,Air,Furniture,1557,7.53,9242,AIR_CARGO,102.07,Normal,Carrier_A,10,532384
SHP04320,Pune,Colombo,Sea,Machinery,21293,48.03,7208,40FT,95.05,Off_Peak,Carrier_A,18,186082
SHP04321,Delhi,Singapore,Air,Electronics,2245,12.14,4089,AIR_CARGO,113.26,Off_Peak,Carrier_D,6,334187
SHP04322,Visakhapatnam,Busan,Sea,Textiles,19487,46.92,5403,20FT,85,Peak,Carrier_D,14,156762
SHP04323,Visakhapatnam,Shanghai,Road,Machinery,14758,42.41,6154,LCL,88.79,Off_Peak,Carrier_B,15,94764
SHP04324,Pune,New York,Road,Machinery,10952,32.52,12707,40FT_HC,96.93,Off_Peak,Carrier_D,28,265834
SHP04325,Ahmedabad,Busan,Sea,Pharmaceuticals,17997,44.67,6303,40FT_HC,90.14,Off_Peak,Carrier_B,16,212256
SHP04326,Visakhapatnam,Antwerp,Air,Pharmaceuticals,4844,20.18,9299,AIR_CARGO,104.61,Normal,Carrier_E,10,849353
SHP04327,Delhi,New York,Sea,Food Products,3813,14.1,12332,LCL,82.79,Normal,Carrier_B,27,73698
SHP04328,Kolkata,Colombo,Air,Food Products,1360,5.71,2050,AIR_CARGO,102.73,Peak,Carrier_D,4,194677
SHP04329,Pune,Colombo,Sea,Furniture,14882,36.12,10164,20FT,105.1,Peak,Carrier_E,24,178659
SHP04330,Hyderabad,Hamburg,Road,Pharmaceuticals,9775,27.56,5691,20FT,86.76,Off_Peak,Carrier_A,15,131410
SHP04331,Bengaluru,Colombo,Road,Electronics,5403,19.6,5916,20FT,88.62,Off_Peak,Carrier_A,15,100089
SHP04332,Ahmedabad,Hamburg,Sea,Machinery,16104,33.54,4576,40FT,81.5,Off_Peak,Carrier_B,14,119167
SHP04333,Cochin,Hamburg,Road,Machinery,12848,34.79,7076,40FT,92.76,Peak,Carrier_A,18,247892
SHP04334,Kolkata,New York,Road,Electronics,4786,16.91,14695,40FT_HC,90.73,Peak,Carrier_A,33,407260
SHP04335,Mumbai,Antwerp,Sea,Textiles,7428,23.86,4583,40FT_HC,82.98,Peak,Carrier_E,13,117522
SHP04336,Ahmedabad,Hamburg,Sea,Chemicals,16041,33.3,4300,40FT_HC,80.19,Peak,Carrier_D,12,209681
SHP04337,Kolkata,Los Angeles,Air,Chemicals,1529,6.98,8006,AIR_CARGO,95.63,Off_Peak,Carrier_C,9,469649
SHP04338,Chennai,Jebel Ali,Road,Electronics,1240,4.94,3422,LCL,78.73,Normal,Carrier_E,10,34045
SHP04339,Chennai,Los Angeles,Sea,Electronics,2122,10.26,16150,20FT,93.55,Normal,Carrier_D,34,151005
SHP04340,Visakhapatnam,Busan,Sea,Machinery,19816,47.32,10469,20FT,107.11,Peak,Carrier_A,23,222570
SHP04341,Chennai,Rotterdam,Air,Pharmaceuticals,153,0.76,10863,AIR_CARGO,107.34,Off_Peak,Carrier_D,11,636855
SHP04342,Chennai,Jebel Ali,Air,Automotive Parts,518,2.67,3461,AIR_CARGO,77.03,Off_Peak,Carrier_E,5,138510
SHP04343,Hyderabad,Los Angeles,Road,General Cargo,9307,27.53,14774,40FT_HC,100.49,Peak,Carrier_D,33,407699
SHP04344,Mumbai,Rotterdam,Air,Textiles,685,3.42,9658,AIR_CARGO,82.54,Normal,Carrier_A,11,419116
SHP04345,Ahmedabad,Rotterdam,Air,Furniture,2725,13.78,9162,AIR_CARGO,75.75,Off_Peak,Carrier_B,10,410347
SHP04346,Ahmedabad,Shanghai,Sea,Chemicals,17790,40.81,10291,40FT_HC,106.66,Off_Peak,Carrier_C,24,263161
SHP04347,Visakhapatnam,Colombo,Road,Textiles,13650,40.76,8483,20FT,99.87,Off_Peak,Carrier_E,20,150889
SHP04348,Chennai,Antwerp,Road,Furniture,1684,11.41,5403,40FT,85.13,Peak,Carrier_C,14,116067
SHP04349,Delhi,Rotterdam,Road,Solar Panels,7777,21.56,7195,40FT,87.76,Peak,Carrier_A,17,219523
SHP04350,Delhi,Colombo,Sea,Solar Panels,14527,36.11,9243,40FT_HC,101.34,Off_Peak,Carrier_C,21,201811
SHP04351,Delhi,Colombo,Air,Textiles,2562,10.89,3866,AIR_CARGO,78.9,Off_Peak,Carrier_C,6,235558
SHP04352,Bengaluru,Colombo,Air,Machinery,1646,7.06,10306,AIR_CARGO,109.8,Off_Peak,Carrier_B,12,543050
SHP04353,Kolkata,New York,Sea,Machinery,9739,24.74,14394,40FT_HC,81.63,Off_Peak,Carrier_C,31,178018
SHP04354,Cochin,Dubai,Air,Machinery,4165,22.21,3288,AIR_CARGO,76.69,Normal,Carrier_A,6,337909
SHP04355,Cochin,Busan,Sea,Machinery,25447,57.48,3183,40FT_HC,76.01,Peak,Carrier_C,10,240173
SHP04356,Ahmedabad,Hamburg,Air,General Cargo,2961,14.52,9174,AIR_CARGO,104.02,Off_Peak,Carrier_D,10,520679
SHP04357,Chennai,Jebel Ali,Air,Automotive Parts,425,2.21,3312,AIR_CARGO,94.24,Normal,Carrier_A,5,190869
SHP04358,Kolkata,Antwerp,Road,Chemicals,4051,17.04,6295,40FT_HC,89.97,Peak,Carrier_E,15,195278
SHP04359,Bengaluru,Singapore,Sea,Machinery,11994,22.03,3425,40FT_HC,77.88,Normal,Carrier_B,12,104034
SHP04360,Pune,Colombo,Air,General Cargo,3927,16.66,6781,AIR_CARGO,91.74,Peak,Carrier_C,8,564878
SHP04361,Delhi,Antwerp,Air,Chemicals,2334,9.78,4580,AIR_CARGO,81.77,Peak,Carrier_B,6,421794
SHP04362,Chennai,Busan,Road,Machinery,1093,10.44,4591,LCL,83.05,Off_Peak,Carrier_D,12,39757
SHP04363,Delhi,London,Road,Pharmaceuticals,7056,21.54,6590,40FT_HC,112.07,Normal,Carrier_C,16,238262
SHP04364,Mumbai,Singapore,Air,Solar Panels,770,4.15,4168,AIR_CARGO,78.59,Off_Peak,Carrier_B,6,190703
SHP04365,Cochin,London,Air,Furniture,4162,19.62,5475,AIR_CARGO,86.5,Normal,Carrier_B,8,425372
SHP04366,Ahmedabad,Hamburg,Road,Textiles,9033,25.27,3407,LCL,76.8,Normal,Carrier_C,11,60166
SHP04367,Ahmedabad,Los Angeles,Road,Food Products,8450,25.31,5447,LCL,85.3,Off_Peak,Carrier_D,14,68348
SHP04368,Ahmedabad,Hamburg,Road,Food Products,8597,24.4,11714,LCL,114.27,Normal,Carrier_D,26,158251
SHP04369,Chennai,New York,Air,Automotive Parts,443,1.97,13818,AIR_CARGO,96.19,Peak,Carrier_A,15,862863
SHP04370,Delhi,Rotterdam,Sea,Automotive Parts,14265,29.34,7126,40FT_HC,93.66,Peak,Carrier_E,18,211557
SHP04371,Pune,Rotterdam,Sea,Food Products,6351,15.4,4767,LCL,83.58,Peak,Carrier_C,14,55391
SHP04372,Hyderabad,Singapore,Air,Food Products,3109,16.83,3743,AIR_CARGO,105.68,Normal,Carrier_C,6,343359
SHP04373,Cochin,Los Angeles,Sea,Electronics,16815,37.2,10126,20FT,107.92,Peak,Carrier_C,22,218460
SHP04374,Chennai,Hamburg,Air,General Cargo,577,2.77,10916,AIR_CARGO,76,Normal,Carrier_B,12,417968
SHP04375,Pune,Jebel Ali,Road,Food Products,11561,30.37,9712,40FT_HC,104.1,Off_Peak,Carrier_E,23,222145
SHP04376,Kolkata,Los Angeles,Road,General Cargo,3604,13.22,6988,LCL,91.63,Off_Peak,Carrier_E,17,64798
SHP04377,Chennai,Colombo,Road,Food Products,1525,10.11,933,40FT_HC,77.8,Normal,Carrier_D,5,31793
SHP04378,Ahmedabad,Dubai,Sea,Solar Panels,11528,22.16,1746,20FT,97.44,Off_Peak,Carrier_D,8,63942
SHP04379,Cochin,Antwerp,Sea,Textiles,17738,43.11,7987,20FT,96.71,Off_Peak,Carrier_E,20,122064
SHP04380,Pune,Rotterdam,Sea,Furniture,21609,42.73,4399,40FT_HC,80.67,Peak,Carrier_B,13,211692
SHP04381,Hyderabad,Singapore,Air,Chemicals,3378,18.19,3611,AIR_CARGO,102.13,Peak,Carrier_C,6,509164
SHP04382,Mumbai,Rotterdam,Sea,Textiles,4257,11.11,9846,20FT,96.62,Off_Peak,Carrier_A,23,85191
SHP04383,Pune,Shanghai,Road,General Cargo,10637,32.23,5726,40FT,87.66,Peak,Carrier_B,14,194696
SHP04384,Ahmedabad,Los Angeles,Road,Electronics,9070,27.18,6407,40FT,88.93,Off_Peak,Carrier_C,17,163681
SHP04385,Delhi,Dubai,Sea,Pharmaceuticals,15687,30.43,2278,40FT_HC,111.25,Off_Peak,Carrier_E,9,137657
SHP04386,Delhi,Los Angeles,Sea,Textiles,4170,13.95,8532,LCL,98.68,Off_Peak,Carrier_C,21,57806
SHP04387,Mumbai,New York,Road,Electronics,2401,10.88,13331,40FT,87.05,Off_Peak,Carrier_B,30,217512
SHP04388,Chennai,Dubai,Road,General Cargo,1684,4.89,3648,LCL,93.8,Off_Peak,Carrier_A,11,34650
SHP04389,Visakhapatnam,Los Angeles,Road,Chemicals,13850,38.76,10899,20FT,109.11,Off_Peak,Carrier_D,26,235903
SHP04390,Cochin,Hamburg,Air,Food Products,4127,20.23,4301,AIR_CARGO,80.56,Normal,Carrier_A,7,377914
SHP04391,Delhi,New York,Road,Machinery,6849,22.34,12164,40FT_HC,114.12,Peak,Carrier_A,28,383165
SHP04392,Cochin,Singapore,Road,Electronics,12357,31.39,8304,20FT,98.65,Off_Peak,Carrier_D,20,166903
SHP04393,Delhi,Colombo,Road,Electronics,6960,23.88,3291,20FT,75.89,Off_Peak,Carrier_A,10,75318
SHP04394,Pune,New York,Sea,Machinery,21164,46.2,13009,40FT_HC,109.42,Off_Peak,Carrier_A,29,275817
SHP04395,Pune,Antwerp,Road,Furniture,11586,36.22,4995,40FT_HC,83.37,Off_Peak,Carrier_D,14,147351
SHP04396,Kolkata,Singapore,Road,Furniture,4702,11.99,2573,40FT_HC,100.88,Off_Peak,Carrier_A,8,74248
SHP04397,Hyderabad,Rotterdam,Air,Textiles,3171,15.82,10915,AIR_CARGO,105.71,Off_Peak,Carrier_E,12,597764
SHP04398,Cochin,Colombo,Road,Electronics,12698,38.08,3393,40FT_HC,76.04,Normal,Carrier_E,10,160399
SHP04399,Hyderabad,Jebel Ali,Sea,Automotive Parts,5326,12.19,2715,LCL,111.14,Peak,Carrier_D,11,46187
SHP04400,Mumbai,Los Angeles,Air,Food Products,1107,5.13,15350,AIR_CARGO,81.96,Peak,Carrier_D,15,789663
SHP04401,Mumbai,Singapore,Sea,Electronics,6812,12.47,4384,40FT_HC,79.55,Peak,Carrier_D,12,113806
SHP04402,Pune,Busan,Air,Pharmaceuticals,3735,14.98,4264,AIR_CARGO,80.93,Off_Peak,Carrier_E,6,369453
SHP04403,Ahmedabad,London,Road,General Cargo,7932,23.38,5520,40FT,87.21,Normal,Carrier_D,15,139088
SHP04404,Ahmedabad,Shanghai,Sea,Food Products,4348,16.77,9583,LCL,104.86,Peak,Carrier_C,23,93140
SHP04405,Cochin,Rotterdam,Air,Textiles,4041,20.24,4712,AIR_CARGO,83.45,Normal,Carrier_B,6,383373
SHP04406,Kolkata,Jebel Ali,Air,General Cargo,1388,7.22,6672,AIR_CARGO,92.85,Peak,Carrier_A,9,445788
SHP04407,Cochin,Antwerp,Sea,Machinery,23578,53.5,8065,40FT_HC,97.85,Normal,Carrier_C,19,244951
SHP04408,Pune,Busan,Road,General Cargo,11215,35.46,7687,LCL,96.05,Normal,Carrier_C,19,113398
SHP04409,Hyderabad,Rotterdam,Air,General Cargo,3483,17.21,11045,AIR_CARGO,89.92,Normal,Carrier_B,12,641300
SHP04410,Chennai,Busan,Sea,General Cargo,5809,22.07,9314,40FT_HC,104.34,Peak,Carrier_D,22,189616
SHP04411,Bengaluru,London,Air,General Cargo,2042,9.51,10697,AIR_CARGO,77.01,Peak,Carrier_A,12,604791
SHP04412,Kolkata,Dubai,Road,Solar Panels,3762,10.19,6803,40FT,91.62,Peak,Carrier_B,17,176820
SHP04413,Chennai,Rotterdam,Road,Pharmaceuticals,1645,6.46,11351,40FT,108.46,Peak,Carrier_A,26,355568
SHP04414,Mumbai,Shanghai,Road,Food Products,3071,13.17,6641,20FT,110.16,Normal,Carrier_B,16,112334
SHP04415,Ahmedabad,Dubai,Air,General Cargo,2784,14.63,1717,AIR_CARGO,93.41,Normal,Carrier_C,4,219323
SHP04416,Bengaluru,Dubai,Air,Machinery,1876,10.07,3237,AIR_CARGO,111.94,Off_Peak,Carrier_C,6,232150
SHP04417,Cochin,Antwerp,Air,Pharmaceuticals,4148,17.05,3274,AIR_CARGO,76.25,Peak,Carrier_C,5,473918
SHP04418,Pune,Busan,Sea,Textiles,22782,52.59,11614,40FT_HC,114.1,Peak,Carrier_A,25,373030
SHP04419,Hyderabad,Shanghai,Sea,Pharmaceuticals,12956,31.66,5389,20FT,88.62,Off_Peak,Carrier_B,16,110130
SHP04420,Chennai,Hamburg,Sea,General Cargo,3653,11.53,10743,20FT,75.48,Off_Peak,Carrier_C,25,71254
SHP04421,Delhi,Antwerp,Sea,Pharmaceuticals,14112,35.72,11374,40FT_HC,113.3,Off_Peak,Carrier_A,25,285108
SHP04422,Chennai,Colombo,Air,Textiles,552,2.35,1008,AIR_CARGO,88.47,Normal,Carrier_E,3,64738
SHP04423,Mumbai,Busan,Sea,Furniture,8111,25.99,7654,40FT_HC,95.49,Peak,Carrier_C,20,177371
SHP04424,Cochin,Hamburg,Sea,Chemicals,24119,48.19,6492,40FT,90.86,Off_Peak,Carrier_C,16,220575
SHP04425,Kolkata,Jebel Ali,Sea,Pharmaceuticals,6233,14.18,7703,20FT,96.41,Off_Peak,Carrier_B,19,95117
SHP04426,Kolkata,Colombo,Air,Machinery,1168,4.99,1997,AIR_CARGO,102.94,Peak,Carrier_A,4,190059
SHP04427,Bengaluru,Singapore,Sea,Pharmaceuticals,3208,6.63,3566,LCL,85.2,Peak,Carrier_E,11,41601
SHP04428,Hyderabad,London,Air,Machinery,3293,15.42,10981,AIR_CARGO,110.58,Off_Peak,Carrier_D,12,655594
SHP04429,Bengaluru,Los Angeles,Air,Solar Panels,1722,7.98,16046,AIR_CARGO,113.6,Normal,Carrier_D,17,1073928
SHP04430,Mumbai,New York,Sea,Furniture,4224,15.58,13566,20FT,102.67,Off_Peak,Carrier_A,30,118332
SHP04431,Cochin,New York,Sea,Furniture,24439,52.34,11429,40FT_HC,114.92,Off_Peak,Carrier_D,26,272330
SHP04432,Pune,Dubai,Sea,Chemicals,16186,30.43,2029,20FT,108.01,Normal,Carrier_D,9,108642
SHP04433,Cochin,Colombo,Air,Machinery,4040,17.27,4028,AIR_CARGO,78.76,Off_Peak,Carrier_B,6,305628
SHP04434,Pune,Singapore,Sea,Furniture,21289,39,4318,40FT_HC,80.81,Normal,Carrier_A,13,180655
SHP04435,Hyderabad,Hamburg,Sea,Automotive Parts,20151,41.47,3053,40FT_HC,75.14,Peak,Carrier_E,11,199278
SHP04436,Bengaluru,Singapore,Air,Pharmaceuticals,1896,10.43,3717,AIR_CARGO,114.9,Off_Peak,Carrier_C,5,332495
SHP04437,Chennai,London,Road,Pharmaceuticals,1532,7.48,10069,40FT_HC,96.86,Peak,Carrier_E,24,280834
SHP04438,Bengaluru,Singapore,Air,Electronics,1917,10.34,3686,AIR_CARGO,86.08,Peak,Carrier_C,6,340977
SHP04439,Ahmedabad,London,Air,Furniture,2792,13.04,3013,AIR_CARGO,75.41,Off_Peak,Carrier_A,5,221102
SHP04440,Chennai,Shanghai,Air,Textiles,341,1.49,5349,AIR_CARGO,110.53,Normal,Carrier_D,7,294528
SHP04441,Bengaluru,Busan,Road,Electronics,5825,22.15,9140,LCL,100.47,Off_Peak,Carrier_E,22,107436
SHP04442,Bengaluru,Los Angeles,Sea,Food Products,11295,27.51,15740,40FT_HC,89.92,Normal,Carrier_D,33,239309
SHP04443,Hyderabad,Jebel Ali,Road,Textiles,9254,25.11,2680,LCL,112.97,Normal,Carrier_A,8,65944
SHP04444,Kolkata,Jebel Ali,Sea,Chemicals,9131,19.36,6664,40FT_HC,92.44,Peak,Carrier_C,17,186992
SHP04445,Visakhapatnam,Shanghai,Road,Automotive Parts,14108,40.98,8771,40FT,102.61,Off_Peak,Carrier_B,20,242963
SHP04446,Hyderabad,Busan,Air,Machinery,3106,12.52,4114,AIR_CARGO,79.4,Normal,Carrier_D,6,301600
SHP04447,Bengaluru,Dubai,Road,Food Products,5331,14.05,2957,LCL,78.58,Normal,Carrier_C,9,41895
SHP04448,Cochin,Hamburg,Air,Chemicals,4087,19.69,6554,AIR_CARGO,92.18,Off_Peak,Carrier_A,9,536478
SHP04449,Visakhapatnam,Los Angeles,Road,Automotive Parts,14773,41.2,11048,LCL,112.96,Peak,Carrier_B,25,229490
SHP04450,Kolkata,Dubai,Sea,Chemicals,9649,18.79,9950,40FT_HC,108.13,Peak,Carrier_A,24,272250
SHP04451,Chennai,Singapore,Air,Chemicals,443,2.44,3369,AIR_CARGO,97.27,Peak,Carrier_C,5,262344
SHP04452,Kolkata,London,Sea,Pharmaceuticals,2012,9.55,11840,LCL,79.07,Normal,Carrier_A,26,84077
SHP04453,Pune,Antwerp,Air,Furniture,4024,16.77,9213,AIR_CARGO,101.45,Peak,Carrier_E,10,734824
SHP04454,Delhi,New York,Sea,Food Products,3668,14.16,11367,LCL,103.55,Off_Peak,Carrier_C,25,72627
SHP04455,Bengaluru,New York,Air,Automotive Parts,1718,7.68,13944,AIR_CARGO,99.87,Off_Peak,Carrier_A,14,719209
SHP04456,Ahmedabad,Jebel Ali,Sea,Furniture,18322,36.24,7344,40FT,95.12,Off_Peak,Carrier_D,18,161615
SHP04457,Delhi,Hamburg,Air,Textiles,2289,11.08,6882,AIR_CARGO,92.89,Normal,Carrier_A,9,436362
SHP04458,Mumbai,Colombo,Air,Electronics,914,3.84,1659,AIR_CARGO,90.98,Peak,Carrier_D,4,157118
SHP04459,Hyderabad,Busan,Air,Automotive Parts,3176,12.86,9356,AIR_CARGO,103.92,Peak,Carrier_C,10,794380
SHP04460,Mumbai,Los Angeles,Road,Electronics,2955,11.86,14843,40FT_HC,97.84,Peak,Carrier_C,32,401499
SHP04461,Visakhapatnam,Los Angeles,Air,Electronics,4599,21.04,7755,AIR_CARGO,96.81,Normal,Carrier_A,9,679760
SHP04462,Hyderabad,Rotterdam,Road,Food Products,9619,26.64,10403,40FT_HC,90.19,Off_Peak,Carrier_B,24,211869
SHP04463,Visakhapatnam,Rotterdam,Road,Chemicals,14116,37.86,8229,40FT_HC,97.82,Off_Peak,Carrier_B,20,267977
SHP04464,Bengaluru,Los Angeles,Road,General Cargo,5061,17.12,16239,40FT,97.35,Normal,Carrier_E,36,289224
SHP04465,Mumbai,Singapore,Air,Automotive Parts,948,5.11,4295,AIR_CARGO,85.65,Peak,Carrier_E,6,280933
SHP04466,Cochin,London,Road,Solar Panels,12061,33.55,12551,40FT_HC,114.83,Off_Peak,Carrier_C,28,349336
SHP04467,Pune,Busan,Air,Automotive Parts,3892,15.81,7846,AIR_CARGO,96.11,Normal,Carrier_E,9,556446
SHP04468,Chennai,Singapore,Sea,Textiles,5939,11.44,3389,40FT_HC,89.48,Peak,Carrier_D,11,85768
SHP04469,Chennai,Rotterdam,Sea,Chemicals,5907,13.8,10528,40FT_HC,78.36,Peak,Carrier_E,25,185082
SHP04470,Mumbai,Busan,Sea,Pharmaceuticals,4677,20.3,6917,20FT,92.76,Off_Peak,Carrier_D,17,89728
SHP04471,Bengaluru,Busan,Air,Furniture,1716,6.95,8363,AIR_CARGO,100.22,Off_Peak,Carrier_D,9,421942
SHP04472,Cochin,New York,Sea,Chemicals,23443,50.28,6351,40FT,89.37,Normal,Carrier_C,17,253198
SHP04473,Delhi,Busan,Road,Machinery,7756,26.83,7350,LCL,93.22,Normal,Carrier_C,19,98653
SHP04474,Cochin,Antwerp,Road,Food Products,13289,40.23,11250,LCL,109.48,Off_Peak,Carrier_D,26,149371
SHP04475,Delhi,Jebel Ali,Air,Solar Panels,2147,11.16,7469,AIR_CARGO,94.13,Peak,Carrier_E,9,567910
SHP04476,Ahmedabad,Hamburg,Air,Chemicals,2812,13.74,8475,AIR_CARGO,99.9,Normal,Carrier_C,10,658626
SHP04477,Delhi,Los Angeles,Air,Textiles,2209,10.16,3669,AIR_CARGO,78.11,Normal,Carrier_A,5,249015
SHP04478,Mumbai,Dubai,Sea,Furniture,7572,15.41,1894,40FT,105.66,Normal,Carrier_E,9,63777
SHP04479,Kolkata,London,Sea,Textiles,10445,24.13,11967,40FT,107.68,Off_Peak,Carrier_E,28,170162
SHP04480,Bengaluru,Hamburg,Road,Food Products,6068,18.23,4118,40FT_HC,80.3,Off_Peak,Carrier_E,12,92004
SHP04481,Cochin,Singapore,Sea,General Cargo,16613,30.7,3825,20FT,78.36,Peak,Carrier_C,12,112119
SHP04482,Hyderabad,Antwerp,Air,Furniture,3344,13.79,9756,AIR_CARGO,103.93,Off_Peak,Carrier_E,11,526309
SHP04483,Cochin,Shanghai,Sea,Furniture,17247,39.51,9060,20FT,102.48,Off_Peak,Carrier_B,22,133286
SHP04484,Visakhapatnam,Dubai,Air,Textiles,4846,25.43,9870,AIR_CARGO,107.08,Peak,Carrier_E,11,856770
SHP04485,Ahmedabad,Rotterdam,Sea,General Cargo,17432,34.94,9324,40FT_HC,92.97,Off_Peak,Carrier_C,22,181210
SHP04486,Chennai,Colombo,Sea,Electronics,4537,17.28,980,40FT_HC,79.58,Peak,Carrier_A,7,69956
SHP04487,Hyderabad,Jebel Ali,Air,Solar Panels,3517,18.03,2817,AIR_CARGO,105.26,Normal,Carrier_E,4,333561
SHP04488,Hyderabad,London,Road,Automotive Parts,9376,27.38,10673,40FT_HC,111.04,Peak,Carrier_B,25,371635
SHP04489,Hyderabad,Rotterdam,Road,Electronics,9747,26.63,10880,40FT_HC,103.88,Normal,Carrier_E,24,300163
SHP04490,Cochin,Hamburg,Sea,Automotive Parts,25360,51.05,9590,40FT,106.01,Peak,Carrier_D,23,335825
SHP04491,Visakhapatnam,Dubai,Sea,General Cargo,27783,51.74,3625,40FT_HC,77.76,Normal,Carrier_B,11,204508
SHP04492,Delhi,Jebel Ali,Sea,Electronics,10840,21.9,5148,20FT,85.67,Normal,Carrier_D,15,94808
SHP04493,Mumbai,Colombo,Sea,Machinery,7572,22.86,1650,40FT,113.59,Off_Peak,Carrier_C,9,65716
SHP04494,Kolkata,Busan,Air,Pharmaceuticals,1274,5.1,10987,AIR_CARGO,108.83,Peak,Carrier_E,12,935914
SHP04495,Chennai,Dubai,Road,Electronics,872,2.95,3400,40FT,108.75,Peak,Carrier_D,10,95041
SHP04496,Visakhapatnam,Dubai,Air,Electronics,4591,24.18,8828,AIR_CARGO,99.63,Off_Peak,Carrier_C,10,642507
SHP04497,Hyderabad,Busan,Sea,General Cargo,20570,49.18,9981,40FT,104.98,Normal,Carrier_C,23,239221
SHP04498,Ahmedabad,Los Angeles,Sea,Textiles,4372,14.16,7557,LCL,94.53,Normal,Carrier_C,19,59478
SHP04499,Ahmedabad,Singapore,Road,Electronics,8991,22.67,11578,40FT_HC,114.13,Normal,Carrier_D,26,344504
SHP04500,Mumbai,Jebel Ali,Road,Electronics,2457,7.87,1885,40FT_HC,95.46,Off_Peak,Carrier_E,7,49722
SHP04501,Pune,New York,Road,Chemicals,11710,33.95,12949,20FT,109.4,Normal,Carrier_E,29,280044
SHP04502,Bengaluru,Antwerp,Road,Pharmaceuticals,6231,22.24,3342,40FT_HC,75.93,Off_Peak,Carrier_E,10,106985
SHP04503,Mumbai,Singapore,Air,Electronics,994,5.45,4149,AIR_CARGO,95.02,Normal,Carrier_A,6,278233
SHP04504,Kolkata,Hamburg,Road,Automotive Parts,3936,12.8,5706,40FT_HC,87.43,Off_Peak,Carrier_E,14,110862
SHP04505,Delhi,Rotterdam,Sea,Chemicals,14840,30.45,7144,40FT,87.1,Normal,Carrier_A,18,194021
SHP04506,Delhi,Shanghai,Road,Furniture,6992,23.22,4954,40FT_HC,92.17,Off_Peak,Carrier_E,13,119653
SHP04507,Ahmedabad,Los Angeles,Sea,Electronics,17010,37.51,5016,40FT_HC,83.01,Normal,Carrier_D,15,184618
SHP04508,Ahmedabad,Busan,Road,Chemicals,8106,28.09,8228,40FT_HC,99.19,Normal,Carrier_A,20,272812
SHP04509,Chennai,Singapore,Air,Food Products,316,1.74,3131,AIR_CARGO,109.6,Peak,Carrier_D,5,212625
SHP04510,Chennai,Dubai,Road,Electronics,913,3.51,3483,40FT_HC,83.3,Peak,Carrier_A,10,87093
SHP04511,Delhi,Colombo,Sea,Pharmaceuticals,14193,35.08,9238,40FT_HC,104.74,Peak,Carrier_B,21,316703
SHP04512,Ahmedabad,Los Angeles,Sea,Automotive Parts,11286,27.06,7874,20FT,95.58,Peak,Carrier_D,19,144175
SHP04513,Mumbai,Los Angeles,Air,General Cargo,878,3.99,14478,AIR_CARGO,103.15,Peak,Carrier_E,15,842928
SHP04514,Kolkata,Busan,Air,Machinery,1375,5.59,6712,AIR_CARGO,91.31,Normal,Carrier_C,8,355696
SHP04515,Bengaluru,Busan,Road,Electronics,6284,23.49,5639,40FT,87.12,Peak,Carrier_E,14,174090
SHP04516,Visakhapatnam,New York,Sea,Solar Panels,26352,55.77,10128,40FT_HC,105.11,Normal,Carrier_B,24,330529
SHP04517,Chennai,Busan,Road,General Cargo,1978,12.52,5157,40FT,84.49,Normal,Carrier_A,13,97184
SHP04518,Bengaluru,Dubai,Road,Machinery,5005,13.38,2984,40FT,96.45,Normal,Carrier_A,10,85074
SHP04519,Hyderabad,Antwerp,Road,Furniture,10593,33.7,5794,20FT,87.67,Normal,Carrier_B,15,121929
SHP04520,Cochin,Dubai,Sea,Pharmaceuticals,17833,34.2,12134,20FT,113.24,Peak,Carrier_E,27,269065
SHP04521,Bengaluru,Rotterdam,Sea,General Cargo,12088,25.08,10713,40FT_HC,85.58,Peak,Carrier_E,24,211963
SHP04522,Kolkata,Hamburg,Road,Electronics,3684,12.41,9250,40FT_HC,101.15,Off_Peak,Carrier_E,21,190232
SHP04523,Ahmedabad,Dubai,Sea,Chemicals,4730,9.74,1850,LCL,101.41,Normal,Carrier_D,9,32346
SHP04524,Hyderabad,Jebel Ali,Air,Food Products,3349,17.26,2825,AIR_CARGO,85.49,Off_Peak,Carrier_C,5,248021
SHP04525,Cochin,London,Sea,Pharmaceuticals,6523,16.94,5881,LCL,88.75,Normal,Carrier_C,15,68684
SHP04526,Bengaluru,Antwerp,Air,Automotive Parts,1996,8.22,7200,AIR_CARGO,95.16,Normal,Carrier_D,9,452471
SHP04527,Bengaluru,Los Angeles,Road,Machinery,5782,18.58,15962,40FT,93.09,Peak,Carrier_B,35,353407
SHP04528,Hyderabad,Shanghai,Sea,General Cargo,20125,44.89,5514,40FT_HC,87.44,Normal,Carrier_C,15,193190
SHP04529,Hyderabad,New York,Air,Solar Panels,3504,15.79,10623,AIR_CARGO,111.18,Peak,Carrier_B,11,970586
SHP04530,Ahmedabad,Colombo,Sea,General Cargo,16227,39.48,2077,40FT,112.53,Normal,Carrier_E,9,124263
SHP04531,Cochin,Dubai,Air,General Cargo,4430,23.71,7675,AIR_CARGO,95.21,Off_Peak,Carrier_C,9,493381
SHP04532,Pune,Hamburg,Road,Textiles,11865,32.85,10135,40FT_HC,108.39,Off_Peak,Carrier_B,24,256468
SHP04533,Chennai,Busan,Air,Food Products,341,1.38,10842,AIR_CARGO,110.11,Peak,Carrier_D,12,695625
SHP04534,Chennai,Colombo,Road,Textiles,1162,9.18,951,40FT,81.79,Peak,Carrier_E,5,31916
SHP04535,Cochin,New York,Road,General Cargo,12847,36.86,4543,40FT,81.11,Off_Peak,Carrier_B,12,133282
SHP04536,Mumbai,New York,Air,Electronics,1003,4.46,13747,AIR_CARGO,88.58,Off_Peak,Carrier_D,14,617397
SHP04537,Visakhapatnam,Dubai,Road,Electronics,14750,37.96,10025,40FT_HC,105.32,Off_Peak,Carrier_E,23,283385
SHP04538,Chennai,Shanghai,Road,Chemicals,1338,8.91,5526,40FT,94.84,Normal,Carrier_E,14,118879
SHP04539,Pune,Antwerp,Air,Solar Panels,4012,16.58,11043,AIR_CARGO,108.55,Normal,Carrier_D,12,838580
SHP04540,Mumbai,Los Angeles,Sea,Solar Panels,6503,18.68,15123,40FT_HC,76.39,Normal,Carrier_A,33,201484
SHP04541,Delhi,Jebel Ali,Road,Electronics,6897,19.02,11109,LCL,109.99,Normal,Carrier_B,26,164948
SHP04542,Cochin,Hamburg,Road,General Cargo,13030,35.51,12422,40FT,114.74,Peak,Carrier_D,28,395248
SHP04543,Hyderabad,Busan,Air,Pharmaceuticals,3438,13.85,3088,AIR_CARGO,75.87,Normal,Carrier_D,6,353868
SHP04544,Ahmedabad,Colombo,Air,Furniture,2812,11.86,2118,AIR_CARGO,88.12,Normal,Carrier_A,5,228371
SHP04545,Cochin,New York,Sea,Electronics,17577,38.96,9307,20FT,104.72,Off_Peak,Carrier_E,23,151663
SHP04546,Chennai,Hamburg,Sea,General Cargo,4791,13.27,11111,40FT,113.07,Normal,Carrier_C,26,158985
SHP04547,Mumbai,Singapore,Sea,Automotive Parts,7142,13.2,4405,40FT_HC,92.8,Normal,Carrier_B,12,98036
SHP04548,Bengaluru,Rotterdam,Air,Machinery,1793,9.05,11602,AIR_CARGO,80.89,Off_Peak,Carrier_B,12,474224
SHP04549,Kolkata,Colombo,Air,Food Products,1558,6.62,2109,AIR_CARGO,84.63,Normal,Carrier_B,4,156259
SHP04550,Delhi,Dubai,Road,Machinery,7596,20.11,2279,20FT,92.3,Off_Peak,Carrier_B,7,56788
SHP04551,Delhi,New York,Sea,Machinery,15411,35.59,11282,40FT_HC,100.66,Off_Peak,Carrier_C,25,205443
SHP04552,Mumbai,Antwerp,Air,Food Products,946,3.88,4149,AIR_CARGO,79.56,Normal,Carrier_B,6,200276
SHP04553,Pune,Jebel Ali,Road,Machinery,11622,30.75,12473,40FT_HC,114.5,Peak,Carrier_D,29,413501
SHP04554,Delhi,Singapore,Sea,Pharmaceuticals,14573,26.9,4034,40FT_HC,98.67,Normal,Carrier_C,11,177189
SHP04555,Mumbai,London,Road,Electronics,3016,11.49,9365,40FT_HC,105.26,Off_Peak,Carrier_B,21,203610
SHP04556,Hyderabad,Colombo,Sea,General Cargo,18502,43.39,3156,40FT_HC,75.08,Peak,Carrier_A,12,191391
SHP04557,Delhi,Rotterdam,Road,Chemicals,6583,18.82,7120,40FT,95.28,Off_Peak,Carrier_B,18,173293
SHP04558,Chennai,London,Air,Chemicals,362,1.7,10802,AIR_CARGO,76.76,Off_Peak,Carrier_D,12,436364
SHP04559,Visakhapatnam,Shanghai,Sea,Pharmaceuticals,19979,45.19,3536,20FT,76.85,Peak,Carrier_C,11,178371
SHP04560,Visakhapatnam,London,Road,Machinery,14463,39.73,11011,40FT,111.67,Off_Peak,Carrier_C,25,268202
SHP04561,Pune,Singapore,Air,Solar Panels,3712,20.46,4323,AIR_CARGO,91.55,Normal,Carrier_C,7,418777
SHP04562,Cochin,Rotterdam,Sea,Solar Panels,6881,15.88,5152,LCL,85.75,Peak,Carrier_C,14,67174
SHP04563,Kolkata,Singapore,Sea,Solar Panels,10362,19.01,2602,40FT,86.02,Off_Peak,Carrier_B,10,84169
SHP04564,Hyderabad,Jebel Ali,Sea,Machinery,5560,12.88,2637,LCL,77.45,Off_Peak,Carrier_A,10,29343
SHP04565,Chennai,Rotterdam,Air,General Cargo,384,1.94,11226,AIR_CARGO,87.29,Normal,Carrier_A,13,507178
SHP04566,Hyderabad,Dubai,Road,Food Products,10507,27.44,2734,40FT,88.7,Normal,Carrier_D,8,110399
SHP04567,Bengaluru,Hamburg,Sea,Electronics,13420,28.65,11596,40FT_HC,112.54,Normal,Carrier_D,26,266841
SHP04568,Mumbai,Hamburg,Road,Solar Panels,3353,11.49,10233,LCL,84.68,Peak,Carrier_E,24,121822
SHP04569,Pune,Busan,Road,Solar Panels,10658,34.08,6822,40FT,91.26,Off_Peak,Carrier_D,16,179636
SHP04570,Hyderabad,Colombo,Road,General Cargo,9376,29.73,3505,40FT_HC,77.52,Off_Peak,Carrier_A,11,113236
SHP04571,Mumbai,Antwerp,Road,Furniture,2815,14.04,6149,LCL,88.17,Normal,Carrier_B,15,64332
SHP04572,Cochin,London,Road,Machinery,12538,35.1,5430,20FT,84.79,Off_Peak,Carrier_E,14,103433
SHP04573,Delhi,Jebel Ali,Road,Solar Panels,7703,21.24,11727,40FT_HC,113.71,Normal,Carrier_B,27,332735
SHP04574,Delhi,Hamburg,Sea,Electronics,15837,33.77,4776,40FT_HC,82.03,Peak,Carrier_A,15,216745
SHP04575,Delhi,Colombo,Road,General Cargo,7150,24.13,11564,40FT_HC,113.51,Normal,Carrier_E,27,287978
SHP04576,Mumbai,London,Sea,Food Products,6973,18.38,9566,40FT_HC,89.68,Peak,Carrier_D,22,173014
SHP04577,Cochin,London,Air,Automotive Parts,4036,18.78,8752,AIR_CARGO,102.61,Normal,Carrier_E,10,644702
SHP04578,Kolkata,Dubai,Sea,Food Products,5911,11.86,5150,20FT,84.97,Normal,Carrier_D,14,59854
SHP04579,Visakhapatnam,New York,Air,Electronics,4676,20.93,7287,AIR_CARGO,95.22,Normal,Carrier_E,8,618879
SHP04580,Visakhapatnam,New York,Air,Solar Panels,4791,21.37,10217,AIR_CARGO,107.63,Peak,Carrier_A,12,1035853
SHP04581,Chennai,Los Angeles,Sea,Machinery,4832,15.56,16496,40FT_HC,81.25,Off_Peak,Carrier_C,35,165988
SHP04582,Bengaluru,Antwerp,Road,Machinery,5704,21.4,6289,40FT,88.75,Peak,Carrier_E,15,163722
SHP04583,Cochin,London,Road,Electronics,12486,35.02,8889,LCL,99.56,Normal,Carrier_A,21,156007
SHP04584,Chennai,Colombo,Air,Chemicals,298,1.27,990,AIR_CARGO,92.31,Peak,Carrier_A,3,86993
SHP04585,Kolkata,Busan,Road,Pharmaceuticals,4544,18.99,8341,40FT,100.44,Peak,Carrier_A,20,291573
SHP04586,Cochin,Los Angeles,Road,Textiles,12177,34.73,7560,20FT,93.73,Off_Peak,Carrier_A,19,139279
SHP04587,Mumbai,Los Angeles,Air,Furniture,1003,4.62,14255,AIR_CARGO,98.15,Peak,Carrier_A,14,879901
SHP04588,Kolkata,Shanghai,Road,Electronics,4237,16.09,4684,40FT_HC,86.29,Peak,Carrier_B,12,150576
SHP04589,Hyderabad,London,Road,Pharmaceuticals,10093,28.72,7280,LCL,93.79,Normal,Carrier_C,17,129954
SHP04590,Chennai,Rotterdam,Sea,Chemicals,4000,10.49,10431,40FT_HC,81.62,Off_Peak,Carrier_A,24,138432
SHP04591,Hyderabad,Singapore,Road,Machinery,9919,25.38,3624,40FT_HC,79.06,Peak,Carrier_B,11,146399
SHP04592,Mumbai,Singapore,Air,General Cargo,940,5.19,4356,AIR_CARGO,92.99,Peak,Carrier_C,6,288863
SHP04593,Cochin,Los Angeles,Air,Automotive Parts,4420,20.46,3159,AIR_CARGO,76.09,Off_Peak,Carrier_A,5,323184
SHP04594,Mumbai,Rotterdam,Road,Textiles,3008,10.06,9886,LCL,99.86,Peak,Carrier_B,24,124825
SHP04595,Hyderabad,Busan,Air,Electronics,3127,12.55,9732,AIR_CARGO,104.35,Off_Peak,Carrier_D,10,630105
SHP04596,Mumbai,London,Air,Food Products,638,3.03,9442,AIR_CARGO,89.86,Normal,Carrier_B,10,426965
SHP04597,Mumbai,Hamburg,Sea,Textiles,8140,19.14,9739,40FT,113.62,Normal,Carrier_A,22,171691
SHP04598,Kolkata,Dubai,Sea,Solar Panels,2235,5.38,4591,LCL,82.39,Off_Peak,Carrier_B,14,28747
SHP04599,Chennai,Singapore,Road,Textiles,1552,3.89,3204,20FT,77.35,Off_Peak,Carrier_D,9,34383
SHP04600,Visakhapatnam,Colombo,Road,General Cargo,14328,42.11,3934,LCL,79.62,Normal,Carrier_B,11,87008
SHP04601,Pune,New York,Sea,Machinery,15259,35.11,13407,20FT,81.05,Off_Peak,Carrier_A,29,143948
SHP04602,Kolkata,Jebel Ali,Air,Pharmaceuticals,1237,6.33,6549,AIR_CARGO,89.76,Normal,Carrier_A,8,452660
SHP04603,Cochin,New York,Road,Machinery,12158,35.28,4387,40FT_HC,81.16,Normal,Carrier_D,13,157015
SHP04604,Bengaluru,New York,Sea,Automotive Parts,12165,29.6,14658,40FT_HC,87.92,Off_Peak,Carrier_B,32,219654
SHP04605,Kolkata,London,Road,Chemicals,4613,15.48,11213,40FT_HC,86.83,Normal,Carrier_D,26,261171
SHP04606,Chennai,Jebel Ali,Sea,Electronics,3436,8.78,3425,20FT,105.79,Normal,Carrier_A,11,53474
SHP04607,Hyderabad,Busan,Air,Furniture,3328,13.5,10568,AIR_CARGO,107.27,Peak,Carrier_E,11,808475
SHP04608,Hyderabad,Hamburg,Air,Furniture,3434,16.44,7573,AIR_CARGO,96.56,Peak,Carrier_D,9,603062
SHP04609,Hyderabad,Singapore,Sea,Machinery,5374,9.89,3636,LCL,106.62,Peak,Carrier_D,11,47338
SHP04610,Mumbai,Colombo,Sea,Textiles,8280,24.72,1562,40FT,87.83,Normal,Carrier_C,8,74113
SHP04611,Bengaluru,Dubai,Sea,Solar Panels,13520,25.65,3215,40FT_HC,95.6,Normal,Carrier_B,12,135268
SHP04612,Visakhapatnam,New York,Sea,Machinery,27815,58.49,7013,40FT,94.14,Normal,Carrier_B,17,237979
SHP04613,Chennai,Los Angeles,Air,Chemicals,170,0.77,15013,AIR_CARGO,83.82,Peak,Carrier_B,16,870677
SHP04614,Bengaluru,Hamburg,Air,Automotive Parts,1854,9.09,11135,AIR_CARGO,113.44,Peak,Carrier_A,12,928050
SHP04615,Cochin,Busan,Air,Machinery,4390,17.81,3793,AIR_CARGO,77.84,Peak,Carrier_B,6,414638
SHP04616,Chennai,Hamburg,Road,General Cargo,2047,8.28,11299,20FT,75.06,Off_Peak,Carrier_E,26,100367
SHP04617,Kolkata,Dubai,Road,Machinery,4264,11.41,4499,LCL,82.03,Peak,Carrier_A,12,62065
SHP04618,Visakhapatnam,Singapore,Road,Furniture,13980,35.04,3983,20FT,80.04,Peak,Carrier_C,12,129939
SHP04619,Ahmedabad,Singapore,Road,Furniture,8929,22.92,8722,40FT_HC,102.15,Normal,Carrier_E,20,212796
SHP04620,Delhi,Singapore,Air,Chemicals,2254,12.33,4147,AIR_CARGO,113.69,Off_Peak,Carrier_A,7,373130
SHP04621,Pune,Jebel Ali,Road,Machinery,10784,28.81,11467,40FT_HC,111.33,Normal,Carrier_D,26,304364
SHP04622,Delhi,Rotterdam,Road,Pharmaceuticals,7422,21.05,7453,40FT,91.29,Peak,Carrier_E,18,246172
SHP04623,Ahmedabad,New York,Sea,Furniture,11040,27.38,7766,20FT,97.71,Peak,Carrier_D,19,135731
SHP04624,Pune,Hamburg,Air,Furniture,3833,18.55,10082,AIR_CARGO,96.63,Off_Peak,Carrier_D,11,562789
SHP04625,Mumbai,Los Angeles,Air,Solar Panels,959,4.36,14068,AIR_CARGO,76.36,Peak,Carrier_B,15,743030
SHP04626,Pune,New York,Air,Pharmaceuticals,3898,17.52,12817,AIR_CARGO,106.24,Peak,Carrier_C,13,1263755
SHP04627,Hyderabad,Rotterdam,Air,Electronics,3510,17.49,10621,AIR_CARGO,79.63,Normal,Carrier_C,12,652752
SHP04628,Pune,Singapore,Sea,Food Products,6241,11.37,4537,LCL,75.58,Off_Peak,Carrier_C,13,34615
SHP04629,Bengaluru,Singapore,Air,Pharmaceuticals,1826,9.93,3646,AIR_CARGO,82.18,Normal,Carrier_C,6,298020
SHP04630,Bengaluru,Antwerp,Sea,Solar Panels,8747,26.27,3224,20FT,75.37,Normal,Carrier_A,11,74782
SHP04631,Pune,Shanghai,Air,Automotive Parts,3747,16.29,6733,AIR_CARGO,91.24,Off_Peak,Carrier_C,8,442041
SHP04632,Cochin,Jebel Ali,Sea,Automotive Parts,23592,44.92,5504,40FT_HC,85.38,Off_Peak,Carrier_D,15,196150
SHP04633,Hyderabad,Antwerp,Sea,Machinery,20494,47.93,4106,40FT_HC,80.4,Off_Peak,Carrier_D,13,154305
SHP04634,Ahmedabad,London,Road,Electronics,8773,25.27,3657,40FT_HC,78.74,Off_Peak,Carrier_C,11,121341
SHP04635,Mumbai,Dubai,Sea,General Cargo,8026,16.39,1846,40FT,104.79,Normal,Carrier_B,7,68326
SHP04636,Ahmedabad,Hamburg,Air,Textiles,3053,14.66,5562,AIR_CARGO,85.28,Off_Peak,Carrier_A,7,340279
SHP04637,Pune,Shanghai,Road,Textiles,10798,32.72,5234,LCL,85.83,Peak,Carrier_C,14,101168
SHP04638,Ahmedabad,Los Angeles,Road,Electronics,8561,25.67,5691,40FT_HC,87.59,Peak,Carrier_B,14,219921
SHP04639,Ahmedabad,Dubai,Sea,Food Products,4984,10.9,1752,LCL,110.68,Normal,Carrier_E,8,26886
SHP04640,Visakhapatnam,London,Road,Chemicals,13643,37.69,4889,40FT_HC,84.43,Peak,Carrier_E,13,248839
SHP04641,Visakhapatnam,New York,Road,Furniture,13679,39.34,6841,40FT_HC,92.54,Peak,Carrier_A,17,269300
SHP04642,Chennai,Shanghai,Road,Machinery,2006,10.43,5444,40FT_HC,95.01,Peak,Carrier_C,15,139567
SHP04643,Cochin,New York,Road,Food Products,12867,37.33,3809,LCL,78.2,Normal,Carrier_E,11,75398
SHP04644,Hyderabad,Busan,Sea,Food Products,18447,44.81,3778,40FT,79.22,Off_Peak,Carrier_C,11,136091
SHP04645,Pune,Jebel Ali,Sea,General Cargo,22820,44.37,5347,40FT_HC,84.36,Normal,Carrier_C,14,195516
SHP04646,Chennai,Dubai,Air,Electronics,163,0.87,3576,AIR_CARGO,77.16,Normal,Carrier_A,6,164874
SHP04647,Cochin,Dubai,Sea,General Cargo,23298,44.31,6587,40FT,92,Peak,Carrier_A,17,246727
SHP04648,Delhi,New York,Road,Chemicals,7378,23.39,11790,LCL,89.37,Off_Peak,Carrier_B,26,135906
SHP04649,Mumbai,Antwerp,Air,Food Products,1078,4.51,5158,AIR_CARGO,84.09,Peak,Carrier_B,7,306941
SHP04650,Visakhapatnam,Rotterdam,Sea,Electronics,25827,50.55,6184,40FT_HC,88.76,Off_Peak,Carrier_A,16,239508
SHP04651,Delhi,Colombo,Sea,Furniture,14758,36.24,7319,40FT,95.63,Normal,Carrier_C,17,168536
SHP04652,Chennai,Jebel Ali,Sea,Automotive Parts,5926,13.2,3615,40FT_HC,78.39,Peak,Carrier_B,12,91528
SHP04653,Mumbai,Dubai,Sea,Textiles,7141,14.02,1835,40FT_HC,75.94,Peak,Carrier_E,9,70115
SHP04654,Ahmedabad,Los Angeles,Sea,Electronics,4963,15.38,5019,LCL,84.47,Peak,Carrier_B,13,60542
SHP04655,Visakhapatnam,Shanghai,Road,Machinery,14647,42.25,9339,40FT_HC,101.4,Peak,Carrier_A,22,350801
SHP04656,Chennai,Singapore,Air,Food Products,613,3.37,3361,AIR_CARGO,80.84,Normal,Carrier_B,5,158046
SHP04657,Pune,Los Angeles,Road,Textiles,11362,32.79,5568,40FT_HC,86,Normal,Carrier_D,14,169747
SHP04658,Kolkata,Colombo,Air,Solar Panels,1540,6.47,2085,AIR_CARGO,76.15,Peak,Carrier_B,4,196013
SHP04659,Pune,Antwerp,Sea,Pharmaceuticals,6167,21.64,8670,LCL,98.67,Off_Peak,Carrier_A,22,89822
SHP04660,Chennai,Busan,Road,Machinery,1426,11.25,12136,20FT,114.97,Peak,Carrier_B,28,228519
SHP04661,Ahmedabad,Shanghai,Air,Furniture,2598,11.36,3060,AIR_CARGO,75.69,Peak,Carrier_D,5,274370
SHP04662,Delhi,Busan,Sea,Chemicals,10802,31.54,9447,20FT,104.87,Peak,Carrier_A,21,203037
SHP04663,Chennai,Colombo,Sea,Textiles,4203,17.03,997,40FT,76.5,Peak,Carrier_D,7,51165
SHP04664,Chennai,Rotterdam,Road,Pharmaceuticals,1618,6.56,10788,20FT,99.29,Off_Peak,Carrier_A,25,167952
SHP04665,Chennai,Jebel Ali,Sea,Furniture,2757,7.41,3561,20FT,76.95,Normal,Carrier_E,11,32879
SHP04666,Chennai,Singapore,Air,General Cargo,349,1.91,3415,AIR_CARGO,96.51,Peak,Carrier_A,5,215281
SHP04667,Hyderabad,London,Sea,General Cargo,14062,30.86,10365,20FT,107.71,Off_Peak,Carrier_A,24,136475
SHP04668,Kolkata,Jebel Ali,Road,Electronics,4944,14.14,3219,40FT,75.58,Off_Peak,Carrier_C,10,77504
SHP04669,Visakhapatnam,Hamburg,Road,Solar Panels,13646,36.8,6919,LCL,91.43,Normal,Carrier_D,17,124236
SHP04670,Hyderabad,Singapore,Road,General Cargo,9541,23.86,3807,40FT,78.48,Off_Peak,Carrier_D,11,101560
SHP04671,Kolkata,Hamburg,Air,Food Products,1525,7.37,6082,AIR_CARGO,89.94,Peak,Carrier_A,7,407334
SHP04672,Cochin,Busan,Sea,Electronics,23321,53.5,9268,40FT_HC,103.14,Normal,Carrier_C,21,303553
SHP04673,Visakhapatnam,Busan,Air,Pharmaceuticals,4996,20.36,5226,AIR_CARGO,84.05,Normal,Carrier_A,7,580371
SHP04674,Kolkata,Shanghai,Sea,Automotive Parts,10290,27.43,4536,40FT_HC,114.53,Normal,Carrier_E,13,139679
SHP04675,Ahmedabad,Singapore,Road,Food Products,7925,20.14,11434,20FT,111.49,Peak,Carrier_C,27,236725
SHP04676,Kolkata,Rotterdam,Sea,Machinery,2353,7.53,11491,LCL,93.43,Normal,Carrier_A,26,72853
SHP04677,Hyderabad,Hamburg,Sea,Machinery,19870,40.77,9064,40FT_HC,100.58,Normal,Carrier_D,22,232258
SHP04678,Visakhapatnam,Los Angeles,Air,Automotive Parts,4598,21.16,5537,AIR_CARGO,86.17,Off_Peak,Carrier_D,8,424661
SHP04679,Pune,London,Air,Food Products,3766,17.86,9696,AIR_CARGO,96.31,Off_Peak,Carrier_A,11,562277
SHP04680,Cochin,Busan,Sea,Furniture,6514,23.67,8286,LCL,98.38,Normal,Carrier_E,21,70627
SHP04681,Cochin,Jebel Ali,Sea,Solar Panels,25362,48.15,7575,40FT_HC,96.22,Peak,Carrier_A,19,340052
SHP04682,Pune,New York,Sea,Chemicals,21521,46.43,13224,40FT,75.16,Peak,Carrier_E,28,335078
SHP04683,Bengaluru,Colombo,Sea,Textiles,13352,34.22,11163,40FT_HC,112.9,Off_Peak,Carrier_B,25,209376
SHP04684,Cochin,Dubai,Road,Solar Panels,12389,31.99,7348,20FT,93.17,Peak,Carrier_B,18,196546
SHP04685,Delhi,Colombo,Road,Automotive Parts,7051,23.78,11489,20FT,113.44,Off_Peak,Carrier_A,27,196574
SHP04686,Chennai,Shanghai,Road,Machinery,1180,8.7,5513,LCL,100.82,Off_Peak,Carrier_B,14,52396
SHP04687,Pune,Singapore,Sea,Textiles,23068,42.2,4507,40FT_HC,110.55,Off_Peak,Carrier_B,12,173355
SHP04688,Cochin,Jebel Ali,Sea,General Cargo,25147,47.88,4965,40FT_HC,83.62,Off_Peak,Carrier_B,15,181112
SHP04689,Mumbai,Hamburg,Sea,Solar Panels,7188,17.55,9599,40FT,93.21,Normal,Carrier_A,22,159485
SHP04690,Cochin,Antwerp,Road,Solar Panels,13025,39.57,5195,20FT,85.49,Normal,Carrier_E,13,132542
SHP04691,Pune,Colombo,Air,Electronics,3738,15.8,5086,AIR_CARGO,84.45,Normal,Carrier_E,7,411862
SHP04692,Ahmedabad,Hamburg,Sea,Machinery,17975,37.16,4720,40FT_HC,82.94,Normal,Carrier_D,13,164194
SHP04693,Pune,Singapore,Air,Food Products,3763,20.85,4612,AIR_CARGO,81.23,Off_Peak,Carrier_C,6,326853
SHP04694,Visakhapatnam,Colombo,Road,General Cargo,14521,42.35,5731,20FT,88.22,Peak,Carrier_D,14,168725
SHP04695,Hyderabad,Hamburg,Air,Chemicals,3326,15.91,5796,AIR_CARGO,87.17,Off_Peak,Carrier_E,7,415840
SHP04696,Visakhapatnam,Colombo,Air,Chemicals,4986,21.28,5770,AIR_CARGO,86.51,Normal,Carrier_E,8,553458
SHP04697,Kolkata,New York,Road,Electronics,4659,16.89,14480,LCL,95.03,Normal,Carrier_B,33,172312
SHP04698,Delhi,Los Angeles,Air,Furniture,2103,9.53,6157,AIR_CARGO,89.2,Normal,Carrier_C,8,365620
SHP04699,Mumbai,Busan,Sea,General Cargo,6693,24.11,3549,40FT_HC,76.91,Off_Peak,Carrier_C,12,76643
SHP04700,Hyderabad,Rotterdam,Sea,Furniture,18472,36.88,10363,40FT_HC,106.05,Peak,Carrier_A,24,301687
SHP04701,Mumbai,Jebel Ali,Air,Food Products,1055,5.5,1906,AIR_CARGO,78.96,Normal,Carrier_B,4,123177
SHP04702,Chennai,London,Air,Pharmaceuticals,489,2.3,10129,AIR_CARGO,79.14,Normal,Carrier_A,11,533663
SHP04703,Ahmedabad,Los Angeles,Sea,Automotive Parts,4428,14.21,4040,LCL,78.79,Normal,Carrier_A,11,40834
SHP04704,Pune,Singapore,Road,Pharmaceuticals,11498,28.88,4387,20FT,97.89,Normal,Carrier_B,12,139499
SHP04705,Kolkata,Colombo,Road,Chemicals,4520,17.9,2089,20FT,111.19,Normal,Carrier_A,7,72646
SHP04706,Mumbai,Jebel Ali,Road,General Cargo,2877,9.05,1861,40FT_HC,82.13,Off_Peak,Carrier_E,6,42528
SHP04707,Hyderabad,Antwerp,Road,Textiles,9252,29.87,9895,LCL,104.76,Off_Peak,Carrier_C,23,118170
SHP04708,Kolkata,New York,Air,Electronics,1194,5.36,15002,AIR_CARGO,97.95,Peak,Carrier_C,15,1020560
SHP04709,Ahmedabad,Busan,Sea,Textiles,4471,19.32,9028,LCL,101.22,Off_Peak,Carrier_D,21,63768
SHP04710,Visakhapatnam,Jebel Ali,Road,Furniture,13823,36.12,3201,40FT,75.38,Peak,Carrier_A,10,167912
SHP04711,Ahmedabad,Antwerp,Air,Automotive Parts,2858,11.77,6421,AIR_CARGO,90.26,Off_Peak,Carrier_D,8,394608
SHP04712,Ahmedabad,Rotterdam,Road,Electronics,8567,23.96,9682,20FT,88.95,Peak,Carrier_A,23,220572
SHP04713,Kolkata,Jebel Ali,Road,Machinery,4930,13.75,10813,40FT_HC,108.18,Normal,Carrier_B,24,248127
SHP04714,Pune,Shanghai,Air,Automotive Parts,3801,16.52,9018,AIR_CARGO,101.82,Off_Peak,Carrier_C,10,576232
SHP04715,Ahmedabad,Hamburg,Air,Pharmaceuticals,3012,14.44,11516,AIR_CARGO,113.49,Peak,Carrier_B,12,1186750
SHP04716,Cochin,Los Angeles,Sea,General Cargo,7055,19.01,4803,LCL,83.39,Off_Peak,Carrier_E,13,41380
SHP04717,Pune,London,Sea,Pharmaceuticals,15568,33.53,9919,20FT,107.85,Off_Peak,Carrier_D,24,171718
SHP04718,Chennai,Hamburg,Road,Machinery,873,5.29,10713,LCL,92.88,Off_Peak,Carrier_B,25,85695
SHP04719,Visakhapatnam,Hamburg,Road,Furniture,13652,36.89,6137,40FT_HC,90.09,Normal,Carrier_B,15,204633
SHP04720,Delhi,Antwerp,Air,Chemicals,2253,9.32,4382,AIR_CARGO,80.51,Off_Peak,Carrier_B,7,288860
SHP04721,Kolkata,Antwerp,Sea,Automotive Parts,7114,23.17,10810,20FT,112.07,Peak,Carrier_E,25,163146
SHP04722,Kolkata,Jebel Ali,Air,Automotive Parts,1219,6.21,3703,AIR_CARGO,77.76,Off_Peak,Carrier_D,6,186470
SHP04723,Delhi,Shanghai,Road,Solar Panels,6502,21.72,4948,40FT,103.22,Off_Peak,Carrier_E,14,125920
SHP04724,Ahmedabad,Colombo,Air,General Cargo,2829,11.9,2199,AIR_CARGO,93.3,Off_Peak,Carrier_C,5,206533
SHP04725,Ahmedabad,Busan,Air,Machinery,2746,11.1,4629,AIR_CARGO,82.01,Peak,Carrier_B,6,367732
SHP04726,Ahmedabad,Colombo,Road,General Cargo,8357,27.51,2107,20FT,84.09,Normal,Carrier_D,8,67476
SHP04727,Bengaluru,Busan,Sea,Machinery,13069,35.21,11274,40FT,113.89,Off_Peak,Carrier_C,26,194864
SHP04728,Bengaluru,New York,Road,Food Products,6265,20.75,14023,LCL,75.89,Off_Peak,Carrier_E,31,106612
SHP04729,Chennai,Jebel Ali,Road,Machinery,1524,5.59,3503,40FT_HC,104.76,Peak,Carrier_D,11,95289
SHP04730,Chennai,Antwerp,Air,Chemicals,209,0.88,9871,AIR_CARGO,104.26,Off_Peak,Carrier_B,11,536363
SHP04731,Cochin,Dubai,Air,Machinery,4114,22.11,2975,AIR_CARGO,75.41,Normal,Carrier_D,5,307962
SHP04732,Ahmedabad,Los Angeles,Sea,Pharmaceuticals,12255,28.4,8276,20FT,97.17,Off_Peak,Carrier_A,20,139422
SHP04733,Pune,Rotterdam,Road,Textiles,11525,31.41,10301,40FT_HC,106.23,Off_Peak,Carrier_D,24,252419
SHP04734,Cochin,Hamburg,Air,Machinery,4297,20.92,4450,AIR_CARGO,82.34,Peak,Carrier_E,6,444682
SHP04735,Visakhapatnam,New York,Sea,Automotive Parts,26190,54.7,11391,40FT_HC,114.23,Peak,Carrier_B,27,416022
SHP04736,Kolkata,London,Air,Electronics,1335,6.27,11827,AIR_CARGO,94.19,Off_Peak,Carrier_D,12,589067
SHP04737,Bengaluru,Busan,Air,Solar Panels,1666,6.69,10976,AIR_CARGO,108.9,Peak,Carrier_A,12,889310
SHP04738,Hyderabad,Hamburg,Air,Solar Panels,3190,15.37,11223,AIR_CARGO,113.48,Normal,Carrier_E,12,817762
SHP04739,Mumbai,Rotterdam,Air,Automotive Parts,1116,5.52,10000,AIR_CARGO,93.43,Peak,Carrier_C,11,630706
SHP04740,Hyderabad,Antwerp,Air,Furniture,3142,12.9,6887,AIR_CARGO,93.84,Normal,Carrier_A,8,473110
SHP04741,Chennai,Colombo,Air,Textiles,609,2.58,958,AIR_CARGO,97.01,Peak,Carrier_C,3,88581
SHP04742,Bengaluru,Shanghai,Road,Furniture,6356,21.4,6209,LCL,88.78,Off_Peak,Carrier_D,16,70082
SHP04743,Chennai,Jebel Ali,Air,Pharmaceuticals,252,1.31,3528,AIR_CARGO,106.33,Off_Peak,Carrier_B,6,211280
SHP04744,Delhi,Hamburg,Sea,Machinery,14799,31.63,5863,40FT_HC,87.2,Peak,Carrier_B,16,185167
SHP04745,Ahmedabad,Colombo,Sea,Automotive Parts,16715,40.01,2089,40FT,114.7,Peak,Carrier_C,9,171189
SHP04746,Bengaluru,Dubai,Air,Textiles,1972,10.51,3164,AIR_CARGO,110.34,Peak,Carrier_A,5,334629
SHP04747,Hyderabad,Busan,Road,Automotive Parts,10057,32.54,5756,20FT,86.9,Off_Peak,Carrier_C,15,112277
SHP04748,Hyderabad,Shanghai,Sea,Solar Panels,19250,43.2,5315,40FT_HC,97.54,Normal,Carrier_C,14,208998
SHP04749,Ahmedabad,Shanghai,Road,Food Products,8708,27.76,11165,40FT_HC,110.66,Peak,Carrier_E,26,334981
SHP04750,Mumbai,New York,Air,Automotive Parts,669,3.03,13066,AIR_CARGO,108.87,Peak,Carrier_E,14,864994
SHP04751,Delhi,Dubai,Road,Electronics,7497,19.59,2162,40FT_HC,90.56,Off_Peak,Carrier_E,7,88956
SHP04752,Bengaluru,New York,Sea,Chemicals,7733,21.16,14404,20FT,81.23,Peak,Carrier_A,31,196441
SHP04753,Pune,Antwerp,Road,Electronics,11037,34.7,3885,LCL,78.56,Peak,Carrier_A,12,105081
SHP04754,Kolkata,Busan,Road,Textiles,4786,19.83,10809,40FT_HC,110.8,Off_Peak,Carrier_A,24,238414
SHP04755,Chennai,London,Road,Pharmaceuticals,2078,9.19,10457,40FT_HC,83.41,Off_Peak,Carrier_E,24,189606
SHP04756,Cochin,Busan,Air,Furniture,4266,17.09,4589,AIR_CARGO,82.1,Normal,Carrier_A,6,396985
SHP04757,Delhi,Dubai,Air,General Cargo,2408,12.9,2188,AIR_CARGO,77.8,Normal,Carrier_D,4,205038
SHP04758,Hyderabad,Colombo,Air,Food Products,3237,13.9,9690,AIR_CARGO,104.79,Peak,Carrier_D,10,745916
SHP04759,Kolkata,New York,Air,Chemicals,1545,6.92,14434,AIR_CARGO,82.59,Normal,Carrier_D,15,775933
SHP04760,Kolkata,Singapore,Sea,Solar Panels,9892,18.92,2556,40FT,98.45,Normal,Carrier_C,10,93983
SHP04761,Delhi,New York,Road,Electronics,6413,21.02,12329,40FT_HC,87.85,Normal,Carrier_C,28,280429
SHP04762,Ahmedabad,Jebel Ali,Sea,Furniture,4343,10.49,9576,LCL,106.45,Normal,Carrier_A,22,75327
SHP04763,Chennai,Busan,Sea,Machinery,4250,19.37,5641,40FT_HC,87.16,Normal,Carrier_C,16,96688
SHP04764,Visakhapatnam,New York,Sea,Machinery,19702,43.43,5453,20FT,87.04,Off_Peak,Carrier_E,15,106323
SHP04765,Cochin,London,Road,Chemicals,12450,34.46,6714,40FT_HC,90.36,Normal,Carrier_A,16,255722
SHP04766,Chennai,Busan,Road,Textiles,1233,11.03,9694,40FT_HC,105.61,Normal,Carrier_D,22,204164
SHP04767,Chennai,London,Road,Pharmaceuticals,2057,8.8,10548,40FT_HC,78.39,Off_Peak,Carrier_B,25,192969
SHP04768,Hyderabad,Shanghai,Air,Automotive Parts,3522,15.34,5151,AIR_CARGO,80.3,Normal,Carrier_B,7,398721
SHP04769,Visakhapatnam,Jebel Ali,Air,Textiles,4553,23.42,10545,AIR_CARGO,109.38,Normal,Carrier_E,11,738129
SHP04770,Chennai,New York,Sea,Chemicals,2243,12.02,13571,20FT,113.43,Off_Peak,Carrier_C,30,142083
SHP04771,Mumbai,Singapore,Sea,Electronics,7350,13.64,4412,40FT_HC,98.3,Off_Peak,Carrier_E,13,91195
SHP04772,Kolkata,Singapore,Sea,Pharmaceuticals,10211,18.86,2544,40FT,94.91,Peak,Carrier_A,10,134199
SHP04773,Hyderabad,Jebel Ali,Air,General Cargo,3123,16.11,2873,AIR_CARGO,92.86,Off_Peak,Carrier_A,5,259610
SHP04774,Pune,London,Road,General Cargo,11535,32.24,10010,LCL,88.75,Peak,Carrier_A,24,161054
SHP04775,Pune,New York,Road,Food Products,11289,33.48,13041,40FT,78.44,Peak,Carrier_D,29,301862
SHP04776,Chennai,Los Angeles,Road,Machinery,2198,10.1,16431,20FT,87.66,Normal,Carrier_D,36,194909
SHP04777,Chennai,Shanghai,Sea,General Cargo,4526,16.28,5352,40FT,107.87,Peak,Carrier_A,15,117711
SHP04778,Mumbai,Shanghai,Road,Furniture,2586,12.43,6122,40FT_HC,80.15,Peak,Carrier_E,16,130923
SHP04779,Chennai,Shanghai,Road,General Cargo,1416,9.16,5852,20FT,111.02,Off_Peak,Carrier_A,15,85176
SHP04780,Ahmedabad,Colombo,Road,Chemicals,7967,26.29,2195,40FT_HC,95.63,Peak,Carrier_C,8,148518
SHP04781,Pune,Dubai,Sea,Electronics,21000,39.89,2080,40FT_HC,99.01,Off_Peak,Carrier_D,8,161205
SHP04782,Mumbai,Jebel Ali,Air,General Cargo,1062,5.49,1943,AIR_CARGO,91.33,Off_Peak,Carrier_C,4,120568
SHP04783,Kolkata,Dubai,Sea,Machinery,9889,19.32,4464,40FT,81.92,Peak,Carrier_C,13,113902
SHP04784,Visakhapatnam,Dubai,Sea,Textiles,26399,49.28,7967,40FT,97.09,Peak,Carrier_A,19,287805
SHP04785,Cochin,Jebel Ali,Sea,Solar Panels,23686,45.59,10757,40FT_HC,111.82,Off_Peak,Carrier_D,25,283853
SHP04786,Bengaluru,Jebel Ali,Road,General Cargo,5622,16.03,8045,LCL,96.16,Off_Peak,Carrier_C,20,82170
SHP04787,Bengaluru,Antwerp,Air,General Cargo,1917,8,5174,AIR_CARGO,85.75,Peak,Carrier_D,7,362346
SHP04788,Chennai,Rotterdam,Road,Pharmaceuticals,1066,4.74,11437,LCL,90.84,Peak,Carrier_E,26,152565
SHP04789,Bengaluru,Colombo,Air,Pharmaceuticals,1885,7.93,8419,AIR_CARGO,99.63,Off_Peak,Carrier_D,9,540898
SHP04790,Chennai,Antwerp,Air,Solar Panels,237,0.99,4105,AIR_CARGO,79.19,Normal,Carrier_D,6,186783
SHP04791,Chennai,Dubai,Air,Electronics,154,0.83,3652,AIR_CARGO,113.06,Normal,Carrier_D,6,229548
SHP04792,Pune,London,Sea,General Cargo,21441,44.69,9884,40FT,93.85,Off_Peak,Carrier_C,23,198244
SHP04793,Bengaluru,Hamburg,Road,Automotive Parts,5258,16.32,9789,40FT_HC,105.58,Off_Peak,Carrier_B,23,219248
SHP04794,Bengaluru,Singapore,Road,Textiles,5839,15.18,3454,LCL,107.58,Off_Peak,Carrier_C,10,50226
SHP04795,Bengaluru,Antwerp,Sea,Automotive Parts,12749,33.52,7895,40FT_HC,96.74,Normal,Carrier_B,18,191970
SHP04796,Visakhapatnam,Singapore,Road,Solar Panels,13598,34.64,7687,40FT,95.37,Peak,Carrier_E,19,276620
SHP04797,Delhi,New York,Road,Textiles,6645,21.32,12015,LCL,79.39,Normal,Carrier_C,28,115084
SHP04798,Delhi,New York,Air,Furniture,2247,10.03,12123,AIR_CARGO,102.93,Off_Peak,Carrier_D,13,608397
SHP04799,Bengaluru,Antwerp,Air,Solar Panels,1681,6.89,3397,AIR_CARGO,77.23,Normal,Carrier_A,6,234917
SHP04800,Ahmedabad,Busan,Air,Machinery,2718,10.93,6743,AIR_CARGO,90.48,Peak,Carrier_A,8,514172
SHP04801,Delhi,Shanghai,Sea,Chemicals,4045,15.75,4613,LCL,96.97,Peak,Carrier_A,14,67617
SHP04802,Chennai,New York,Road,Electronics,2001,10.16,14831,40FT_HC,83.08,Normal,Carrier_E,32,267532
SHP04803,Ahmedabad,Los Angeles,Road,Machinery,9055,26.87,8728,40FT_HC,100.57,Off_Peak,Carrier_B,20,202806
SHP04804,Cochin,Los Angeles,Air,Food Products,4400,20.29,5636,AIR_CARGO,87.8,Normal,Carrier_C,7,445621
SHP04805,Bengaluru,Antwerp,Sea,Pharmaceuticals,11687,31.34,10694,40FT_HC,109.02,Normal,Carrier_D,24,273715
SHP04806,Chennai,Shanghai,Sea,Pharmaceuticals,3326,15.01,5791,20FT,97.21,Off_Peak,Carrier_A,16,77144
SHP04807,Mumbai,Antwerp,Road,Food Products,2424,13.2,4985,20FT,84.04,Normal,Carrier_D,13,69345
SHP04808,Chennai,Rotterdam,Road,Food Products,2035,7.19,10592,40FT,90.08,Normal,Carrier_A,25,183657
SHP04809,Bengaluru,Jebel Ali,Road,Electronics,5201,14.4,3352,40FT,76.41,Peak,Carrier_C,10,109713
SHP04810,Ahmedabad,Busan,Sea,Electronics,17717,43.22,9621,40FT,104.38,Peak,Carrier_E,22,295338
SHP04811,Visakhapatnam,Hamburg,Sea,Solar Panels,26090,52.37,3775,40FT_HC,78.79,Normal,Carrier_E,12,219450
SHP04812,Delhi,Singapore,Air,Electronics,2175,11.78,4019,AIR_CARGO,114.61,Peak,Carrier_D,6,451600
SHP04813,Chennai,Jebel Ali,Air,Textiles,484,2.52,3635,AIR_CARGO,78.51,Off_Peak,Carrier_D,6,138663
SHP04814,Kolkata,Hamburg,Air,Automotive Parts,1597,7.81,11528,AIR_CARGO,113.13,Normal,Carrier_C,12,751244
SHP04815,Chennai,Rotterdam,Road,Solar Panels,1275,5.38,11478,40FT_HC,93.2,Peak,Carrier_B,27,274203
SHP04816,Kolkata,London,Sea,Solar Panels,9806,23.62,11698,40FT_HC,111.2,Peak,Carrier_C,26,282812
SHP04817,Kolkata,London,Air,Food Products,1176,5.52,11897,AIR_CARGO,94.1,Normal,Carrier_D,13,573990
SHP04818,Mumbai,Hamburg,Sea,Pharmaceuticals,7775,19.01,10109,40FT_HC,95.58,Peak,Carrier_E,23,237365
SHP04819,Delhi,Singapore,Road,Pharmaceuticals,6697,17.07,4273,40FT_HC,80.51,Normal,Carrier_A,12,148333
SHP04820,Kolkata,Antwerp,Road,Solar Panels,4005,16.94,7881,40FT_HC,97.08,Off_Peak,Carrier_A,20,182983
SHP04821,Visakhapatnam,Colombo,Sea,Furniture,27977,59.97,6163,40FT,89.51,Peak,Carrier_C,16,280976
SHP04822,Visakhapatnam,Antwerp,Road,Food Products,13721,41.59,5384,40FT,85,Normal,Carrier_B,14,174235
SHP04823,Cochin,New York,Air,Electronics,4131,18.37,7059,AIR_CARGO,91.59,Off_Peak,Carrier_D,8,517236
SHP04824,Bengaluru,Rotterdam,Air,Electronics,1640,8.28,10587,AIR_CARGO,110.32,Peak,Carrier_B,11,874477
SHP04825,Chennai,Dubai,Road,Solar Panels,2143,6.49,3675,40FT_HC,97.63,Off_Peak,Carrier_C,10,78696
SHP04826,Bengaluru,Shanghai,Sea,Food Products,12745,31.72,8403,40FT,100.46,Off_Peak,Carrier_E,20,146931
SHP04827,Mumbai,Busan,Sea,Solar Panels,1944,15.19,11045,LCL,110.05,Peak,Carrier_B,25,111764
SHP04828,Chennai,Colombo,Sea,Electronics,4138,17.35,980,40FT_HC,114.61,Off_Peak,Carrier_D,6,50698
SHP04829,Ahmedabad,London,Air,Machinery,2928,13.84,10506,AIR_CARGO,109.83,Off_Peak,Carrier_E,12,582838
SHP04830,Hyderabad,Colombo,Air,Solar Panels,3399,14.43,9419,AIR_CARGO,103.21,Peak,Carrier_C,10,825006
SHP04831,Cochin,Dubai,Road,Machinery,13046,33.33,4919,LCL,84.27,Normal,Carrier_D,14,87390
SHP04832,Chennai,Rotterdam,Sea,General Cargo,4074,10.44,10976,40FT_HC,76.05,Peak,Carrier_D,25,147603
SHP04833,Pune,Colombo,Air,Machinery,3831,16.29,5032,AIR_CARGO,83.97,Normal,Carrier_C,7,383342
SHP04834,Bengaluru,London,Air,Electronics,1710,8.01,10888,AIR_CARGO,114.83,Peak,Carrier_B,12,944921
SHP04835,Pune,Hamburg,Sea,General Cargo,22886,46.37,9877,40FT,90.92,Peak,Carrier_C,24,276550
SHP04836,Ahmedabad,London,Sea,General Cargo,16579,35.23,10806,40FT_HC,109.11,Peak,Carrier_D,24,292777
SHP04837,Kolkata,Singapore,Road,Furniture,4057,10.73,2414,LCL,78.96,Peak,Carrier_D,8,39217
SHP04838,Cochin,New York,Sea,Furniture,25097,53.15,7122,40FT_HC,93.96,Off_Peak,Carrier_C,19,214279
SHP04839,Visakhapatnam,New York,Sea,Food Products,25672,54.05,5732,40FT,88.44,Off_Peak,Carrier_D,16,184442
SHP04840,Visakhapatnam,Hamburg,Sea,Furniture,26208,51.87,10341,40FT_HC,107.52,Off_Peak,Carrier_E,23,244663
SHP04841,Cochin,Antwerp,Air,Furniture,4037,16.66,7461,AIR_CARGO,96.33,Peak,Carrier_C,9,627737
SHP04842,Ahmedabad,Antwerp,Road,Electronics,7814,26.8,6662,40FT_HC,89.91,Peak,Carrier_C,16,234714
SHP04843,Kolkata,Singapore,Road,Food Products,4835,12.44,2577,LCL,95,Peak,Carrier_C,8,48469
SHP04844,Ahmedabad,Hamburg,Road,Textiles,8372,24.12,3333,LCL,77.13,Normal,Carrier_B,10,57275
SHP04845,Kolkata,London,Sea,Furniture,2572,9.82,11650,LCL,96.83,Normal,Carrier_B,26,76742
SHP04846,Cochin,Dubai,Sea,Electronics,24910,46.52,5186,40FT_HC,85.73,Normal,Carrier_C,15,241147
SHP04847,Hyderabad,Colombo,Sea,Machinery,19549,44.7,11363,40FT_HC,112.95,Normal,Carrier_E,25,259584
SHP04848,Hyderabad,Colombo,Air,General Cargo,3115,13.13,3756,AIR_CARGO,78.8,Off_Peak,Carrier_D,5,254527
SHP04849,Mumbai,Shanghai,Air,Solar Panels,1092,4.71,6332,AIR_CARGO,112.89,Peak,Carrier_B,8,521972
SHP04850,Cochin,Shanghai,Air,Chemicals,4139,17.96,6672,AIR_CARGO,92.18,Peak,Carrier_E,8,696191
SHP04851,Pune,Antwerp,Air,Furniture,3983,16.51,3779,AIR_CARGO,78.08,Off_Peak,Carrier_B,6,290158
SHP04852,Kolkata,Antwerp,Air,Automotive Parts,1158,4.84,8795,AIR_CARGO,99.36,Normal,Carrier_C,10,509699
SHP04853,Cochin,Colombo,Sea,Machinery,6895,22.28,3276,LCL,76.4,Off_Peak,Carrier_D,11,37512
SHP04854,Hyderabad,Busan,Air,General Cargo,3210,12.95,10035,AIR_CARGO,104.25,Off_Peak,Carrier_B,11,562630
SHP04855,Ahmedabad,Jebel Ali,Sea,Furniture,4509,10.73,6542,LCL,90.47,Off_Peak,Carrier_D,17,44731
SHP04856,Mumbai,Dubai,Sea,Chemicals,8554,16.6,1861,40FT_HC,108.35,Off_Peak,Carrier_D,8,84274
SHP04857,Chennai,Shanghai,Road,Pharmaceuticals,2032,10.84,5603,40FT_HC,93.21,Normal,Carrier_C,15,145403
SHP04858,Kolkata,Shanghai,Sea,Electronics,6967,21.56,4519,20FT,79.57,Peak,Carrier_B,14,91150
SHP04859,Cochin,Colombo,Road,Machinery,12801,38.01,9489,20FT,102.72,Peak,Carrier_E,22,216640
SHP04860,Visakhapatnam,Dubai,Sea,Automotive Parts,7897,15.77,6627,LCL,90.15,Normal,Carrier_D,16,65452
SHP04861,Chennai,Singapore,Sea,Furniture,4279,8.25,3215,40FT_HC,110.68,Off_Peak,Carrier_C,11,57653
SHP04862,Bengaluru,Hamburg,Sea,Solar Panels,13579,29.25,10151,40FT_HC,106.5,Off_Peak,Carrier_C,24,205365
SHP04863,Mumbai,Dubai,Sea,Pharmaceuticals,6463,13,1924,40FT,106.76,Off_Peak,Carrier_E,8,64855
SHP04864,Mumbai,Antwerp,Road,Automotive Parts,3010,14.7,9137,LCL,100.54,Peak,Carrier_C,22,131224
SHP04865,Bengaluru,Los Angeles,Road,Furniture,5644,18.57,15586,20FT,79.86,Off_Peak,Carrier_E,35,156374
SHP04866,Delhi,Antwerp,Air,General Cargo,2432,9.98,5997,AIR_CARGO,88.27,Peak,Carrier_D,8,438346
SHP04867,Mumbai,Jebel Ali,Road,Solar Panels,3590,10.31,1942,40FT_HC,107.22,Peak,Carrier_E,7,83659
SHP04868,Hyderabad,Los Angeles,Road,Automotive Parts,10565,30.84,14805,40FT_HC,104.64,Normal,Carrier_D,33,390612
SHP04869,Kolkata,Busan,Road,Pharmaceuticals,3603,16.4,5375,40FT_HC,85.69,Normal,Carrier_C,14,152407
SHP04870,Bengaluru,Jebel Ali,Sea,General Cargo,9152,19.29,11630,20FT,113.79,Peak,Carrier_E,26,163006
SHP04871,Kolkata,Hamburg,Sea,Pharmaceuticals,2248,8.51,2980,LCL,75.34,Peak,Carrier_B,11,34485
SHP04872,Pune,New York,Sea,Furniture,23091,49.16,13918,40FT_HC,112.47,Normal,Carrier_A,30,340194
SHP04873,Cochin,London,Sea,General Cargo,17695,37.77,6839,20FT,92.42,Off_Peak,Carrier_A,18,119733
SHP04874,Delhi,New York,Air,Food Products,2450,11.09,11679,AIR_CARGO,92.55,Peak,Carrier_A,13,792722
SHP04875,Chennai,Colombo,Air,Furniture,167,0.72,927,AIR_CARGO,104.29,Peak,Carrier_B,3,64051
SHP04876,Cochin,Antwerp,Road,Food Products,12458,37.99,6644,20FT,90.71,Peak,Carrier_A,16,176526
SHP04877,Ahmedabad,Antwerp,Sea,Solar Panels,18136,43.51,8607,40FT_HC,98.51,Normal,Carrier_A,21,257066
SHP04878,Cochin,Shanghai,Road,Food Products,13320,39.21,11334,40FT_HC,112.08,Off_Peak,Carrier_B,26,296389
SHP04879,Mumbai,Colombo,Air,Furniture,1081,4.56,1580,AIR_CARGO,99.61,Normal,Carrier_E,4,120335
SHP04880,Visakhapatnam,Los Angeles,Air,Textiles,4583,21.09,3184,AIR_CARGO,75.28,Off_Peak,Carrier_C,5,299138
SHP04881,Ahmedabad,Singapore,Sea,Pharmaceuticals,16334,29.83,5004,40FT,84.19,Peak,Carrier_D,14,209389
SHP04882,Visakhapatnam,Rotterdam,Sea,Pharmaceuticals,19913,40.17,6444,20FT,91.77,Off_Peak,Carrier_C,17,149118
SHP04883,Ahmedabad,Busan,Sea,Pharmaceuticals,16369,40.98,7931,40FT,95.53,Off_Peak,Carrier_C,20,209333
SHP04884,Visakhapatnam,Singapore,Air,Pharmaceuticals,4646,25.71,5592,AIR_CARGO,86.71,Normal,Carrier_B,7,593378
SHP04885,Delhi,Hamburg,Air,Textiles,2216,10.62,3909,AIR_CARGO,79.05,Normal,Carrier_A,6,265700
SHP04886,Ahmedabad,Colombo,Road,Textiles,8737,28.35,2103,40FT_HC,114.67,Normal,Carrier_A,8,120271
SHP04887,Hyderabad,New York,Air,Pharmaceuticals,3279,14.5,5966,AIR_CARGO,87.88,Normal,Carrier_D,7,525065
SHP04888,Chennai,Dubai,Road,Solar Panels,1386,4.19,3413,20FT,81.56,Peak,Carrier_B,10,55876
SHP04889,Delhi,Antwerp,Road,Automotive Parts,6773,23.96,9021,40FT_HC,102.69,Peak,Carrier_A,21,301332
SHP04890,Hyderabad,Antwerp,Road,General Cargo,9479,30.77,3158,LCL,76.09,Off_Peak,Carrier_C,10,53786
SHP04891,Pune,Colombo,Air,Chemicals,4025,17.13,7267,AIR_CARGO,92.72,Normal,Carrier_E,9,594741
SHP04892,Hyderabad,Antwerp,Road,Textiles,10073,32.43,7793,20FT,96.69,Peak,Carrier_E,19,170735
SHP04893,Mumbai,Hamburg,Air,Furniture,1035,4.96,10457,AIR_CARGO,76.1,Peak,Carrier_E,11,487852
SHP04894,Ahmedabad,Rotterdam,Air,Furniture,2942,14.82,9838,AIR_CARGO,113.15,Peak,Carrier_C,11,807106
SHP04895,Pune,Hamburg,Air,Solar Panels,4003,19.62,9865,AIR_CARGO,101.96,Off_Peak,Carrier_A,11,693227
SHP04896,Kolkata,Antwerp,Air,Chemicals,1452,6.02,4112,AIR_CARGO,80.43,Off_Peak,Carrier_C,6,236052
SHP04897,Visakhapatnam,London,Air,Electronics,4757,22.39,3239,AIR_CARGO,75.96,Normal,Carrier_C,5,397552
SHP04898,Pune,Busan,Air,Machinery,3751,15.35,4747,AIR_CARGO,83.48,Off_Peak,Carrier_D,7,323357
SHP04899,Kolkata,Dubai,Air,Furniture,1147,5.99,11297,AIR_CARGO,110.57,Normal,Carrier_E,12,612660
SHP04900,Kolkata,Busan,Air,Pharmaceuticals,1451,5.83,11094,AIR_CARGO,110.93,Normal,Carrier_A,12,871549
SHP04901,Cochin,Dubai,Sea,Automotive Parts,6693,13.7,5279,LCL,84.43,Off_Peak,Carrier_A,16,47143
SHP04902,Chennai,Hamburg,Air,Electronics,315,1.55,10900,AIR_CARGO,108.9,Off_Peak,Carrier_D,11,590179
SHP04903,Cochin,Shanghai,Road,Chemicals,12595,37,10540,20FT,106.35,Normal,Carrier_B,24,253703
SHP04904,Hyderabad,Dubai,Sea,Food Products,18741,35.65,2748,40FT_HC,110.25,Off_Peak,Carrier_C,11,135194
SHP04905,Pune,Busan,Air,Chemicals,3618,14.66,4287,AIR_CARGO,80.69,Peak,Carrier_A,6,502662
SHP04906,Bengaluru,Dubai,Air,Solar Panels,1868,9.82,3200,AIR_CARGO,87.17,Normal,Carrier_D,5,248887
SHP04907,Bengaluru,London,Sea,Pharmaceuticals,11833,27.13,10502,40FT_HC,84.65,Peak,Carrier_B,24,274820
SHP04908,Mumbai,Dubai,Road,Automotive Parts,2233,6.8,2025,40FT,94.69,Off_Peak,Carrier_E,7,43460
SHP04909,Kolkata,Dubai,Road,Machinery,4823,13.19,3055,40FT,75.19,Peak,Carrier_D,9,86022
SHP04910,Pune,New York,Road,Solar Panels,11050,32.39,13588,20FT,99.44,Normal,Carrier_A,31,266218
SHP04911,Pune,Jebel Ali,Road,Automotive Parts,11000,29.19,8652,40FT_HC,102.02,Off_Peak,Carrier_E,21,216603
SHP04912,Pune,Shanghai,Road,Machinery,11233,33.7,9548,LCL,103.47,Peak,Carrier_C,23,165405
SHP04913,Ahmedabad,Shanghai,Road,Machinery,8366,26.61,11936,20FT,112.92,Normal,Carrier_A,27,223793
SHP04914,Visakhapatnam,Busan,Air,Food Products,4530,18.31,8738,AIR_CARGO,98.96,Normal,Carrier_D,10,614378
SHP04915,Delhi,London,Sea,General Cargo,3853,12.27,6622,LCL,114.79,Peak,Carrier_D,17,70609
SHP04916,Hyderabad,Dubai,Air,General Cargo,3480,18.67,2637,AIR_CARGO,110.54,Peak,Carrier_B,5,382621
SHP04917,Kolkata,Jebel Ali,Air,Food Products,1269,6.49,7396,AIR_CARGO,94.06,Peak,Carrier_C,8,464048
SHP04918,Kolkata,Hamburg,Sea,Automotive Parts,8857,20.84,8673,40FT_HC,100.87,Normal,Carrier_B,22,170043
SHP04919,Cochin,Jebel Ali,Air,General Cargo,4188,21.26,8416,AIR_CARGO,101.03,Off_Peak,Carrier_B,10,545352
SHP04920,Visakhapatnam,Shanghai,Sea,Furniture,7700,22.76,3180,LCL,76.42,Peak,Carrier_A,11,56403
SHP04921,Visakhapatnam,New York,Air,Solar Panels,4999,22.25,7950,AIR_CARGO,97.92,Normal,Carrier_A,9,709459
SHP04922,Cochin,Colombo,Sea,Chemicals,24568,54.06,8157,40FT,98.28,Off_Peak,Carrier_C,20,249921
SHP04923,Kolkata,Los Angeles,Air,Food Products,1155,5.37,3663,AIR_CARGO,78.73,Peak,Carrier_D,6,227978
SHP04924,Mumbai,Hamburg,Sea,Electronics,1985,7.73,9782,LCL,80.31,Normal,Carrier_D,23,60996
SHP04925,Chennai,Los Angeles,Air,Electronics,537,2.48,16487,AIR_CARGO,105.6,Peak,Carrier_C,16,1167700
SHP04926,Hyderabad,London,Sea,Electronics,19726,41.08,5204,40FT_HC,85.74,Normal,Carrier_A,15,219043
SHP04927,Ahmedabad,New York,Road,Electronics,8492,26.05,10717,40FT_HC,110.96,Normal,Carrier_A,25,333501
SHP04928,Kolkata,New York,Air,Machinery,1249,5.54,14820,AIR_CARGO,75.97,Normal,Carrier_E,15,568275
SHP04929,Hyderabad,Shanghai,Road,Pharmaceuticals,9340,28.71,5326,LCL,105.89,Peak,Carrier_C,14,141638
SHP04930,Bengaluru,London,Air,Automotive Parts,2014,9.45,10827,AIR_CARGO,79.91,Off_Peak,Carrier_D,11,488470
SHP04931,Chennai,Dubai,Air,Automotive Parts,316,1.69,3579,AIR_CARGO,94.64,Off_Peak,Carrier_A,5,175238
SHP04932,Bengaluru,Hamburg,Air,Furniture,2032,9.83,8451,AIR_CARGO,98.23,Peak,Carrier_E,10,555733
SHP04933,Pune,Dubai,Sea,General Cargo,21007,40.02,1975,40FT_HC,84.25,Peak,Carrier_C,9,181777
SHP04934,Kolkata,Colombo,Air,Food Products,1597,6.73,2111,AIR_CARGO,92.06,Peak,Carrier_A,4,205279
SHP04935,Visakhapatnam,Shanghai,Road,Chemicals,13508,39.23,8656,40FT_HC,100.4,Normal,Carrier_C,20,314508
SHP04936,Delhi,Singapore,Road,Food Products,7631,19.29,3989,40FT_HC,84.97,Normal,Carrier_E,11,112316
SHP04937,Ahmedabad,Dubai,Sea,Electronics,17166,32.64,1767,40FT_HC,80.05,Off_Peak,Carrier_A,8,129548
SHP04938,Visakhapatnam,Jebel Ali,Road,Electronics,13453,35.03,5731,40FT,88.24,Off_Peak,Carrier_A,15,183291
SHP04939,Cochin,Hamburg,Sea,Pharmaceuticals,24536,49.34,11401,40FT_HC,111.07,Off_Peak,Carrier_A,25,354473
SHP04940,Chennai,Singapore,Air,Automotive Parts,378,2.06,3159,AIR_CARGO,77.48,Normal,Carrier_D,5,142991
SHP04941,Bengaluru,New York,Sea,General Cargo,11596,28.66,14739,40FT_HC,94.59,Normal,Carrier_D,32,233775
SHP04942,Bengaluru,Shanghai,Road,Machinery,6034,20.86,4100,40FT_HC,79.41,Peak,Carrier_B,11,133362
SHP04943,Hyderabad,Colombo,Sea,Chemicals,13216,33.11,3778,20FT,78.82,Normal,Carrier_B,11,105221
SHP04944,Pune,New York,Road,Furniture,11064,32.57,13252,40FT_HC,88.95,Normal,Carrier_C,30,297314
SHP04945,Delhi,Los Angeles,Sea,Furniture,13769,31.13,8522,40FT_HC,98.5,Peak,Carrier_D,20,225211
SHP04946,Delhi,Dubai,Road,Solar Panels,6833,17.88,2297,LCL,105.82,Normal,Carrier_E,8,52624
SHP04947,Bengaluru,Rotterdam,Air,Automotive Parts,1701,8.42,10771,AIR_CARGO,110.93,Normal,Carrier_A,12,735721
SHP04948,Hyderabad,Busan,Sea,General Cargo,19692,46.95,7942,40FT_HC,95.6,Off_Peak,Carrier_E,19,184471
SHP04949,Cochin,Los Angeles,Road,Automotive Parts,13181,37.42,11333,LCL,110.36,Off_Peak,Carrier_B,25,160463
SHP04950,Mumbai,Hamburg,Air,Furniture,700,3.38,9971,AIR_CARGO,104.04,Normal,Carrier_C,11,527164
SHP04951,Mumbai,Busan,Sea,Automotive Parts,5192,20.62,5270,20FT,84.62,Off_Peak,Carrier_D,15,63020
SHP04952,Kolkata,Antwerp,Air,Furniture,1287,5.36,5609,AIR_CARGO,85.6,Normal,Carrier_C,7,282334
SHP04953,Hyderabad,New York,Road,Chemicals,10234,30.41,10838,40FT,109.99,Peak,Carrier_D,25,403150
SHP04954,Hyderabad,Singapore,Road,Textiles,9577,24.24,3884,40FT_HC,91.64,Peak,Carrier_D,12,159016
SHP04955,Cochin,Shanghai,Sea,Textiles,6563,20.68,3699,LCL,78.61,Off_Peak,Carrier_D,13,38095
SHP04956,Hyderabad,New York,Air,Electronics,3151,14.13,9141,AIR_CARGO,103.59,Off_Peak,Carrier_E,10,591243
SHP04957,Delhi,Antwerp,Air,Textiles,2384,9.83,11651,AIR_CARGO,113.73,Peak,Carrier_D,12,898795
SHP04958,Kolkata,London,Sea,Machinery,10277,24.07,11548,40FT_HC,75.39,Normal,Carrier_B,26,164949
SHP04959,Delhi,Los Angeles,Sea,Machinery,10592,26.24,5946,20FT,87.8,Peak,Carrier_A,15,112461
SHP04960,Cochin,Dubai,Air,Automotive Parts,4413,23.73,11618,AIR_CARGO,112.67,Peak,Carrier_C,12,1096074
SHP04961,Mumbai,Colombo,Air,Pharmaceuticals,721,3.04,1634,AIR_CARGO,91.9,Peak,Carrier_A,4,166720
SHP04962,Kolkata,Shanghai,Sea,Electronics,11016,28.47,4500,40FT,85.9,Off_Peak,Carrier_E,14,108469
SHP04963,Ahmedabad,Antwerp,Sea,Chemicals,4891,19.13,6265,LCL,90.63,Off_Peak,Carrier_A,17,60398
SHP04964,Kolkata,Hamburg,Road,Textiles,4293,13.86,3256,LCL,75.62,Normal,Carrier_C,10,41124
SHP04965,Bengaluru,Los Angeles,Sea,Food Products,13032,29.78,15772,40FT_HC,89.41,Normal,Carrier_B,34,239327
SHP04966,Ahmedabad,Colombo,Air,Electronics,2699,11.48,2029,AIR_CARGO,80.26,Peak,Carrier_C,4,287752
SHP04967,Pune,Antwerp,Sea,Automotive Parts,22156,50.44,9290,40FT_HC,102.61,Normal,Carrier_A,22,288303
SHP04968,Cochin,Shanghai,Sea,General Cargo,25057,54.26,9586,40FT,102.94,Peak,Carrier_D,23,314239
SHP04969,Visakhapatnam,Colombo,Sea,Chemicals,18998,43.98,3566,20FT,78.24,Normal,Carrier_A,11,143131
SHP04970,Kolkata,Antwerp,Road,Solar Panels,3957,16.97,10973,LCL,112.08,Normal,Carrier_D,25,148222
SHP04971,Delhi,New York,Sea,General Cargo,9672,25.58,11251,20FT,111.39,Peak,Carrier_B,26,175378
SHP04972,Ahmedabad,Rotterdam,Air,Electronics,3001,15,10069,AIR_CARGO,79.11,Normal,Carrier_A,12,637921
SHP04973,Delhi,Rotterdam,Air,Textiles,2234,11.23,7222,AIR_CARGO,85.43,Normal,Carrier_E,9,387891
SHP04974,Cochin,Dubai,Sea,General Cargo,23504,44.46,7235,40FT_HC,93.25,Peak,Carrier_D,18,272618
SHP04975,Hyderabad,Antwerp,Road,Chemicals,9891,32,4199,20FT,81.06,Peak,Carrier_C,11,141247
SHP04976,Pune,Busan,Sea,Solar Panels,22840,52.66,11517,40FT_HC,114.02,Normal,Carrier_D,26,336902
SHP04977,Chennai,Hamburg,Road,Electronics,2037,8.32,10804,40FT_HC,92.01,Normal,Carrier_E,25,218249
SHP04978,Ahmedabad,Hamburg,Sea,Food Products,17767,36.97,4469,40FT_HC,82.33,Normal,Carrier_E,13,152271
SHP04979,Chennai,Dubai,Air,Textiles,161,0.84,3507,AIR_CARGO,107.57,Peak,Carrier_A,6,230987
SHP04980,Mumbai,Colombo,Sea,Pharmaceuticals,7346,22.84,1666,40FT_HC,107.7,Off_Peak,Carrier_A,8,92269
SHP04981,Hyderabad,Antwerp,Sea,Chemicals,13722,35.29,10223,20FT,109.13,Off_Peak,Carrier_E,24,154729
SHP04982,Kolkata,Antwerp,Road,Machinery,3812,16.62,3558,40FT_HC,77.34,Peak,Carrier_B,11,103469
SHP04983,Visakhapatnam,Antwerp,Air,Machinery,4530,18.75,9733,AIR_CARGO,104.13,Off_Peak,Carrier_A,10,637879
SHP04984,Delhi,Los Angeles,Air,Solar Panels,2112,9.57,6773,AIR_CARGO,91.29,Peak,Carrier_D,9,537287
SHP04985,Visakhapatnam,Hamburg,Road,Pharmaceuticals,14068,38.01,11271,40FT_HC,109.45,Peak,Carrier_E,26,481318
SHP04986,Visakhapatnam,Rotterdam,Sea,Food Products,7314,17.23,6776,LCL,92.6,Off_Peak,Carrier_A,18,56773
SHP04987,Kolkata,Colombo,Sea,Textiles,6073,20.53,2030,20FT,76.9,Peak,Carrier_E,8,53769
SHP04988,Mumbai,Jebel Ali,Air,Automotive Parts,684,3.54,1900,AIR_CARGO,94.56,Peak,Carrier_B,4,153763
SHP04989,Ahmedabad,Colombo,Sea,Automotive Parts,4815,18.68,2065,LCL,87.68,Peak,Carrier_D,9,41418
SHP04990,Chennai,Jebel Ali,Air,Textiles,336,1.74,3390,AIR_CARGO,106.83,Off_Peak,Carrier_B,5,165514
SHP04991,Bengaluru,Busan,Sea,General Cargo,3282,17.01,5851,LCL,87.65,Off_Peak,Carrier_C,16,40691
SHP04992,Ahmedabad,Dubai,Road,Textiles,8917,23.26,1839,LCL,112.21,Off_Peak,Carrier_A,8,49295
SHP04993,Bengaluru,New York,Road,Food Products,6117,19.96,14609,40FT_HC,109.68,Off_Peak,Carrier_A,33,313382
SHP04994,Visakhapatnam,Shanghai,Sea,Machinery,7915,22.77,6031,LCL,88.83,Normal,Carrier_E,17,59369
SHP04995,Chennai,Los Angeles,Air,Furniture,285,1.32,15285,AIR_CARGO,88.65,Off_Peak,Carrier_A,15,595442
SHP04996,Cochin,Colombo,Road,General Cargo,12544,37.55,11438,20FT,111.24,Normal,Carrier_D,26,225986
SHP04997,Pune,Colombo,Sea,Automotive Parts,6428,21.03,7825,LCL,95.83,Off_Peak,Carrier_E,19,62424
SHP04998,Delhi,Antwerp,Air,Chemicals,2162,8.93,5006,AIR_CARGO,84.19,Peak,Carrier_C,7,440534
SHP04999,Delhi,Dubai,Air,Automotive Parts,2422,12.91,2197,AIR_CARGO,97.62,Off_Peak,Carrier_C,5,212006
SHP05000,Hyderabad,New York,Road,Food Products,10552,31.57,10345,40FT_HC,107.08,Normal,Carrier_D,24,278648